index,session,date,barInSession,open,high,low,close,volume,ema20,ema200,warmup
0,-399,2005-02-24,1,1190.800048828125,1200.4200439453125,1187.800048828125,1200.199951171875,1518750000,1200.199951171875,1200.199951171875,True
1,-398,2005-02-25,1,1200.199951171875,1212.1500244140625,1199.6099853515625,1211.3699951171875,1523680000,1201.2637648809525,1200.311095887749,True
2,-397,2005-02-28,1,1211.3699951171875,1211.3699951171875,1198.1300048828125,1203.5999755859375,1795480000,1201.4862611385702,1200.3438210588754,True
3,-396,2005-03-01,1,1203.5999755859375,1212.25,1203.5999755859375,1210.4100341796875,1708060000,1202.3361442853432,1200.4439823834605,True
4,-395,2005-03-02,1,1210.4100341796875,1215.7900390625,1204.219970703125,1210.0799560546875,1568540000,1203.0736501681379,1200.5398627184975,True
5,-394,2005-03-03,1,1210.0799560546875,1215.719970703125,1204.449951171875,1210.469970703125,1616240000,1203.7780616476605,1200.6386697631206,True
6,-393,2005-03-04,1,1210.469970703125,1224.760009765625,1210.469970703125,1222.1199951171875,1636820000,1205.524912454282,1200.8524142940068,True
7,-392,2005-03-07,1,1222.1199951171875,1229.1099853515625,1222.1199951171875,1225.31005859375,1488830000,1207.4092120866123,1201.0957739387804,True
8,-391,2005-03-08,1,1225.31005859375,1225.68994140625,1218.5699462890625,1219.4300537109375,1523090000,1208.5540541460718,1201.2782045832796,True
9,-390,2005-03-09,1,1219.4300537109375,1219.4300537109375,1206.6600341796875,1207.010009765625,1704970000,1208.407002300315,1201.3352374706662,True
10,-389,2005-03-10,1,1207.010009765625,1211.22998046875,1201.4100341796875,1209.25,1604020000,1208.4872877955233,1201.4139913266795,True
11,-388,2005-03-11,1,1209.25,1213.0400390625,1198.1500244140625,1200.0799560546875,1449820000,1207.6865895344913,1201.4007173438736,True
12,-387,2005-03-14,1,1200.0799560546875,1206.8299560546875,1199.510009765625,1206.8299560546875,1437430000,1207.6050053935578,1201.4547396196033,True
13,-386,2005-03-15,1,1206.8299560546875,1210.5400390625,1197.75,1197.75,1513530000,1206.6664334513143,1201.4178765388112,True
14,-385,2005-03-16,1,1197.75,1197.75,1185.6099853515625,1188.0699462890625,1653190000,1204.8953394358616,1201.2850613124456,True
15,-384,2005-03-17,1,1188.0699462890625,1193.280029296875,1186.3399658203125,1190.2099609375,1581930000,1203.4967319598272,1201.1748613087148,True
16,-383,2005-03-18,1,1190.2099609375,1191.97998046875,1182.780029296875,1189.6500244140625,2344370000,1202.1779979078497,1201.060186314738,True
17,-382,2005-03-21,1,1189.6500244140625,1189.6500244140625,1178.8199462890625,1183.780029296875,1819440000,1200.42581042109,1200.888244453864,True
18,-381,2005-03-22,1,1183.780029296875,1189.5899658203125,1171.6300048828125,1171.7099609375,2114470000,1197.690967613129,1200.5979132745967,True
19,-380,2005-03-23,1,1171.7099609375,1176.260009765625,1168.699951171875,1172.530029296875,2246870000,1195.2946877734857,1200.3186308469578,True
20,-379,2005-03-24,1,1172.530029296875,1180.1099853515625,1171.4200439453125,1171.4200439453125,1721720000,1193.0209121708026,1200.0310827185833,True
21,-378,2005-03-28,1,1171.4200439453125,1179.9100341796875,1171.4200439453125,1174.280029296875,1746220000,1191.2360661828095,1199.7748533313027,True
22,-377,2005-03-29,1,1174.280029296875,1179.3900146484375,1163.68994140625,1165.3599853515625,2223250000,1188.7716775322144,1199.432416833992,True
23,-376,2005-03-30,1,1165.3599853515625,1181.5400390625,1165.3599853515625,1181.4100341796875,2097110000,1188.0705686414974,1199.2530896434018,True
24,-375,2005-03-31,1,1181.4100341796875,1184.530029296875,1179.489990234375,1180.5899658203125,2214230000,1187.3581302775751,1199.0673869187942,True
25,-374,2005-04-01,1,1180.5899658203125,1189.800048828125,1169.9100341796875,1172.9200439453125,2168690000,1185.9830744364072,1198.8072143518941,True
26,-373,2005-04-04,1,1172.7900390625,1178.6099853515625,1167.719970703125,1176.1199951171875,2079770000,1185.0437335488625,1198.581470876922,True
27,-372,2005-04-05,1,1176.1199951171875,1183.56005859375,1176.1199951171875,1181.3900146484375,1870800000,1184.6957603202507,1198.410411610967,True
28,-371,2005-04-06,1,1181.3900146484375,1189.3399658203125,1181.3900146484375,1184.0699462890625,1797400000,1184.636158983947,1198.2677204137342,True
29,-370,2005-04-07,1,1184.0699462890625,1191.8800048828125,1183.81005859375,1191.1400146484375,1900620000,1185.2555738091366,1198.1967979683084,True
30,-369,2005-04-08,1,1191.1400146484375,1191.75,1181.1300048828125,1181.199951171875,1661330000,1184.8693240341593,1198.0276751146125,True
31,-368,2005-04-11,1,1181.199951171875,1184.0699462890625,1178.68994140625,1181.2099609375,1525310000,1184.5208132630487,1197.8603346750392,True
32,-367,2005-04-12,1,1181.2099609375,1190.1700439453125,1170.8499755859375,1187.760009765625,1979830000,1184.8293081680558,1197.759833929672,True
33,-366,2005-04-13,1,1187.760009765625,1187.760009765625,1171.4000244140625,1173.7900390625,2049740000,1183.777949205622,1197.5213285081081,True
34,-365,2005-04-14,1,1173.7900390625,1174.6700439453125,1161.699951171875,1162.050048828125,2355040000,1181.708625360146,1197.1683804515908,True
35,-364,2005-04-15,1,1162.050048828125,1162.050048828125,1141.9200439453125,1142.6199951171875,2689960000,1177.9858986703405,1196.6256104482636,True
36,-363,2005-04-18,1,1142.6199951171875,1148.9200439453125,1139.800048828125,1145.97998046875,2180670000,1174.9377159844746,1196.121673831552,True
37,-362,2005-04-19,1,1145.97998046875,1154.6700439453125,1145.97998046875,1152.780029296875,2142700000,1172.8274601094652,1195.6904136869284,True
38,-361,2005-04-20,1,1152.780029296875,1155.5,1136.1500244140625,1137.5,2217050000,1169.4629400990398,1195.1114045955162,True
39,-360,2005-04-21,1,1137.5,1159.949951171875,1137.5,1159.949951171875,2308560000,1168.5569411535955,1194.7615393873207,True
40,-359,2005-04-22,1,1159.949951171875,1159.949951171875,1142.949951171875,1152.1199951171875,2045880000,1166.9915177215566,1194.3372454144835,True
41,-358,2005-04-25,1,1152.1199951171875,1164.050048828125,1152.1199951171875,1162.0999755859375,1795030000,1166.5256565657835,1194.0164765604682,True
42,-357,2005-04-26,1,1162.0999755859375,1164.800048828125,1151.8299560546875,1151.8299560546875,1959740000,1165.126066040917,1193.5967101872764,True
43,-356,2005-04-27,1,1151.739990234375,1159.8699951171875,1144.4200439453125,1156.3800048828125,2151520000,1164.2931078353831,1193.22639471161,True
44,-355,2005-04-28,1,1156.3800048828125,1156.3800048828125,1143.219970703125,1143.219970703125,2182270000,1162.2861423942159,1192.7288183533167,True
45,-354,2005-04-29,1,1143.219970703125,1156.969970703125,1139.18994140625,1156.8499755859375,2362360000,1161.768412221999,1192.3718149426961,True
46,-353,2005-05-02,1,1156.8499755859375,1162.8699951171875,1154.7099609375,1162.1600341796875,1980040000,1161.8057095513025,1192.071200208736,True
47,-352,2005-05-03,1,1162.1600341796875,1166.8900146484375,1156.7099609375,1161.1700439453125,2167020000,1161.7451699697797,1191.7637260170602,True
48,-351,2005-05-04,1,1161.1700439453125,1176.010009765625,1161.1700439453125,1175.6500244140625,2306480000,1163.069441821616,1191.6033906777268,True
49,-350,2005-05-05,1,1175.6500244140625,1178.6199951171875,1166.77001953125,1172.6300048828125,1997100000,1163.979971636968,1191.4146007693198,True
50,-349,2005-05-06,1,1172.6300048828125,1177.75,1170.5,1171.3499755859375,1707200000,1164.681876774965,1191.214952757545,True
51,-348,2005-05-09,1,1171.3499755859375,1178.8699951171875,1169.3800048828125,1178.8399658203125,1857020000,1166.0302662078554,1191.0918185591645,True
52,-347,2005-05-10,1,1178.8399658203125,1178.8399658203125,1162.97998046875,1166.219970703125,1889660000,1166.048333302643,1190.84433748597,True
53,-346,2005-05-11,1,1166.219970703125,1171.77001953125,1157.7099609375,1171.1099853515625,1834970000,1166.53039540254,1190.64797577319,True
54,-345,2005-05-12,1,1171.1099853515625,1173.3699951171875,1157.760009765625,1159.3599853515625,1995290000,1165.847499207209,1190.3366524854125,True
55,-344,2005-05-13,1,1159.3599853515625,1163.75,1146.1800537109375,1154.050048828125,2188590000,1164.723932504439,1189.9755917525042,True
56,-343,2005-05-16,1,1154.050048828125,1165.75,1153.6400146484375,1165.68994140625,1856860000,1164.8159333522306,1189.7339434903524,True
57,-342,2005-05-17,1,1165.68994140625,1174.3499755859375,1159.8599853515625,1173.800048828125,1887260000,1165.6715633975539,1189.5753972748078,True
58,-341,2005-05-18,1,1173.800048828125,1187.9000244140625,1173.800048828125,1185.56005859375,2266320000,1167.5657057971916,1189.5354436560908,True
59,-340,2005-05-19,1,1185.56005859375,1191.0899658203125,1184.489990234375,1191.0799560546875,1775860000,1169.8051582026676,1189.550811938664,True
60,-339,2005-05-20,1,1191.0799560546875,1191.219970703125,1185.18994140625,1189.280029296875,1631750000,1171.6599078306872,1189.5481175840196,True
61,-338,2005-05-23,1,1189.280029296875,1197.43994140625,1188.760009765625,1193.8599853515625,1681170000,1173.7742009279134,1189.5910217409105,True
62,-337,2005-05-24,1,1193.8599853515625,1195.2900390625,1189.8699951171875,1194.0699462890625,1681000000,1175.7071290575466,1189.635588154325,True
63,-336,2005-05-25,1,1194.0699462890625,1194.0699462890625,1185.9599609375,1190.010009765625,1742180000,1177.0693081726017,1189.6393137424973,True
64,-335,2005-05-26,1,1190.010009765625,1198.949951171875,1190.010009765625,1197.6199951171875,1654110000,1179.0265164530385,1189.7187235074198,True
65,-334,2005-05-27,1,1197.6199951171875,1199.56005859375,1195.280029296875,1198.780029296875,1381430000,1180.9078033905466,1189.808885754081,True
66,-333,2005-05-31,1,1198.780029296875,1198.780029296875,1191.5,1191.5,1840680000,1181.9165840200183,1189.8257127615032,True
67,-332,2005-06-01,1,1191.5,1205.6400146484375,1191.030029296875,1202.219970703125,1810100000,1183.8502398945998,1189.9490387111712,True
68,-331,2005-06-02,1,1202.27001953125,1204.6700439453125,1198.4200439453125,1204.2900390625,1813790000,1185.7968874343999,1190.09173523208,True
69,-330,2005-06-03,1,1204.2900390625,1205.0899658203125,1194.550048828125,1196.02001953125,1627520000,1186.7705190626714,1190.1507231355545,True
70,-329,2005-06-06,1,1196.02001953125,1198.780029296875,1192.75,1197.510009765625,1547120000,1187.793327701048,1190.223949868192,True
71,-328,2005-06-07,1,1197.510009765625,1208.8499755859375,1197.260009765625,1197.260009765625,1851370000,1188.6949164691027,1190.293960414435,True
72,-327,2005-06-08,1,1197.260009765625,1201.969970703125,1193.3299560546875,1194.6700439453125,1715490000,1189.2639762287417,1190.3375035341455,True
73,-326,2005-06-09,1,1194.6700439453125,1201.8599853515625,1191.0899658203125,1200.9300537109375,1824120000,1190.375031227046,1190.4429020433674,True
74,-325,2005-06-10,1,1200.9300537109375,1202.7900390625,1192.6400146484375,1198.1099853515625,1664180000,1191.111693524619,1190.5191914295187,True
75,-324,2005-06-13,1,1198.1099853515625,1206.030029296875,1194.510009765625,1200.8199462890625,1661350000,1192.0362890259946,1190.6216865027482,True
76,-323,2005-06-14,1,1200.8199462890625,1207.530029296875,1200.1800537109375,1203.9100341796875,1698150000,1193.167121897775,1190.753908867693,True
77,-322,2005-06-15,1,1203.9100341796875,1208.0799560546875,1198.6600341796875,1206.5799560546875,1840440000,1194.4445346746238,1190.9113819740314,True
78,-321,2005-06-16,1,1206.550048828125,1212.0999755859375,1205.469970703125,1210.9599609375,1776040000,1196.0174324139455,1191.1108703219268,True
79,-320,2005-06-17,1,1210.9300537109375,1219.550048828125,1210.9300537109375,1216.9599609375,2407370000,1198.0119589399983,1191.3680752036737,True
80,-319,2005-06-20,1,1216.9599609375,1219.0999755859375,1210.6500244140625,1216.0999755859375,1714530000,1199.7346271919926,1191.6141637646913,True
81,-318,2005-06-21,1,1216.0999755859375,1217.1300048828125,1211.8599853515625,1213.6099853515625,1720700000,1201.0560898738563,1191.8330276610782,True
82,-317,2005-06-22,1,1213.6099853515625,1219.5899658203125,1211.68994140625,1213.8800048828125,1823250000,1202.2774151128046,1192.052400568757,True
83,-316,2005-06-23,1,1213.8800048828125,1216.449951171875,1200.719970703125,1200.72998046875,2029920000,1202.1300403847995,1192.1387446473639,True
84,-315,2005-06-24,1,1200.72998046875,1200.9000244140625,1191.449951171875,1191.5699462890625,2418800000,1201.1243171375866,1192.1330849622066,True
85,-314,2005-06-27,1,1191.5699462890625,1194.3299560546875,1188.300048828125,1190.68994140625,1738620000,1200.1305670679353,1192.118725324834,True
86,-313,2005-06-28,1,1190.68994140625,1202.5400390625,1190.68994140625,1201.5699462890625,1772410000,1200.2676508032807,1192.2127673244781,True
87,-312,2005-06-29,1,1201.5699462890625,1204.0699462890625,1198.699951171875,1199.8499755859375,1769280000,1200.2278722111528,1192.2887594464828,True
88,-311,2005-06-30,1,1199.8499755859375,1203.27001953125,1190.510009765625,1191.3299560546875,2109490000,1199.3804516248226,1192.2792191142262,True
89,-310,2005-07-01,1,1191.3299560546875,1197.8900146484375,1191.3299560546875,1194.43994140625,1593820000,1198.9099268421014,1192.300718838525,True
90,-309,2005-07-05,1,1194.43994140625,1206.3399658203125,1192.489990234375,1204.989990234375,1805820000,1199.4889804985085,1192.426980245449,True
91,-308,2005-07-06,1,1204.989990234375,1206.1099853515625,1194.780029296875,1194.93994140625,1883470000,1199.0557386801981,1192.4519848341138,True
92,-307,2005-07-07,1,1194.93994140625,1198.4599609375,1183.550048828125,1197.8699951171875,1952440000,1198.9428107218162,1192.505895384194,True
93,-306,2005-07-08,1,1197.8699951171875,1212.72998046875,1197.199951171875,1211.8599853515625,1900810000,1200.173017829411,1192.6984733938198,True
94,-305,2005-07-11,1,1211.8599853515625,1220.030029296875,1211.8599853515625,1219.43994140625,1846300000,1202.0079629319673,1192.96455765265,True
95,-304,2005-07-12,1,1219.43994140625,1225.5400390625,1216.5999755859375,1222.2099609375,1932010000,1203.931962742018,1193.2555566903102,True
96,-303,2005-07-13,1,1222.2099609375,1224.4599609375,1219.6400146484375,1223.2900390625,1812500000,1205.7755890582544,1193.5544072611779,True
97,-302,2005-07-14,1,1223.2900390625,1233.1600341796875,1223.2900390625,1226.5,2048710000,1207.7493424812778,1193.8822241043504,True
98,-301,2005-07-15,1,1226.5,1229.530029296875,1223.5,1227.9200439453125,1716400000,1209.6703616683287,1194.2209088788873,True
99,-300,2005-07-18,1,1227.9200439453125,1227.9200439453125,1221.1300048828125,1221.1300048828125,1582100000,1210.7617562601843,1194.4886610779313,True
100,-299,2005-07-19,1,1221.1300048828125,1230.3399658203125,1221.1300048828125,1229.3499755859375,2041280000,1212.532062862637,1194.8355398292547,True
101,-298,2005-07-20,1,1229.3499755859375,1236.56005859375,1222.9100341796875,1235.199951171875,2063340000,1214.6909093682789,1195.2371757630121,True
102,-297,2005-07-21,1,1235.199951171875,1235.8299560546875,1224.699951171875,1227.0400390625,2129840000,1215.8670169582047,1195.5536221640023,True
103,-296,2005-07-22,1,1227.0400390625,1234.18994140625,1226.1500244140625,1233.6800537109375,1766990000,1217.5634966489413,1195.932989642081,True
104,-295,2005-07-25,1,1233.6800537109375,1238.3599853515625,1228.1500244140625,1229.030029296875,1717580000,1218.655547377316,1196.2623134197406,True
105,-294,2005-07-26,1,1229.030029296875,1234.4200439453125,1229.030029296875,1231.1600341796875,1934180000,1219.8464508823038,1196.6095544223274,True
106,-293,2005-07-27,1,1231.1600341796875,1237.6400146484375,1230.1500244140625,1236.7900390625,1945800000,1221.4601259470844,1197.0093602396425,True
107,-292,2005-07-28,1,1236.7900390625,1245.1500244140625,1235.81005859375,1243.719970703125,2001680000,1223.5801111619453,1197.474142433309,True
108,-291,2005-07-29,1,1243.719970703125,1245.0400390625,1234.1800537109375,1234.1800537109375,1789600000,1224.5896294999445,1197.8393753813452,True
109,-290,2005-08-01,1,1234.1800537109375,1239.0999755859375,1233.800048828125,1235.3499755859375,1716870000,1225.6144243652773,1198.212615184376,True
110,-289,2005-08-02,1,1235.3499755859375,1244.68994140625,1235.3499755859375,1244.1199951171875,2043120000,1227.376859674983,1198.669405034454,True
111,-288,2005-08-03,1,1244.1199951171875,1245.8599853515625,1240.5699462890625,1245.0400390625,1999980000,1229.0590672356989,1199.1308043780168,True
112,-287,2005-08-04,1,1245.0400390625,1245.0400390625,1235.1500244140625,1235.8599853515625,1981220000,1229.706773722924,1199.4962688653159,True
113,-286,2005-08-05,1,1235.8599853515625,1235.8599853515625,1225.6199951171875,1226.4200439453125,1930280000,1229.393751839342,1199.7641671248184,True
114,-285,2005-08-08,1,1226.4200439453125,1232.280029296875,1222.6700439453125,1223.1300048828125,1804140000,1228.7972045101487,1199.996663022908,True
115,-284,2005-08-09,1,1223.1300048828125,1234.1099853515625,1223.1300048828125,1231.3800048828125,1897520000,1229.0431854980213,1200.3089350812156,True
116,-283,2005-08-10,1,1231.3800048828125,1242.68994140625,1226.5799560546875,1229.1300048828125,2172320000,1229.0514540108586,1200.595711895162,True
117,-282,2005-08-11,1,1229.1300048828125,1237.81005859375,1228.3299560546875,1237.81005859375,1941560000,1229.8856068282769,1200.966003902113,True
118,-281,2005-08-12,1,1237.81005859375,1237.81005859375,1225.8699951171875,1230.3900146484375,1709300000,1229.9336456682922,1201.2587801284446,True
119,-280,2005-08-15,1,1230.4000244140625,1236.239990234375,1226.199951171875,1233.8699951171875,1562880000,1230.3085360919965,1201.5832698298252,True
120,-279,2005-08-16,1,1233.8699951171875,1233.8699951171875,1219.050048828125,1219.3399658203125,1820410000,1229.2639103518363,1201.759953372019,True
121,-278,2005-08-17,1,1219.3399658203125,1225.6300048828125,1218.0699462890625,1220.239990234375,1859150000,1228.4044893882685,1201.9438343358236,True
122,-277,2005-08-18,1,1220.239990234375,1222.6400146484375,1215.9300537109375,1219.02001953125,1808170000,1227.5107303542668,1202.1137466263253,True
123,-276,2005-08-19,1,1219.02001953125,1225.0799560546875,1219.02001953125,1219.7099609375,1558790000,1226.7677999336224,1202.2888333358892,True
124,-275,2005-08-22,1,1219.7099609375,1228.9599609375,1216.469970703125,1221.72998046875,1621330000,1226.2880076036345,1202.4822775859675,True
125,-274,2005-08-23,1,1221.72998046875,1223.0400390625,1214.43994140625,1217.5899658203125,1678620000,1225.4596226718895,1202.6326028420306,True
126,-273,2005-08-24,1,1217.5699462890625,1224.1500244140625,1209.3699951171875,1209.5899658203125,1930800000,1223.948226781263,1202.7018303343518,True
127,-272,2005-08-25,1,1209.5899658203125,1213.72998046875,1209.5699462890625,1212.3699951171875,1571110000,1222.845538051351,1202.798030978957,True
128,-271,2005-08-26,1,1212.4000244140625,1212.4000244140625,1204.22998046875,1205.0999755859375,1541090000,1221.1554844832165,1202.8209359004197,True
129,-270,2005-08-29,1,1205.0999755859375,1214.280029296875,1201.530029296875,1212.280029296875,1599450000,1220.3102030368984,1202.915056232723,True
130,-269,2005-08-30,1,1212.280029296875,1212.280029296875,1201.0699462890625,1208.4100341796875,1916470000,1219.176853621926,1202.9697326302053,True
131,-268,2005-08-31,1,1208.4100341796875,1220.3599853515625,1204.4000244140625,1220.3299560546875,2365510000,1219.2866729012367,1203.1424711717425,True
132,-267,2005-09-01,1,1220.3299560546875,1227.2900390625,1216.1800537109375,1221.5899658203125,2229860000,1219.5060341316248,1203.3260283324248,True
133,-266,2005-09-02,1,1221.5899658203125,1224.449951171875,1217.75,1218.02001953125,1640160000,1219.3645089315892,1203.472237200075,True
134,-265,2005-09-06,1,1218.02001953125,1233.6099853515625,1218.02001953125,1233.3900146484375,1932090000,1220.7002713808129,1203.7699265279193,True
135,-264,2005-09-07,1,1233.3900146484375,1237.06005859375,1230.9300537109375,1236.3599853515625,2067700000,1222.1916727113605,1204.0942057201944,True
136,-263,2005-09-08,1,1236.3599853515625,1236.3599853515625,1229.510009765625,1231.6700439453125,1955380000,1223.0943747336419,1204.3685921701956,True
137,-262,2005-09-09,1,1231.6700439453125,1243.1300048828125,1231.6700439453125,1241.47998046875,1992560000,1224.845384803652,1204.737859715455,True
138,-261,2005-09-12,1,1241.47998046875,1242.5999755859375,1239.1500244140625,1240.56005859375,1938050000,1226.342020402709,1205.0942995052887,True
139,-260,2005-09-13,1,1240.5699462890625,1240.5699462890625,1231.199951171875,1231.199951171875,2082360000,1226.8046804759629,1205.3540572333145,True
140,-259,2005-09-14,1,1231.199951171875,1234.739990234375,1226.1600341796875,1227.1600341796875,1986750000,1226.8385236858414,1205.5710321283034,True
141,-258,2005-09-15,1,1227.1600341796875,1231.8800048828125,1224.8499755859375,1227.72998046875,2079340000,1226.9234243318328,1205.791519176467,True
142,-257,2005-09-16,1,1228.4200439453125,1237.949951171875,1228.4200439453125,1237.9100341796875,3152470000,1227.9697681268667,1206.1111063904295,True
143,-256,2005-09-19,1,1237.9100341796875,1237.9100341796875,1227.6500244140625,1231.02001953125,2076540000,1228.2602682606175,1206.3589562724278,True
144,-255,2005-09-20,1,1231.02001953125,1236.489990234375,1220.0699462890625,1221.3399658203125,2319250000,1227.6011918377314,1206.5080210440485,True
145,-254,2005-09-21,1,1221.3399658203125,1221.52001953125,1209.8900146484375,1210.199951171875,2548150000,1225.9439308219355,1206.544756667211,True
146,-253,2005-09-22,1,1210.199951171875,1216.6400146484375,1205.3499755859375,1214.6199951171875,2424720000,1224.8654607548165,1206.6251072985542,True
147,-252,2005-09-23,1,1214.6199951171875,1218.8299560546875,1209.800048828125,1215.2900390625,1973020000,1223.9535158317387,1206.7113255250613,True
148,-251,2005-09-26,1,1215.2900390625,1222.56005859375,1211.8399658203125,1215.6300048828125,2022220000,1223.1608005032695,1206.8000686032478,True
149,-250,2005-09-27,1,1215.6300048828125,1220.1700439453125,1211.1099853515625,1215.6600341796875,1976270000,1222.4464418057855,1206.888227464705,True
150,-249,2005-09-28,1,1215.6600341796875,1220.97998046875,1212.719970703125,1216.8900146484375,2106980000,1221.9172582669905,1206.9877477351902,True
151,-248,2005-09-29,1,1216.8900146484375,1228.699951171875,1211.5400390625,1227.6800537109375,2176120000,1222.4660959283187,1207.1936413269887,True
152,-247,2005-09-30,1,1227.6800537109375,1229.5699462890625,1225.219970703125,1228.81005859375,2097520000,1223.070282848836,1207.408730056011,True
153,-246,2005-10-03,1,1228.81005859375,1233.3399658203125,1225.1500244140625,1226.699951171875,2097490000,1223.4159655462684,1207.600682504925,True
154,-245,2005-10-04,1,1226.699951171875,1229.8800048828125,1214.02001953125,1214.469970703125,2341420000,1222.5639660373977,1207.6690336312754,True
155,-244,2005-10-05,1,1214.469970703125,1214.469970703125,1196.25,1196.3900146484375,2546780000,1220.0712087622587,1207.55680458667,True
156,-243,2005-10-06,1,1196.3900146484375,1202.1400146484375,1181.9200439453125,1191.489990234375,2792030000,1217.3491879500793,1207.396935787145,True
157,-242,2005-10-07,1,1191.489990234375,1199.7099609375,1191.4599609375,1195.9000244140625,2126080000,1215.3064104704588,1207.2825386590546,True
158,-241,2005-10-10,1,1195.9000244140625,1196.52001953125,1186.1199951171875,1187.3299560546875,2195990000,1212.6419862403854,1207.084005498812,True
159,-240,2005-10-11,1,1187.3299560546875,1193.0999755859375,1183.1600341796875,1184.8699951171875,2299040000,1209.9970347048427,1206.862970569642,True
160,-239,2005-10-12,1,1184.8699951171875,1190.02001953125,1173.6500244140625,1177.6800537109375,2491280000,1206.9192269911373,1206.572593287466,True
161,-238,2005-10-13,1,1177.6800537109375,1179.56005859375,1168.199951171875,1176.8399658203125,2351150000,1204.0545354510589,1206.276746247992,True
162,-237,2005-10-14,1,1176.8399658203125,1187.1300048828125,1175.43994140625,1186.5699462890625,2188940000,1202.3893364832497,1206.0806586862116,True
163,-236,2005-10-17,1,1186.5699462890625,1191.2099609375,1184.47998046875,1190.0999755859375,2054570000,1201.218921159696,1205.9216469140695,True
164,-235,2005-10-18,1,1190.0999755859375,1190.0999755859375,1178.1300048828125,1178.1400146484375,2197010000,1199.0209300633858,1205.6452127621726,True
165,-234,2005-10-19,1,1178.1400146484375,1195.760009765625,1170.550048828125,1195.760009765625,2703590000,1198.7103662255038,1205.5468525333513,True
166,-233,2005-10-20,1,1195.760009765625,1197.300048828125,1173.300048828125,1177.800048828125,2617250000,1196.7189074257533,1205.2707649342944,True
167,-232,2005-10-21,1,1177.800048828125,1186.4599609375,1174.9200439453125,1179.5899658203125,2470920000,1195.0875796538064,1205.015234594852,True
168,-231,2005-10-24,1,1179.5899658203125,1199.3900146484375,1179.5899658203125,1199.3800048828125,2197790000,1195.4963820565688,1204.9591626574188,True
169,-230,2005-10-25,1,1199.3800048828125,1201.300048828125,1189.2900390625,1196.5400390625,2312470000,1195.5957779618957,1204.87539028334,True
170,-229,2005-10-26,1,1196.5400390625,1204.010009765625,1191.3800048828125,1191.3800048828125,2467750000,1195.1942757638878,1204.741107841544,True
171,-228,2005-10-27,1,1191.3800048828125,1192.6500244140625,1178.8900146484375,1178.9000244140625,2395370000,1193.6424423019996,1204.4839826333105,True
172,-227,2005-10-28,1,1178.9000244140625,1198.4100341796875,1178.9000244140625,1198.4100341796875,2379400000,1194.0964986713032,1204.4235453352646,True
173,-226,2005-10-31,1,1198.4100341796875,1211.4300537109375,1198.4100341796875,1207.010009765625,2567470000,1195.3263568707623,1204.449281299746,True
174,-225,2005-11-01,1,1207.010009765625,1207.3399658203125,1201.6600341796875,1202.760009765625,2457850000,1196.0343238131302,1204.4324726277648,True
175,-224,2005-11-02,1,1202.760009765625,1215.1700439453125,1201.0699462890625,1214.760009765625,2648090000,1197.8177224752726,1204.5352341913258,True
176,-223,2005-11-03,1,1214.760009765625,1224.699951171875,1214.760009765625,1219.93994140625,2716630000,1199.924600468699,1204.688514860131,True
177,-222,2005-11-04,1,1219.93994140625,1222.52001953125,1214.449951171875,1220.1400146484375,2050510000,1201.8498780096265,1204.8422611266813,True
178,-221,2005-11-07,1,1220.1400146484375,1224.1800537109375,1217.2900390625,1222.81005859375,1987580000,1203.8460856843049,1205.0210451810801,True
179,-220,2005-11-08,1,1222.81005859375,1222.81005859375,1216.0799560546875,1218.5899658203125,1965050000,1205.250264744877,1205.156059316794,True
180,-219,2005-11-09,1,1218.5899658203125,1226.5899658203125,1216.530029296875,1220.6500244140625,2214460000,1206.7169085228948,1205.310228123732,True
181,-218,2005-11-10,1,1220.6500244140625,1232.4100341796875,1215.050048828125,1230.9599609375,2378460000,1209.0257706576192,1205.5654493457596,True
182,-217,2005-11-11,1,1230.9599609375,1235.699951171875,1230.719970703125,1234.719970703125,1773140000,1211.4728373286198,1205.855544085634,True
183,-216,2005-11-14,1,1234.719970703125,1237.199951171875,1231.780029296875,1233.760009765625,1899780000,1213.5954251797632,1206.1332004605592,True
184,-215,2005-11-15,1,1233.760009765625,1237.93994140625,1226.4100341796875,1229.010009765625,2359370000,1215.0634808546072,1206.3608304038933,True
185,-214,2005-11-16,1,1229.010009765625,1232.239990234375,1227.1800537109375,1231.2099609375,2121580000,1216.6012408625018,1206.6080854340785,True
186,-213,2005-11-17,1,1231.2099609375,1242.9599609375,1231.2099609375,1242.800048828125,2298040000,1219.0963654306563,1206.9682044728254,True
187,-212,2005-11-18,1,1242.800048828125,1249.5799560546875,1240.7099609375,1248.27001953125,2453290000,1221.8748086783319,1207.37916780674,True
188,-211,2005-11-21,1,1248.27001953125,1255.8900146484375,1246.9000244140625,1254.8499755859375,2117350000,1225.0153007647705,1207.8515141528019,True
189,-210,2005-11-22,1,1254.8499755859375,1261.9000244140625,1251.4000244140625,1261.22998046875,2291420000,1228.4643178794352,1208.382643170871,True
190,-209,2005-11-23,1,1261.22998046875,1270.6400146484375,1259.510009765625,1265.6099853515625,1985400000,1232.002000495828,1208.9520694612263,True
191,-208,2005-11-25,1,1265.6099853515625,1268.780029296875,1265.5400390625,1268.25,724940000,1235.4541909247966,1209.5420986208162,True
192,-207,2005-11-28,1,1268.25,1268.43994140625,1257.1700439453125,1257.4599609375,2016900000,1237.549978545054,1210.0188932707335,True
193,-206,2005-11-29,1,1257.4599609375,1266.1800537109375,1257.4599609375,1257.47998046875,2268340000,1239.4480739663584,1210.4911428945943,True
194,-205,2005-11-30,1,1257.47998046875,1260.9300537109375,1249.3900146484375,1249.47998046875,2374690000,1240.4034936332528,1210.879091527173,True
195,-204,2005-12-01,1,1249.47998046875,1266.1700439453125,1249.47998046875,1264.6700439453125,2614830000,1242.714593662973,1211.4143248845673,True
196,-203,2005-12-02,1,1264.6700439453125,1266.8499755859375,1261.4200439453125,1265.0799560546875,2125580000,1244.8446281764695,1211.9483112643695,True
197,-202,2005-12-05,1,1265.0799560546875,1265.0799560546875,1258.1199951171875,1262.0899658203125,2325840000,1246.4870412854068,1212.4472332002495,True
198,-201,2005-12-06,1,1262.0899658203125,1272.8900146484375,1262.0899658203125,1263.699951171875,2110740000,1248.126366036499,1212.9572104934996,True
199,-200,2005-12-07,1,1263.699951171875,1264.8499755859375,1253.02001953125,1257.3699951171875,2093830000,1249.006711663231,1213.3991287484616,True
200,-199,2005-12-08,1,1257.3699951171875,1263.3599853515625,1250.9100341796875,1255.8399658203125,2178300000,1249.6574977734292,1213.8214256347487,True
201,-198,2005-12-09,1,1255.8399658203125,1263.0799560546875,1254.239990234375,1259.3699951171875,1896290000,1250.5824975204537,1214.274645231589,True
202,-197,2005-12-12,1,1259.3699951171875,1263.8599853515625,1255.52001953125,1260.4300537109375,1876550000,1251.5203600147856,1214.7339030274034,True
203,-196,2005-12-13,1,1260.4300537109375,1272.1099853515625,1258.56005859375,1267.4300537109375,2390020000,1253.0355689382286,1215.2582428351998,True
204,-195,2005-12-14,1,1267.4300537109375,1275.800048828125,1267.0699462890625,1272.739990234375,2145520000,1254.9121804902427,1215.8302005207638,True
205,-194,2005-12-15,1,1272.739990234375,1275.1700439453125,1267.739990234375,1270.93994140625,2180590000,1256.4386339108148,1216.3785561514653,True
206,-193,2005-12-16,1,1270.93994140625,1275.239990234375,1267.3199462890625,1267.3199462890625,2584190000,1257.4749493754098,1216.885435655322,True
207,-192,2005-12-19,1,1267.3199462890625,1270.510009765625,1259.280029296875,1259.9200439453125,2208810000,1257.7078155249244,1217.3136407129339,True
208,-191,2005-12-20,1,1259.9200439453125,1263.8599853515625,1257.2099609375,1259.6199951171875,1996690000,1257.8899278670447,1217.734599463225,True
209,-190,2005-12-21,1,1259.6199951171875,1269.3699951171875,1259.6199951171875,1262.7900390625,2065170000,1258.3566051237547,1218.1829122950587,True
210,-189,2005-12-22,1,1262.7900390625,1268.18994140625,1262.5,1268.1199951171875,1888500000,1259.286451789796,1218.6797986912989,True
211,-188,2005-12-23,1,1268.1199951171875,1269.760009765625,1265.9200439453125,1268.6600341796875,1285810000,1260.1791739221667,1219.1771144673028,True
212,-187,2005-12-27,1,1268.6600341796875,1271.8299560546875,1256.5400390625,1256.5400390625,1540470000,1259.8325896498175,1219.548884861285,True
213,-186,2005-12-28,1,1256.5400390625,1261.0999755859375,1256.5400390625,1258.1700439453125,1422360000,1259.6742519636741,1219.9331750014244,True
214,-185,2005-12-29,1,1258.1700439453125,1260.6099853515625,1254.1800537109375,1254.4200439453125,1382540000,1259.1738512000206,1220.2763279262392,True
215,-184,2005-12-30,1,1254.4200439453125,1254.4200439453125,1246.5899658203125,1248.2900390625,1443500000,1258.137297663114,1220.55507132063,True
216,-183,2006-01-03,1,1248.2900390625,1270.219970703125,1245.739990234375,1268.800048828125,2554570000,1259.1527977740675,1221.035120848068,True
217,-182,2006-01-04,1,1268.800048828125,1275.3699951171875,1267.739990234375,1273.4599609375,2515330000,1260.5153847420136,1221.5567610479627,True
218,-181,2006-01-05,1,1273.4599609375,1276.9100341796875,1270.300048828125,1273.47998046875,2433340000,1261.7501081445598,1222.0734099974234,True
219,-180,2006-01-06,1,1273.47998046875,1286.0899658203125,1273.47998046875,1285.449951171875,2446560000,1264.0072360519232,1222.704022347418,True
220,-179,2006-01-09,1,1285.449951171875,1290.780029296875,1284.8199462890625,1290.1500244140625,2301490000,1266.497025419746,1223.3751268455937,True
221,-178,2006-01-10,1,1290.1500244140625,1290.1500244140625,1283.760009765625,1289.68994140625,2373080000,1268.7058745613178,1224.0349757466947,True
222,-177,2006-01-11,1,1289.719970703125,1294.9000244140625,1288.1199951171875,1294.1800537109375,2406130000,1271.1319868612816,1224.7329367214634,True
223,-176,2006-01-12,1,1294.1800537109375,1294.1800537109375,1285.0400390625,1286.06005859375,2318350000,1272.5537079786595,1225.3431568395956,True
224,-175,2006-01-13,1,1286.06005859375,1288.9599609375,1282.780029296875,1287.6099853515625,2206510000,1273.987639157031,1225.9627272725506,True
225,-174,2006-01-17,1,1287.6099853515625,1287.6099853515625,1278.6099853515625,1282.9300537109375,2179970000,1274.8392976859745,1226.5295663415893,True
226,-173,2006-01-18,1,1282.9300537109375,1282.9300537109375,1272.0799560546875,1277.9300537109375,2233200000,1275.1336554026375,1227.0410139771052,True
227,-172,2006-01-19,1,1277.9300537109375,1287.7900390625,1277.9300537109375,1285.0400390625,2444020000,1276.0771205131007,1227.618118704323,True
228,-171,2006-01-20,1,1285.0400390625,1285.0400390625,1260.9200439453125,1261.489990234375,2845810000,1274.6878700103648,1227.9551522518857,True
229,-170,2006-01-23,1,1261.489990234375,1268.18994140625,1261.489990234375,1263.8199462890625,2256070000,1273.652829655955,1228.3120158741463,True
230,-169,2006-01-24,1,1263.8199462890625,1271.469970703125,1263.8199462890625,1266.8599853515625,2608720000,1273.0058921031557,1228.6955777594937,True
231,-168,2006-01-25,1,1266.8599853515625,1271.8699951171875,1259.4200439453125,1264.6800537109375,2617060000,1272.2129551134208,1229.0536322465728,True
232,-167,2006-01-26,1,1264.6800537109375,1276.43994140625,1264.6800537109375,1273.8299560546875,2856780000,1272.3669552030653,1229.4991678068525,True
233,-166,2006-01-27,1,1273.8299560546875,1286.3800048828125,1273.8299560546875,1283.719970703125,2623620000,1273.4481947744996,1230.0386782834323,True
234,-165,2006-01-30,1,1283.719970703125,1287.93994140625,1283.510009765625,1285.18994140625,2282730000,1274.5664563584758,1230.587447070724,True
235,-164,2006-01-31,1,1285.199951171875,1285.199951171875,1276.8499755859375,1280.0799560546875,2708310000,1275.0915515676388,1231.079909846684,True
236,-163,2006-02-01,1,1280.0799560546875,1283.3299560546875,1277.5699462890625,1282.4599609375,2589410000,1275.793304840959,1231.5911541361447,True
237,-162,2006-02-02,1,1282.4599609375,1282.4599609375,1267.719970703125,1270.8399658203125,2565300000,1275.3215582675643,1231.9816895757883,True
238,-161,2006-02-03,1,1270.8399658203125,1270.8699951171875,1261.02001953125,1264.030029296875,2282210000,1274.2461745560702,1232.3005785282369,True
239,-160,2006-02-06,1,1264.030029296875,1267.0400390625,1261.6199951171875,1265.02001953125,2132360000,1273.3674931251348,1232.6261451053813,True
240,-159,2006-02-07,1,1265.02001953125,1265.780029296875,1253.6099853515625,1254.780029296875,2366370000,1271.5972584748245,1232.846581764003,True
241,-158,2006-02-08,1,1254.780029296875,1266.469970703125,1254.780029296875,1265.6500244140625,2456860000,1271.0308552309423,1233.1729841784315,True
242,-157,2006-02-09,1,1265.6500244140625,1274.56005859375,1262.800048828125,1263.780029296875,2441920000,1270.3403003800788,1233.4775318910529,True
243,-156,2006-02-10,1,1263.8199462890625,1269.8900146484375,1254.97998046875,1266.989990234375,2290050000,1270.0212232233453,1233.8109891880015,True
244,-155,2006-02-13,1,1266.989990234375,1266.989990234375,1258.3399658203125,1262.8599853515625,1850080000,1269.3392005688897,1234.1000339259474,True
245,-154,2006-02-14,1,1262.8599853515625,1278.2099609375,1260.800048828125,1275.530029296875,2437940000,1269.9288033048883,1234.5122726858574,True
246,-153,2006-02-15,1,1275.530029296875,1281.0,1271.06005859375,1280.0,2317590000,1270.887964894899,1234.9648868879883,True
247,-152,2006-02-16,1,1280.0,1289.3900146484375,1280.0,1289.3800048828125,2251490000,1272.6491115604144,1235.5063308481358,True
248,-151,2006-02-17,1,1289.3800048828125,1289.469970703125,1284.0699462890625,1287.239990234375,2128260000,1274.0387190531726,1236.0210936280985,True
249,-150,2006-02-21,1,1287.239990234375,1291.9200439453125,1281.3299560546875,1283.030029296875,2104320000,1274.8950343144777,1236.4888442317679,True
250,-149,2006-02-22,1,1283.030029296875,1294.1700439453125,1283.030029296875,1292.6700439453125,2222380000,1276.5878923745572,1237.0478611443407,True
251,-148,2006-02-23,1,1292.6700439453125,1293.8399658203125,1285.1400146484375,1287.7900390625,2144210000,1277.6547634876947,1237.5527584370586,True
252,-147,2006-02-24,1,1287.7900390625,1292.1099853515625,1285.6199951171875,1289.4300537109375,1933010000,1278.7762196994322,1238.0689504298334,True
253,-146,2006-02-27,1,1289.4300537109375,1297.5699462890625,1289.4300537109375,1294.1199951171875,1975320000,1280.2375316439802,1238.6266722675186,True
254,-145,2006-02-28,1,1294.1199951171875,1294.1199951171875,1278.6600341796875,1280.6600341796875,2370860000,1280.277769980714,1239.044914674605,True
255,-144,2006-03-01,1,1280.6600341796875,1291.800048828125,1280.6600341796875,1291.239990234375,2308320000,1281.3217909572534,1239.5642686602744,True
256,-143,2006-03-02,1,1291.239990234375,1291.239990234375,1283.2099609375,1289.1400146484375,2494590000,1282.066383689747,1240.0575596651317,True
257,-142,2006-03-03,1,1289.1400146484375,1297.3299560546875,1284.199951171875,1287.22998046875,2152950000,1282.5581548115567,1240.526936986561,True
258,-141,2006-03-06,1,1287.22998046875,1288.22998046875,1275.6700439453125,1278.260009765625,2280190000,1282.1488076643252,1240.9023904470491,True
259,-140,2006-03-07,1,1278.260009765625,1278.260009765625,1271.1099853515625,1275.8800048828125,2268050000,1281.5517788279908,1241.2504264115842,True
260,-139,2006-03-08,1,1275.8800048828125,1280.3299560546875,1268.4200439453125,1278.469970703125,2442870000,1281.2582732922892,1241.620770135878,True
261,-138,2006-03-09,1,1278.469970703125,1282.739990234375,1272.22998046875,1272.22998046875,2140110000,1280.3984358805237,1241.9253393929216,True
262,-137,2006-03-10,1,1272.22998046875,1284.3699951171875,1271.1099853515625,1281.4200439453125,2123450000,1280.495731886694,1242.3183215277713,True
263,-136,2006-03-13,1,1281.5799560546875,1287.3699951171875,1281.5799560546875,1284.1300048828125,2070330000,1280.8418531244197,1242.7343581780704,True
264,-135,2006-03-14,1,1284.1300048828125,1298.1400146484375,1282.6700439453125,1297.47998046875,2165270000,1282.4264366810226,1243.2790907381766,True
265,-134,2006-03-15,1,1297.47998046875,1304.4000244140625,1294.969970703125,1303.02001953125,2293000000,1284.3877302858061,1243.8735278405952,True
266,-133,2006-03-16,1,1303.02001953125,1310.449951171875,1303.02001953125,1305.3299560546875,2292180000,1286.3822279780807,1244.4850345889943,True
267,-132,2006-03-17,1,1305.3299560546875,1309.7900390625,1305.3199462890625,1307.25,2549620000,1288.3696348373112,1245.1095616080092,True
268,-131,2006-03-20,1,1307.25,1310.0,1303.5899658203125,1305.0799560546875,1976830000,1289.9610940008708,1245.7062819507623,True
269,-130,2006-03-21,1,1305.0799560546875,1310.8800048828125,1295.8199462890625,1297.22998046875,2147370000,1290.6533689025737,1246.218955567857,True
270,-129,2006-03-22,1,1297.22998046875,1305.969970703125,1295.81005859375,1305.0400390625,2039810000,1292.023527965424,1246.8042399807389,True
271,-128,2006-03-23,1,1305.0400390625,1305.0400390625,1298.1099853515625,1301.6700439453125,1980940000,1292.9422437730323,1247.3501683783963,True
272,-127,2006-03-24,1,1301.6700439453125,1306.530029296875,1298.8900146484375,1302.949951171875,2326070000,1293.8953587633982,1247.9034000479833,True
273,-126,2006-03-27,1,1302.949951171875,1303.739990234375,1299.0899658203125,1301.6099853515625,2029700000,1294.6300851051283,1248.4377939316012,True
274,-125,2006-03-28,1,1301.6099853515625,1306.239990234375,1291.8399658203125,1293.22998046875,2148580000,1294.4967418064257,1248.8834873299809,True
275,-124,2006-03-29,1,1293.22998046875,1305.5999755859375,1293.22998046875,1302.8900146484375,2143540000,1295.2961011247125,1249.4208657112592,True
276,-123,2006-03-30,1,1302.8900146484375,1310.1500244140625,1296.719970703125,1300.25,2294560000,1295.767901017597,1249.9266282414956,True
277,-122,2006-03-31,1,1300.25,1303.0,1294.8699951171875,1294.8699951171875,2236710000,1295.682386169939,1250.3738259218508,True
278,-121,2006-04-03,1,1302.8800048828125,1309.18994140625,1296.6500244140625,1297.81005859375,2494080000,1295.8850216388732,1250.845828236994,True
279,-120,2006-04-04,1,1297.81005859375,1307.550048828125,1294.7099609375,1305.9300537109375,2147660000,1296.8416913600222,1251.3939299830035,True
280,-119,2006-04-05,1,1305.9300537109375,1312.81005859375,1304.8199462890625,1311.56005859375,2420020000,1298.2434406203772,1251.9925979293791,True
281,-118,2006-04-06,1,1311.56005859375,1311.989990234375,1302.43994140625,1309.0400390625,2281680000,1299.2716880910555,1252.5602341595595,True
282,-117,2006-04-07,1,1309.0400390625,1314.0699462890625,1294.1800537109375,1295.5,2082470000,1298.912479701431,1252.9874955112057,True
283,-116,2006-04-10,1,1295.510009765625,1300.739990234375,1293.1700439453125,1296.6199951171875,1898320000,1298.6941478362648,1253.4216497361408,True
284,-115,2006-04-11,1,1296.5999755859375,1300.7099609375,1282.9599609375,1286.5699462890625,2232880000,1297.5394619746266,1253.7514835326874,True
285,-114,2006-04-12,1,1286.5699462890625,1290.9300537109375,1286.449951171875,1288.1199951171875,1938100000,1296.6423698929657,1254.0934587723343,True
286,-113,2006-04-13,1,1288.1199951171875,1292.0899658203125,1283.3699951171875,1289.1199951171875,1891940000,1295.9259532476535,1254.4419815220342,True
287,-112,2006-04-17,1,1289.1199951171875,1292.449951171875,1280.739990234375,1285.3299560546875,1794650000,1294.9168106578472,1254.74932455221,True
288,-111,2006-04-18,1,1285.3299560546875,1309.02001953125,1285.3299560546875,1307.280029296875,2595440000,1296.0942600520405,1255.272018131759,True
289,-110,2006-04-19,1,1307.6500244140625,1310.3900146484375,1302.7900390625,1309.9300537109375,2447310000,1297.411954686221,1255.8158791822982,True
290,-109,2006-04-20,1,1309.9300537109375,1318.1600341796875,1306.3800048828125,1311.4599609375,2512920000,1298.7498600434856,1256.369551637574,True
291,-108,2006-04-21,1,1311.4599609375,1317.6700439453125,1306.5899658203125,1311.280029296875,2392630000,1299.9432094961894,1256.9159245496069,True
292,-107,2006-04-24,1,1311.280029296875,1311.280029296875,1303.7900390625,1308.1099853515625,2117330000,1300.7209976728916,1257.4253181894273,True
293,-106,2006-04-25,1,1308.1099853515625,1310.7900390625,1299.1700439453125,1301.739990234375,2366380000,1300.8180445835092,1257.8662601998249,True
294,-105,2006-04-26,1,1301.739990234375,1310.969970703125,1301.739990234375,1305.4100341796875,2502690000,1301.2553769260023,1258.339332577734,True
295,-104,2006-04-27,1,1305.4100341796875,1315.0,1295.5699462890625,1309.719970703125,2772010000,1302.0615287142996,1258.850582708335,True
296,-103,2006-04-28,1,1309.719970703125,1316.0400390625,1306.1600341796875,1310.6099853515625,2419920000,1302.875667441658,1259.3656016401085,True
297,-102,2006-05-01,1,1310.6099853515625,1317.2099609375,1303.4599609375,1305.18994140625,2437040000,1303.0960744859046,1259.821565219871,True
298,-101,2006-05-02,1,1305.18994140625,1313.6600341796875,1305.18994140625,1313.2099609375,2403470000,1304.059301767009,1260.3527930379569,True
299,-100,2006-05-03,1,1313.2099609375,1313.469970703125,1303.9200439453125,1308.1199951171875,2395230000,1304.4460344670258,1260.8280885810339,True
300,-99,2006-05-04,1,1307.8499755859375,1315.1400146484375,1307.8499755859375,1312.25,2431450000,1305.1892692796898,1261.339749391173,True
301,-98,2006-05-05,1,1312.25,1326.530029296875,1312.25,1325.760009765625,2294760000,1307.1483874212076,1261.9807470068392,True
302,-97,2006-05-08,1,1325.760009765625,1326.699951171875,1322.8699951171875,1324.6600341796875,2151300000,1308.8161633029677,1262.6044215060715,True
303,-96,2006-05-09,1,1324.6600341796875,1326.5999755859375,1322.47998046875,1325.1400146484375,2157290000,1310.37081581206,1263.2266662139557,True
304,-95,2006-05-10,1,1324.5699462890625,1325.510009765625,1317.43994140625,1322.8499755859375,2268550000,1311.559307219096,1263.819932973876,True
305,-94,2006-05-11,1,1322.6300048828125,1322.6300048828125,1303.449951171875,1305.9200439453125,2531520000,1311.0222345263546,1264.2388395507062,True
306,-93,2006-05-12,1,1305.8800048828125,1305.8800048828125,1290.3800048828125,1291.239990234375,2567970000,1309.138211260452,1264.5075077167128,True
307,-92,2006-05-15,1,1291.18994140625,1294.81005859375,1284.510009765625,1294.5,2505660000,1307.7440959023136,1264.8059404757505,True
308,-91,2006-05-16,1,1294.5,1297.8800048828125,1288.510009765625,1292.0799560546875,2386210000,1306.2522730596825,1265.077323715342,True
309,-90,2006-05-17,1,1291.72998046875,1291.72998046875,1267.31005859375,1270.3199462890625,2830200000,1302.8301467005758,1265.1294891140853,True
310,-89,2006-05-18,1,1270.25,1274.8900146484375,1261.75,1261.81005859375,2537490000,1298.923471642783,1265.096459954679,True
311,-88,2006-05-19,1,1261.81005859375,1272.1500244140625,1256.280029296875,1267.030029296875,2982300000,1295.8860009431726,1265.1156994506214,True
312,-87,2006-05-22,1,1267.030029296875,1268.77001953125,1252.97998046875,1262.0699462890625,2773010000,1292.6654243094476,1265.085393449014,True
313,-86,2006-05-23,1,1262.06005859375,1273.6700439453125,1256.1500244140625,1256.5799560546875,2605250000,1289.2287130470895,1265.00076223116,True
314,-85,2006-05-24,1,1256.56005859375,1264.530029296875,1245.3399658203125,1258.5699462890625,2999030000,1286.308830498706,1264.9367740128307,True
315,-84,2006-05-25,1,1258.4100341796875,1273.260009765625,1258.4100341796875,1272.8800048828125,2372730000,1285.0298947257636,1265.015811135915,True
316,-83,2006-05-26,1,1272.7099609375,1280.5400390625,1272.5,1280.1600341796875,1814020000,1284.56609848328,1265.1664999224204,True
317,-82,2006-05-30,1,1280.0400390625,1280.0400390625,1259.8699951171875,1259.8699951171875,2176190000,1282.2140886388902,1265.1137983820697,True
318,-81,2006-05-31,1,1259.3800048828125,1270.0899658203125,1259.3800048828125,1270.0899658203125,2692160000,1281.0594102752161,1265.163312485933,True
319,-80,2006-06-01,1,1270.050048828125,1285.7099609375,1269.18994140625,1285.7099609375,2360160000,1281.5023198621002,1265.3677567491327,True
320,-79,2006-06-02,1,1285.7099609375,1290.6800537109375,1280.219970703125,1288.219970703125,2295540000,1282.142096132674,1265.5951419626053,True
321,-78,2006-06-05,1,1288.1600341796875,1288.1600341796875,1264.6600341796875,1265.2900390625,2313470000,1280.537138316467,1265.5921061128531,True
322,-77,2006-06-06,1,1265.22998046875,1269.8800048828125,1254.4599609375,1263.8499755859375,2697650000,1278.9478847230832,1265.5747714807446,True
323,-76,2006-06-07,1,1263.6099853515625,1272.469970703125,1255.77001953125,1256.1500244140625,2644170000,1276.7766599317479,1265.4809929029668,True
324,-75,2006-06-08,1,1256.0799560546875,1259.8499755859375,1235.1800537109375,1257.9300537109375,3543790000,1274.9817450535757,1265.4058591796631,True
325,-74,2006-06-09,1,1257.9300537109375,1262.5799560546875,1250.030029296875,1252.300048828125,2214000000,1272.8215835082947,1265.2754531065134,True
326,-73,2006-06-12,1,1252.27001953125,1255.219970703125,1236.4300537109375,1237.43994140625,2247010000,1269.4519033080999,1264.9984828408392,True
327,-72,2006-06-13,1,1236.0799560546875,1243.3699951171875,1222.52001953125,1223.68994140625,3215770000,1265.0936212222095,1264.5874525778083,True
328,-71,2006-06-14,1,1223.6600341796875,1231.4599609375,1219.2900390625,1230.0400390625,2667990000,1261.7551848260468,1264.2436972194473,True
329,-70,2006-06-15,1,1230.010009765625,1258.6400146484375,1230.010009765625,1256.1600341796875,2775480000,1261.2223133359173,1264.1632627613403,True
330,-69,2006-06-16,1,1256.1600341796875,1256.27001953125,1246.3299560546875,1251.5400390625,2783390000,1260.3001919765443,1264.0376585454314,True
331,-68,2006-06-19,1,1251.5400390625,1255.9300537109375,1237.1700439453125,1240.1300048828125,2517200000,1258.3792217771413,1263.7997714443109,True
332,-67,2006-06-20,1,1240.1199951171875,1249.010009765625,1238.8699951171875,1240.1199951171875,2232950000,1256.6402478095267,1263.5641517793645,True
333,-66,2006-06-21,1,1240.0899658203125,1257.9599609375,1240.0899658203125,1252.199951171875,2361230000,1256.2173624154645,1263.4510751564044,True
334,-65,2006-06-22,1,1251.9200439453125,1251.9200439453125,1241.530029296875,1245.5999755859375,2148180000,1255.2061827174145,1263.2734522751064,True
335,-64,2006-06-23,1,1245.5899658203125,1253.1300048828125,1241.4300537109375,1244.5,2017270000,1254.1865462681371,1263.0866517549562,True
336,-63,2006-06-26,1,1244.5,1250.9200439453125,1243.6800537109375,1250.56005859375,1878580000,1253.841166489624,1262.9620090369342,True
337,-62,2006-06-27,1,1250.550048828125,1253.3699951171875,1238.93994140625,1239.199951171875,2203130000,1252.4467650307906,1262.7255706502174,True
338,-61,2006-06-28,1,1238.989990234375,1247.06005859375,1237.5899658203125,1246.0,2085490000,1251.8327874088106,1262.559147061658,True
339,-60,2006-06-29,1,1245.93994140625,1272.8800048828125,1245.93994140625,1272.8699951171875,2621250000,1253.8363310000846,1262.661742564698,True
340,-59,2006-06-30,1,1272.8599853515625,1276.300048828125,1270.199951171875,1270.199951171875,3049560000,1255.3947710164455,1262.7367496155157,True
341,-58,2006-07-03,1,1270.06005859375,1280.3800048828125,1270.06005859375,1280.18994140625,1114470000,1257.7562158154744,1262.9104132154237,True
342,-57,2006-07-05,1,1280.050048828125,1280.050048828125,1265.9100341796875,1270.9100341796875,2165070000,1259.00896042159,1262.9900114339735,True
343,-56,2006-07-06,1,1270.5799560546875,1278.3199462890625,1270.5799560546875,1274.0799560546875,2009160000,1260.4442933390278,1263.1003591416422,True
344,-55,2006-07-07,1,1274.0799560546875,1275.3800048828125,1263.1300048828125,1265.47998046875,1988150000,1260.9238825894777,1263.1240369657926,True
345,-54,2006-07-10,1,1265.4599609375,1274.06005859375,1264.4599609375,1267.3399658203125,1854590000,1261.5349381352714,1263.1659865066338,True
346,-53,2006-07-11,1,1267.260009765625,1273.6400146484375,1259.6500244140625,1272.4300537109375,2310850000,1262.5725681900967,1263.258166279811,True
347,-52,2006-07-12,1,1272.3900146484375,1273.31005859375,1257.2900390625,1258.5999755859375,2250450000,1262.1942260373196,1263.2118161236529,True
348,-51,2006-07-13,1,1258.5799560546875,1258.5799560546875,1241.4300537109375,1242.280029296875,2545760000,1260.2976358715628,1263.0035396378144,True
349,-50,2006-07-14,1,1242.2900390625,1242.699951171875,1228.449951171875,1236.199951171875,2467120000,1258.0026182811164,1262.736837265019,True
350,-49,2006-07-17,1,1236.199951171875,1240.0699462890625,1231.489990234375,1234.489990234375,2146410000,1255.763320371903,1262.4557741104854,True
351,-48,2006-07-18,1,1234.47998046875,1239.8599853515625,1224.5400390625,1236.8599853515625,2481750000,1253.9630027509183,1262.2010896452225,True
352,-47,2006-07-19,1,1236.739990234375,1261.81005859375,1236.739990234375,1259.81005859375,2701980000,1254.5198652121405,1262.1772982914765,True
353,-46,2006-07-20,1,1259.81005859375,1262.56005859375,1249.1300048828125,1249.1300048828125,2345580000,1254.0065451807761,1262.047474476465,True
354,-45,2006-07-21,1,1249.1199951171875,1250.9599609375,1238.719970703125,1240.2900390625,2704090000,1252.70021126475,1261.8309825817985,True
355,-44,2006-07-24,1,1240.25,1262.5,1240.25,1260.9100341796875,2312720000,1253.4820991614106,1261.821818916106,True
356,-43,2006-07-25,1,1260.9100341796875,1272.3900146484375,1257.18994140625,1268.8800048828125,2563930000,1254.9485663729727,1261.8920496222424,True
357,-42,2006-07-26,1,1268.8699951171875,1273.8900146484375,1261.93994140625,1268.4000244140625,2667710000,1256.2296576149813,1261.9568055903203,True
358,-41,2006-07-27,1,1268.199951171875,1275.8499755859375,1261.9200439453125,1263.199951171875,2776710000,1256.8934950965902,1261.969175198097,True
359,-40,2006-07-28,1,1263.1500244140625,1280.4200439453125,1263.1500244140625,1278.550048828125,2480420000,1258.956024023403,1262.1341590153113,True
360,-39,2006-07-31,1,1278.530029296875,1278.6600341796875,1274.31005859375,1276.6600341796875,2461300000,1260.6421202287634,1262.2786950865986,True
361,-38,2006-08-01,1,1278.530029296875,1278.6600341796875,1265.7099609375,1270.9200439453125,2527690000,1261.62097010653,1262.364678657332,True
362,-37,2006-08-02,1,1270.72998046875,1283.4200439453125,1270.72998046875,1277.4100341796875,2610750000,1263.1246904944499,1262.5143836874051,True
363,-36,2006-08-03,1,1278.219970703125,1283.9599609375,1271.25,1280.27001953125,2728440000,1264.757578974145,1262.6910566808763,True
364,-35,2006-08-04,1,1280.260009765625,1292.9200439453125,1273.8199462890625,1279.3599853515625,2530970000,1266.1482843434228,1262.8569166676493,True
365,-34,2006-08-07,1,1279.31005859375,1279.31005859375,1273.0,1275.77001953125,2045660000,1267.0646400755968,1262.985405253357,True
366,-33,2006-08-08,1,1275.6700439453125,1282.75,1268.3699951171875,1271.47998046875,2457840000,1267.4851486844684,1263.0699283898286,True
367,-32,2006-08-09,1,1271.1300048828125,1283.739990234375,1264.72998046875,1265.949951171875,2555180000,1267.3389393975547,1263.0985853329337,True
368,-31,2006-08-10,1,1265.719970703125,1272.550048828125,1261.300048828125,1271.81005859375,2402190000,1267.7647602733828,1263.185266658912,True
369,-30,2006-08-11,1,1271.6400146484375,1271.6400146484375,1262.0799560546875,1266.739990234375,2004540000,1267.6671631268105,1263.2206370427475,True
370,-29,2006-08-14,1,1266.6700439453125,1278.9000244140625,1266.6700439453125,1268.2099609375,2118020000,1267.7188581564,1263.2702820566258,True
371,-28,2006-08-15,1,1268.18994140625,1286.22998046875,1268.18994140625,1285.5799560546875,2334100000,1269.4199150990942,1263.4922688625766,True
372,-27,2006-08-16,1,1285.27001953125,1296.2099609375,1285.27001953125,1295.4300537109375,2554570000,1271.897071157365,1263.8100577665405,True
373,-26,2006-08-17,1,1295.3699951171875,1300.780029296875,1292.7099609375,1297.47998046875,2458340000,1274.3335387108302,1264.14508187303,True
374,-25,2006-08-18,1,1297.47998046875,1302.300048828125,1293.5699462890625,1302.300048828125,2033910000,1276.9970158648582,1264.5247332855186,True
375,-24,2006-08-21,1,1302.300048828125,1302.300048828125,1295.510009765625,1297.52001953125,1759240000,1278.9515876426096,1264.8530445914462,True
376,-23,2006-08-22,1,1297.52001953125,1302.489990234375,1294.43994140625,1298.8199462890625,1908740000,1280.8438122756052,1265.1910237128156,True
377,-22,2006-08-23,1,1298.72998046875,1301.5,1289.8199462890625,1292.989990234375,1893670000,1282.0005911288213,1265.4676303448712,True
378,-21,2006-08-24,1,1292.969970703125,1297.22998046875,1291.4000244140625,1296.06005859375,1930320000,1283.339588030243,1265.7720326160045,True
379,-20,2006-08-25,1,1295.9200439453125,1298.8800048828125,1292.3900146484375,1295.0899658203125,1667580000,1284.4586716292972,1266.0637533444055,True
380,-19,2006-08-28,1,1295.0899658203125,1305.02001953125,1293.969970703125,1301.780029296875,1834920000,1286.1083247404952,1266.4191391747784,True
381,-18,2006-08-29,1,1301.5699462890625,1305.02001953125,1295.2900390625,1304.280029296875,2093720000,1287.8389632696742,1266.7958644496252,True
382,-17,2006-08-30,1,1303.699951171875,1306.739990234375,1302.1500244140625,1305.3699951171875,2060690000,1289.50858535039,1267.1796866453226,True
383,-16,2006-08-31,1,1304.25,1306.1099853515625,1302.449951171875,1303.8199462890625,1974540000,1290.871572106454,1267.5442663432702,True
384,-15,2006-09-01,1,1303.800048828125,1312.030029296875,1303.800048828125,1311.010009765625,1800520000,1292.7895185501848,1267.9767613026966,True
385,-14,2006-09-05,1,1310.93994140625,1314.6700439453125,1308.8199462890625,1313.25,2114480000,1294.7381358311197,1268.4272412897346,True
386,-13,2006-09-06,1,1313.0400390625,1313.0400390625,1299.280029296875,1300.260009765625,2329870000,1295.264028586787,1268.7439852546688,True
387,-12,2006-09-07,1,1300.2099609375,1301.25,1292.1300048828125,1294.02001953125,2325850000,1295.1455515338787,1268.9954880832915,True
388,-11,2006-09-08,1,1294.02001953125,1300.1400146484375,1294.02001953125,1298.9200439453125,2132890000,1295.5050270016345,1269.2932448580382,True
389,-10,2006-09-11,1,1298.8599853515625,1302.3599853515625,1290.9300537109375,1299.5400390625,2506430000,1295.889313864574,1269.5942079844506,True
390,-9,2006-09-12,1,1299.530029296875,1314.280029296875,1299.530029296875,1313.0,2791580000,1297.518903020329,1270.026106412466,True
391,-8,2006-09-13,1,1312.739990234375,1319.9200439453125,1311.1199951171875,1318.0699462890625,2597220000,1299.476145236399,1270.5041545704423,True
392,-7,2006-09-14,1,1318.0,1318.0,1313.25,1316.280029296875,2351220000,1301.0765151469207,1270.959635911004,True
393,-6,2006-09-15,1,1316.280029296875,1324.6500244140625,1316.280029296875,1319.6600341796875,3198030000,1302.8463741024223,1271.4442169883043,True
394,-5,2006-09-18,1,1319.8499755859375,1324.8699951171875,1318.1600341796875,1321.1800537109375,2325080000,1304.5924388270428,1271.9391009357935,True
395,-4,2006-09-19,1,1321.1700439453125,1322.0400390625,1312.1700439453125,1317.6400146484375,2390850000,1305.835065095747,1272.3938363956208,True
396,-3,2006-09-20,1,1318.280029296875,1328.530029296875,1318.280029296875,1325.1800537109375,2543070000,1307.6774449638604,1272.919072388808,True
397,-2,2006-09-21,1,1324.8900146484375,1328.18994140625,1315.449951171875,1318.030029296875,2627440000,1308.6634053765283,1273.3679376316743,True
398,-1,2006-09-22,1,1318.030029296875,1318.030029296875,1310.93994140625,1314.780029296875,2162880000,1309.2459409879898,1273.7799982452586,True
399,0,2006-09-25,1,1314.780029296875,1329.3499755859375,1311.5799560546875,1326.3699951171875,2710240000,1310.8768032860087,1274.3032817962232,True
400,1,2006-09-26,1,1326.3499755859375,1336.5999755859375,1325.300048828125,1336.3499755859375,2673350000,1313.3028196955258,1274.920661833932,False
401,2,2006-09-27,1,1336.1199951171875,1340.0799560546875,1333.5400390625,1336.5899658203125,2749190000,1315.5206431359816,1275.5342867492195,False
402,3,2006-09-28,1,1336.56005859375,1340.280029296875,1333.75,1338.8800048828125,2397820000,1317.7453442547273,1276.16459240229,False
403,4,2006-09-29,1,1339.1500244140625,1339.8800048828125,1335.6400146484375,1335.8499755859375,2273430000,1319.4695948576998,1276.7584768120778,False
404,5,2006-10-02,1,1335.8199462890625,1338.5400390625,1330.280029296875,1331.3199462890625,2154480000,1320.598199755925,1277.3013770058787,False
405,6,2006-10-03,1,1331.3199462890625,1338.31005859375,1327.0999755859375,1334.1099853515625,2682690000,1321.885036479319,1277.866636790413,False
406,7,2006-10-04,1,1333.81005859375,1350.199951171875,1331.47998046875,1350.199951171875,3019880000,1324.581695021467,1278.5863712618702,False
407,8,2006-10-05,1,1349.8399658203125,1353.7900390625,1347.75,1353.219970703125,2817240000,1327.3091498482918,1279.3289941418827,False
408,9,2006-10-06,1,1353.219970703125,1353.219970703125,1344.2099609375,1349.5899658203125,2523000000,1329.4311323218176,1280.028108287937,False
409,10,2006-10-09,1,1349.5799560546875,1352.68994140625,1346.550048828125,1350.6600341796875,1935170000,1331.4529324987575,1280.7309135206908,False
410,11,2006-10-10,1,1350.6199951171875,1354.22998046875,1348.5999755859375,1353.4200439453125,2376140000,1333.5450383508105,1281.4541884502892,False
411,12,2006-10-11,1,1353.280029296875,1353.969970703125,1343.5699462890625,1349.949951171875,2521000000,1335.1074110004356,1282.1357383281158,False
412,13,2006-10-12,1,1349.93994140625,1363.760009765625,1349.93994140625,1362.8299560546875,2514350000,1337.7476533865547,1282.9386658676838,False
413,14,2006-10-13,1,1362.8199462890625,1366.6300048828125,1360.5,1365.6199951171875,2482920000,1340.4021621228055,1283.7613656612114,False
414,15,2006-10-16,1,1365.6099853515625,1370.199951171875,1364.47998046875,1369.06005859375,2305920000,1343.131485596229,1284.6101088744706,False
415,16,2006-10-17,1,1369.050048828125,1369.050048828125,1356.8699951171875,1364.050048828125,2519620000,1345.1237297135522,1285.4005560381886,False
416,17,2006-10-18,1,1363.9300537109375,1372.8699951171875,1360.949951171875,1365.800048828125,2658840000,1347.092902962559,1286.2005509913224,False
417,18,2006-10-19,1,1365.949951171875,1368.0899658203125,1362.06005859375,1366.9599609375,2619830000,1348.9850037220772,1287.0041272096923,False
418,19,2006-10-20,1,1366.93994140625,1368.6600341796875,1362.0999755859375,1368.5999755859375,2526410000,1350.85309628054,1287.8160261985108,False
419,20,2006-10-23,1,1368.5799560546875,1377.4000244140625,1363.93994140625,1377.02001953125,2480430000,1353.345184209179,1288.7036281222197,False
420,21,2006-10-24,1,1377.02001953125,1377.780029296875,1372.4200439453125,1377.3800048828125,2876890000,1355.634214749525,1289.585980129788,False
421,22,2006-10-25,1,1377.3599853515625,1383.6099853515625,1376.0,1382.219970703125,2953540000,1358.1661915070106,1290.5077113792738,False
422,23,2006-10-26,1,1382.2099609375,1389.449951171875,1379.469970703125,1389.0799560546875,2793350000,1361.1103595591703,1291.488529734253,False
423,24,2006-10-27,1,1388.8900146484375,1388.8900146484375,1375.8499755859375,1377.3399658203125,2458450000,1362.6560363459457,1292.342772879388,False
424,25,2006-10-30,1,1377.300048828125,1381.219970703125,1373.4599609375,1377.9300537109375,2770440000,1364.110704666421,1293.1943876140301,False
425,26,2006-10-31,1,1377.9300537109375,1381.2099609375,1372.18994140625,1377.93994140625,2803030000,1365.427774832119,1294.0376269552464,False
426,27,2006-11-01,1,1377.760009765625,1381.949951171875,1366.260009765625,1367.81005859375,2821160000,1365.6546589998934,1294.7716810014008,False
427,28,2006-11-02,1,1367.43994140625,1368.3900146484375,1362.2099609375,1367.3399658203125,2646180000,1365.815164411362,1295.493753487161,False
428,29,2006-11-03,1,1367.31005859375,1371.6800537109375,1360.97998046875,1364.300048828125,2419730000,1365.670867689149,1296.1783932417975,False
429,30,2006-11-06,1,1364.27001953125,1381.4000244140625,1364.27001953125,1379.780029296875,2533550000,1367.0145973660753,1297.0102503169724,False
430,31,2006-11-07,1,1379.75,1388.18994140625,1379.18994140625,1382.8399658203125,2636390000,1368.5217753140978,1297.864277336906,False
431,32,2006-11-08,1,1382.5,1388.6099853515625,1379.3299560546875,1385.719970703125,2814820000,1370.1596986844813,1298.7384633405502,False
432,33,2006-11-09,1,1385.4300537109375,1388.9200439453125,1377.31005859375,1378.3299560546875,3012050000,1370.9378184340248,1299.5304184919348,False
433,34,2006-11-10,1,1378.3299560546875,1381.0400390625,1375.5999755859375,1380.9000244140625,2290200000,1371.886599955933,1300.3400663120556,False
434,35,2006-11-13,1,1380.5799560546875,1387.6099853515625,1378.800048828125,1384.4200439453125,2386340000,1373.0802612882549,1301.176683004924,False
435,36,2006-11-14,1,1384.3599853515625,1394.489990234375,1379.0699462890625,1393.219970703125,3027480000,1374.998328851576,1302.0925366138613,False
436,37,2006-11-15,1,1392.9100341796875,1401.3499755859375,1392.1300048828125,1396.5699462890625,2831130000,1377.052768607527,1303.032610341973,False
437,38,2006-11-16,1,1396.530029296875,1403.760009765625,1396.530029296875,1399.760009765625,2835730000,1379.2153630035364,1303.9950720277805,False
438,39,2006-11-17,1,1399.760009765625,1401.2099609375,1394.550048828125,1401.199951171875,2726100000,1381.3091333052828,1304.9622847555825,False
439,40,2006-11-20,1,1401.1700439453125,1404.3699951171875,1397.8499755859375,1400.5,2546710000,1383.1368348952558,1305.9129087878653,False
440,41,2006-11-21,1,1400.4300537109375,1403.489990234375,1399.989990234375,1402.81005859375,2597940000,1385.0104752474936,1306.8770595322026,False
441,42,2006-11-22,1,1402.68994140625,1407.8900146484375,1402.260009765625,1406.0899658203125,2237710000,1387.0180457782383,1307.8642526295969,False
442,43,2006-11-24,1,1405.93994140625,1405.93994140625,1399.25,1400.949951171875,832550000,1388.3448939109655,1308.7904784857392,False
443,44,2006-11-27,1,1400.949951171875,1400.949951171875,1381.43994140625,1381.9599609375,2711210000,1387.7368050563498,1309.5185330374982,False
444,45,2006-11-28,1,1381.6099853515625,1387.9100341796875,1377.8299560546875,1386.719970703125,2639750000,1387.6399636893761,1310.2867065466091,False
445,46,2006-11-29,1,1386.1099853515625,1401.1400146484375,1386.1099853515625,1399.47998046875,2790970000,1388.7675843350307,1311.174201809516,False
446,47,2006-11-30,1,1399.469970703125,1406.300048828125,1393.8299560546875,1400.6300048828125,4006230000,1389.8973386729147,1312.064309302783,False
447,48,2006-12-01,1,1400.6300048828125,1402.4599609375,1385.9300537109375,1396.7099609375,2800980000,1390.5461598409704,1312.9065545926805,False
448,49,2006-12-04,1,1396.6700439453125,1411.22998046875,1396.6700439453125,1409.1199951171875,2766320000,1392.3150965339435,1313.8639022595912,False
449,50,2006-12-05,1,1409.0999755859375,1415.27001953125,1408.780029296875,1414.760009765625,2755700000,1394.452707317913,1314.8678436278105,False
450,51,2006-12-06,1,1414.4000244140625,1415.9300537109375,1411.050048828125,1412.9000244140625,2725280000,1396.2095946604036,1315.8432882127486,False
451,52,2006-12-07,1,1412.8599853515625,1418.27001953125,1406.800048828125,1407.2900390625,2743150000,1397.264875079651,1316.7532061316517,False
452,53,2006-12-08,1,1407.27001953125,1414.0899658203125,1403.6700439453125,1409.8399658203125,2440460000,1398.4625027692377,1317.6794425464643,False
453,54,2006-12-11,1,1409.81005859375,1415.5999755859375,1408.56005859375,1413.0400390625,2289900000,1399.8508395590723,1318.6283042033403,False
454,55,2006-12-12,1,1413.0,1413.780029296875,1404.75,1411.56005859375,2738170000,1400.9660032766606,1319.5529982768767,False
455,56,2006-12-13,1,1411.3199462890625,1416.6400146484375,1411.050048828125,1413.2099609375,2552260000,1402.1320944824547,1320.4849083531017,False
456,57,2006-12-14,1,1413.1600341796875,1427.22998046875,1413.1600341796875,1425.489990234375,2729700000,1404.3566559826377,1321.5297350384876,False
457,58,2006-12-15,1,1425.47998046875,1431.6300048828125,1425.47998046875,1427.0899658203125,3229580000,1406.5217331100353,1322.5800855935308,False
458,59,2006-12-18,1,1427.0799560546875,1431.81005859375,1420.6500244140625,1422.47998046875,2568140000,1408.0415661918178,1323.5741143982596,False
459,60,2006-12-19,1,1422.4200439453125,1428.300048828125,1414.8800048828125,1425.550048828125,2717060000,1409.709040728609,1324.5888003129846,False
460,61,2006-12-20,1,1425.510009765625,1429.050048828125,1423.510009765625,1423.530029296875,2387630000,1411.025325354158,1325.5732901536205,False
461,62,2006-12-21,1,1423.199951171875,1426.4000244140625,1415.9000244140625,1418.300048828125,2322410000,1411.7181561612024,1326.49594446879,False
462,63,2006-12-22,1,1418.0999755859375,1418.8199462890625,1410.280029296875,1410.760009765625,1647590000,1411.6269041235284,1327.3343928797037,False
463,64,2006-12-26,1,1410.75,1417.9100341796875,1410.449951171875,1416.9000244140625,1310310000,1412.1291060559604,1328.2255931934785,False
464,65,2006-12-27,1,1416.6300048828125,1427.719970703125,1416.6300048828125,1426.8399658203125,1667370000,1413.530140319232,1329.206830732054,False
465,66,2006-12-28,1,1426.77001953125,1427.260009765625,1422.050048828125,1424.72998046875,1508570000,1414.5967917620433,1330.1573098339115,False
466,67,2006-12-29,1,1424.7099609375,1427.0,1416.8399658203125,1418.300048828125,1678200000,1414.9494829111939,1331.0343520129586,False
467,68,2007-01-03,1,1418.030029296875,1429.4200439453125,1407.8599853515625,1416.5999755859375,3429160000,1415.106672689741,1331.8857512524908,False
468,69,2007-01-04,1,1416.5999755859375,1421.8399658203125,1408.4300537109375,1418.3399658203125,3004460000,1415.414605368843,1332.7459921934642,False
469,70,2007-01-05,1,1418.3399658203125,1418.3399658203125,1405.75,1409.7099609375,2919400000,1414.8713058991914,1333.5118028277332,False
470,71,2007-01-08,1,1409.260009765625,1414.97998046875,1403.969970703125,1412.8399658203125,2763340000,1414.6778449392982,1334.3011377828832,False
471,72,2007-01-09,1,1412.8399658203125,1415.6099853515625,1405.4200439453125,1412.1099853515625,3038380000,1414.4332868833233,1335.0753551716264,False
472,73,2007-01-10,1,1408.699951171875,1415.989990234375,1405.3199462890625,1414.8499755859375,2764660000,1414.4729715216674,1335.8691324891818,False
473,74,2007-01-11,1,1414.8399658203125,1427.1199951171875,1414.8399658203125,1423.8199462890625,2857870000,1415.3631595947527,1336.7442649648026,False
474,75,2007-01-12,1,1423.8199462890625,1431.22998046875,1422.5799560546875,1430.72998046875,2686480000,1416.8266663446573,1337.6794462135983,False
475,76,2007-01-16,1,1430.72998046875,1433.9300537109375,1428.6199951171875,1431.9000244140625,2599530000,1418.2622242560292,1338.616964404648,False
476,77,2007-01-17,1,1431.77001953125,1435.27001953125,1428.5699462890625,1430.6199951171875,2690270000,1419.4391548142348,1339.5324174465638,False
477,78,2007-01-18,1,1430.5899658203125,1432.9599609375,1424.2099609375,1426.3699951171875,2822430000,1420.0992348430875,1340.3964729457741,False
478,79,2007-01-19,1,1426.3499755859375,1431.5699462890625,1425.18994140625,1430.5,2777480000,1421.0897839056506,1341.2930254537764,False
479,80,2007-01-22,1,1430.469970703125,1431.3900146484375,1420.4000244140625,1422.949951171875,2540120000,1421.26694269291,1342.1055321773395,False
480,81,2007-01-23,1,1422.949951171875,1431.3299560546875,1421.6600341796875,1427.989990234375,2975070000,1421.9072329349544,1342.9601038993,False
481,82,2007-01-24,1,1427.9599609375,1440.1400146484375,1427.9599609375,1440.1300048828125,2783180000,1423.6427350252268,1343.9269685857032,False
482,83,2007-01-25,1,1440.1199951171875,1440.68994140625,1422.3399658203125,1423.9000244140625,2994330000,1423.6672387765445,1344.7227203849905,False
483,84,2007-01-26,1,1423.9000244140625,1427.27001953125,1416.9599609375,1422.1800537109375,2626620000,1423.5256021036296,1345.4934401195771,False
484,85,2007-01-29,1,1422.030029296875,1426.93994140625,1418.4599609375,1420.6199951171875,2730480000,1423.2488776287303,1346.240968030001,False
485,86,2007-01-30,1,1420.6099853515625,1428.8199462890625,1420.6099853515625,1428.8199462890625,2706250000,1423.779455596381,1347.062649405713,False
486,87,2007-01-31,1,1428.6500244140625,1441.6099853515625,1424.780029296875,1438.239990234375,2976690000,1425.156649371428,1347.9698866278889,False
487,88,2007-02-01,1,1437.9000244140625,1446.6400146484375,1437.9000244140625,1445.93994140625,2914890000,1427.1360105176016,1348.944713043594,False
488,89,2007-02-02,1,1445.93994140625,1449.3299560546875,1444.489990234375,1448.3900146484375,2569450000,1429.160201387205,1349.9342185321996,False
489,90,2007-02-05,1,1448.3299560546875,1449.3800048828125,1443.8499755859375,1446.989990234375,2439430000,1430.858276515507,1350.899947603863,False
490,91,2007-02-06,1,1446.97998046875,1450.18994140625,1443.4000244140625,1448.0,2608710000,1432.4908216092683,1351.8661172794464,False
491,92,2007-02-07,1,1447.4100341796875,1452.989990234375,1446.43994140625,1450.02001953125,2618820000,1434.1602690304094,1352.8427730232454,False
492,93,2007-02-08,1,1449.989990234375,1450.449951171875,1442.81005859375,1448.31005859375,2816180000,1435.5078680364418,1353.792696262753,False
493,94,2007-02-09,1,1448.25,1452.449951171875,1433.43994140625,1438.06005859375,2951810000,1435.7509338038044,1354.631177479977,False
494,95,2007-02-12,1,1438.0,1439.1099853515625,1431.43994140625,1433.3699951171875,2395680000,1435.5241777384124,1355.414648302238,False
495,96,2007-02-13,1,1433.219970703125,1444.4100341796875,1433.219970703125,1444.260009765625,2652150000,1436.3561617410041,1356.2986817496349,False
496,97,2007-02-14,1,1443.9100341796875,1457.6500244140625,1443.9100341796875,1455.300048828125,2699290000,1438.1603414635872,1357.2837699792715,False
497,98,2007-02-15,1,1455.1500244140625,1457.969970703125,1453.18994140625,1456.81005859375,2490920000,1439.9365049997932,1358.274081308769,False
498,99,2007-02-16,1,1456.77001953125,1456.77001953125,1451.5699462890625,1455.5400390625,2399450000,1441.4225558629082,1359.2419017839306,False
499,100,2007-02-20,1,1455.530029296875,1460.530029296875,1449.199951171875,1459.6800537109375,2337860000,1443.1613651817681,1360.2412863802194,False
500,101,2007-02-21,1,1459.5999755859375,1459.5999755859375,1452.02001953125,1457.6300048828125,2606980000,1444.539330867582,1361.2103283553697,False
501,102,2007-02-22,1,1457.2900390625,1461.5699462890625,1450.510009765625,1456.3800048828125,1950770000,1445.667014107128,1362.1572903108668,False
502,103,2007-02-23,1,1456.219970703125,1456.219970703125,1448.3599853515625,1451.18994140625,2579950000,1446.1930071832346,1363.0431873366915,False
503,104,2007-02-26,1,1451.0400390625,1456.949951171875,1445.47998046875,1449.3699951171875,2822170000,1446.4955774626587,1363.902160548438,False
504,105,2007-02-27,1,1449.25,1449.25,1389.4200439453125,1399.0400390625,4065230000,1441.9760023769293,1364.2517911804189,False
505,106,2007-02-28,1,1398.6400146484375,1415.8900146484375,1396.6500244140625,1406.8199462890625,3925250000,1438.6278065590373,1364.6753549128434,False
506,107,2007-03-01,1,1406.800048828125,1409.4599609375,1380.8699951171875,1403.1700439453125,3874910000,1435.2508767863017,1365.05838664451,False
507,108,2007-03-02,1,1403.1600341796875,1403.4000244140625,1386.8699951171875,1387.1700439453125,3312260000,1430.6717498490646,1365.2784031350652,False
508,109,2007-03-05,1,1387.1099853515625,1391.8599853515625,1373.969970703125,1374.1199951171875,3480520000,1425.2858684460286,1365.3663791746883,False
509,110,2007-03-06,1,1374.06005859375,1397.9000244140625,1374.06005859375,1395.4100341796875,3358160000,1422.4405508968534,1365.6653210155341,False
510,111,2007-03-07,1,1395.02001953125,1401.1600341796875,1390.6400146484375,1391.969970703125,3141350000,1419.538590878403,1365.927058823371,False
511,112,2007-03-08,1,1391.8800048828125,1407.9300537109375,1391.8800048828125,1401.8900146484375,3014850000,1417.8577740945968,1366.2848991798394,False
512,113,2007-03-09,1,1401.8900146484375,1410.1500244140625,1397.300048828125,1402.8399658203125,2623050000,1416.427506639903,1366.6486311862122,False
513,114,2007-03-12,1,1402.800048828125,1409.3399658203125,1398.4000244140625,1406.5999755859375,2664000000,1415.49155130143,1367.0461570011348,False
514,115,2007-03-13,1,1406.22998046875,1406.22998046875,1377.7099609375,1377.949951171875,3485570000,1411.9161608129011,1367.1546524655205,False
515,116,2007-03-14,1,1377.8599853515625,1388.0899658203125,1363.97998046875,1387.1700439453125,3758350000,1409.5593877778927,1367.3538105896976,False
516,117,2007-03-15,1,1387.1099853515625,1395.72998046875,1385.1600341796875,1392.280029296875,2821900000,1407.9137345892243,1367.601832666386,False
517,118,2007-03-16,1,1392.280029296875,1397.510009765625,1383.6300048828125,1386.949951171875,3393640000,1405.917183787572,1367.7943512584804,False
518,119,2007-03-19,1,1386.949951171875,1403.199951171875,1386.949951171875,1402.06005859375,2777180000,1405.5498385310175,1368.1353035702743,False
519,120,2007-03-20,1,1402.0400390625,1411.530029296875,1400.699951171875,1410.93994140625,2795940000,1406.063181661992,1368.5612203646622,False
520,121,2007-03-21,1,1410.9200439453125,1437.77001953125,1409.75,1435.0400390625,3184770000,1408.8228823668023,1369.2227011477253,False
521,122,2007-03-22,1,1435.0400390625,1437.6600341796875,1429.8800048828125,1434.5400390625,3129970000,1411.2721353854402,1369.8726249080714,False
522,123,2007-03-23,1,1434.5400390625,1438.8900146484375,1433.2099609375,1436.1099853515625,2619020000,1413.6376449060233,1370.5317031214395,False
523,124,2007-03-26,1,1436.1099853515625,1437.6500244140625,1423.280029296875,1437.5,2754660000,1415.9102501530688,1371.1980543341617,False
524,125,2007-03-27,1,1437.489990234375,1437.489990234375,1425.5400390625,1428.6099853515625,2673040000,1417.1197487434015,1371.7693173293599,False
525,126,2007-03-28,1,1428.3499755859375,1428.3499755859375,1414.0699462890625,1417.22998046875,3000440000,1417.1302470029586,1372.2216622362193,False
526,127,2007-03-29,1,1417.1700439453125,1426.239990234375,1413.27001953125,1422.530029296875,2854710000,1417.6445119833315,1372.7222430029922,False
527,128,2007-03-30,1,1422.52001953125,1429.219970703125,1408.9000244140625,1420.8599853515625,2903960000,1417.9507475422108,1373.2012255139232,False
528,129,2007-04-02,1,1420.8299560546875,1425.489990234375,1416.3699951171875,1424.550048828125,2875880000,1418.5792524265835,1373.7121590792387,False
529,130,2007-04-03,1,1424.27001953125,1440.5699462890625,1424.27001953125,1437.77001953125,2921760000,1420.4069445317898,1374.3495507255275,False
530,131,2007-04-04,1,1437.75,1440.1600341796875,1435.0799560546875,1439.3699951171875,2616320000,1422.2129493494467,1374.9965203214645,False
531,132,2007-04-05,1,1438.93994140625,1444.8800048828125,1436.6700439453125,1443.760009765625,2357230000,1424.2650503414636,1375.6807341467795,False
532,133,2007-04-09,1,1443.77001953125,1448.0999755859375,1443.280029296875,1444.6099853515625,2349410000,1426.2026631995682,1376.3665973428472,False
533,134,2007-04-10,1,1444.5799560546875,1448.72998046875,1443.989990234375,1448.3900146484375,2510110000,1428.3157442899367,1377.083248261311,False
534,135,2007-04-11,1,1448.22998046875,1448.3900146484375,1436.1500244140625,1438.8699951171875,2950190000,1429.3209110353891,1377.6980417623647,False
535,136,2007-04-12,1,1438.8699951171875,1448.02001953125,1433.9100341796875,1447.800048828125,2770570000,1431.0808289204117,1378.3955741709792,False
536,137,2007-04-13,1,1447.800048828125,1453.1099853515625,1444.1500244140625,1452.8499755859375,2690020000,1433.1540809837952,1379.1364139860536,False
537,138,2007-04-16,1,1452.8399658203125,1468.6199951171875,1452.8399658203125,1468.3299560546875,2870140000,1436.50416432388,1380.023911917085,False
538,139,2007-04-17,1,1468.469970703125,1474.3499755859375,1467.1500244140625,1471.47998046875,2920570000,1439.8351944329152,1380.9339225494398,False
539,140,2007-04-18,1,1471.469970703125,1476.5699462890625,1466.4100341796875,1472.5,2971330000,1442.9461282964471,1381.845027797704,False
540,141,2007-04-19,1,1472.47998046875,1474.22998046875,1464.469970703125,1470.72998046875,2913610000,1445.592209455714,1382.7294551874656,False
541,142,2007-04-20,1,1470.68994140625,1484.739990234375,1470.68994140625,1484.3499755859375,3329940000,1449.2834252776402,1383.7406046441668,False
542,143,2007-04-23,1,1484.3299560546875,1487.3199462890625,1480.18994140625,1480.9300537109375,2575020000,1452.2973898903351,1384.7076638388612,False
543,144,2007-04-24,1,1480.9300537109375,1483.8199462890625,1473.739990234375,1480.4100341796875,3119750000,1454.9747845845593,1385.6599262303123,False
544,145,2007-04-25,1,1480.280029296875,1496.5899658203125,1480.280029296875,1495.4200439453125,3252590000,1458.8267140474882,1386.7520667050885,False
545,146,2007-04-26,1,1495.27001953125,1498.02001953125,1491.1700439453125,1494.25,3211800000,1462.2003603286798,1387.8216978821524,False
546,147,2007-04-27,1,1494.2099609375,1497.3199462890625,1488.6700439453125,1494.0699462890625,2732810000,1465.2355589915733,1388.8788943837137,False
547,148,2007-04-30,1,1494.0699462890625,1497.1600341796875,1482.2900390625,1482.3699951171875,3093420000,1466.8674100511557,1389.8091540925045,False
548,149,2007-05-01,1,1482.3699951171875,1487.27001953125,1476.699951171875,1486.300048828125,3400350000,1468.7181375537243,1390.769262497834,False
549,150,2007-05-02,1,1486.1300048828125,1499.0999755859375,1486.1300048828125,1495.9200439453125,3189800000,1471.308795305304,1391.8155389301473,False
550,151,2007-05-03,1,1495.56005859375,1503.3399658203125,1495.56005859375,1502.3900146484375,3007970000,1474.2689114332215,1392.9157824696329,False
551,152,2007-05-04,1,1502.3499755859375,1510.3399658203125,1501.800048828125,1505.6199951171875,2761930000,1477.2547289269326,1394.0372174213499,False
552,153,2007-05-07,1,1505.5699462890625,1511.0,1505.5400390625,1509.47998046875,2545090000,1480.3238005023438,1395.1859016307767,False
553,154,2007-05-08,1,1509.3599853515625,1509.3599853515625,1500.6600341796875,1507.719970703125,2795720000,1482.932959569085,1396.3056436115962,False
554,155,2007-05-09,1,1507.3199462890625,1513.800048828125,1503.77001953125,1512.5799560546875,2935550000,1485.7564830439042,1397.4626019443633,False
555,156,2007-05-10,1,1512.3299560546875,1512.3299560546875,1491.4200439453125,1491.469970703125,3031240000,1486.3006247257347,1398.3979986484308,False
556,157,2007-05-11,1,1491.469970703125,1506.239990234375,1491.469970703125,1505.8499755859375,2720780000,1488.1624676648016,1399.4671725483065,False
557,158,2007-05-14,1,1505.760009765625,1510.9000244140625,1498.3399658203125,1503.1500244140625,2776130000,1489.589854021874,1400.4988427161252,False
558,159,2007-05-15,1,1503.1099853515625,1514.8299560546875,1500.4300537109375,1501.18994140625,3071020000,1490.6946242489576,1401.500744195629,False
559,160,2007-05-16,1,1500.75,1514.1500244140625,1500.75,1514.1400146484375,2915350000,1492.9275185727176,1402.6215329563538,False
560,161,2007-05-17,1,1514.010009765625,1517.1400146484375,1509.2900390625,1512.75,2868640000,1494.8153739467443,1403.717338598579,False
561,162,2007-05-18,1,1512.739990234375,1522.75,1512.739990234375,1522.75,2959050000,1497.475814523245,1404.901743189638,False
562,163,2007-05-21,1,1522.75,1529.8699951171875,1522.7099609375,1525.0999755859375,3465360000,1500.106687005406,1406.097745502039,False
563,164,2007-05-22,1,1525.0999755859375,1529.239990234375,1522.050048828125,1524.1199951171875,2860500000,1502.3936687303376,1407.2720962444785,False
564,165,2007-05-23,1,1524.0899658203125,1532.4300537109375,1521.9000244140625,1522.280029296875,3084260000,1504.2876078319125,1408.4164537872884,False
565,166,2007-05-24,1,1522.0999755859375,1529.31005859375,1505.1800537109375,1507.510009765625,3365530000,1504.5945032541708,1409.4024593194113,False
566,167,2007-05-25,1,1507.5,1517.4100341796875,1507.5,1515.72998046875,2316250000,1505.6550248936546,1410.4604446044796,False
567,168,2007-05-29,1,1515.550048828125,1521.800048828125,1512.02001953125,1518.1099853515625,2571790000,1506.8412116039317,1411.531584313406,False
568,169,2007-05-30,1,1517.5999755859375,1530.22998046875,1510.06005859375,1530.22998046875,2980210000,1509.068713400581,1412.712662882116,False
569,170,2007-05-31,1,1530.18994140625,1535.56005859375,1528.260009765625,1530.6199951171875,3335530000,1511.1212164212102,1413.8858701680372,False
570,171,2007-06-01,1,1530.6199951171875,1540.56005859375,1530.6199951171875,1536.3399658203125,2927020000,1513.5230020782676,1415.1043188809952,False
571,172,2007-06-04,1,1536.280029296875,1540.530029296875,1532.31005859375,1539.1800537109375,2738930000,1515.9665308051885,1416.3389033071637,False
572,173,2007-06-05,1,1539.1199951171875,1539.1199951171875,1525.6199951171875,1530.949951171875,2939450000,1517.3935232210633,1417.4793117436286,False
573,174,2007-06-06,1,1530.5699462890625,1530.5699462890625,1514.1300048828125,1517.3800048828125,2964190000,1517.3922357602776,1418.4733484912822,False
574,175,2007-06-07,1,1517.3599853515625,1517.3599853515625,1490.3699951171875,1490.719970703125,3538470000,1514.8520200405487,1419.1922203540867,False
575,176,2007-06-08,1,1490.7099609375,1507.760009765625,1487.4100341796875,1507.6700439453125,2993460000,1514.168022317193,1420.0725967082283,False
576,177,2007-06-11,1,1507.6400146484375,1515.530029296875,1503.3499755859375,1509.1199951171875,2525280000,1513.6872578219545,1420.9586404734916,False
577,178,2007-06-12,1,1509.1199951171875,1511.3299560546875,1492.969970703125,1493.0,3056200000,1511.7170427912922,1421.6754699215167,False
578,179,2007-06-13,1,1492.6500244140625,1515.699951171875,1492.6500244140625,1515.6700439453125,3077930000,1512.0935190916753,1422.6107393147881,False
579,180,2007-06-14,1,1515.5799560546875,1526.449951171875,1515.5799560546875,1522.969970703125,2813630000,1513.1293716260989,1423.609338632085,False
580,181,2007-06-15,1,1522.969970703125,1538.7099609375,1522.969970703125,1532.9100341796875,3406030000,1515.0132442502502,1424.6969077420113,False
581,182,2007-06-18,1,1532.9000244140625,1535.43994140625,1529.31005859375,1531.050048828125,2480240000,1516.5405589719526,1425.7551479518233,False
582,183,2007-06-19,1,1531.02001953125,1535.8499755859375,1525.6700439453125,1533.699951171875,2873590000,1518.1747868005166,1426.829225595804,False
583,184,2007-06-20,1,1533.6800537109375,1537.3199462890625,1512.3599853515625,1512.8399658203125,3286900000,1517.6667086119257,1427.6850538567444,False
584,185,2007-06-21,1,1512.5,1522.9000244140625,1504.75,1522.18994140625,3161110000,1518.0974926875756,1428.6254009965405,False
585,186,2007-06-22,1,1522.18994140625,1522.18994140625,1500.739990234375,1502.56005859375,4284320000,1516.6177370595924,1429.3610692313387,False
586,187,2007-06-25,1,1502.56005859375,1514.2900390625,1492.6800537109375,1497.739990234375,3287250000,1514.8198564095717,1430.0414565050007,False
587,188,2007-06-26,1,1497.6800537109375,1506.1199951171875,1490.5400390625,1492.8900146484375,3398530000,1512.7313000513684,1430.6668152924976,False
588,189,2007-06-27,1,1492.6199951171875,1506.800048828125,1484.1800537109375,1506.3399658203125,3398150000,1512.1226015531727,1431.4197819644162,False
589,190,2007-06-28,1,1506.3199462890625,1514.8399658203125,1503.4100341796875,1505.7099609375,3006710000,1511.5118738754895,1432.1589877253425,False
590,191,2007-06-29,1,1505.699951171875,1517.530029296875,1493.6099853515625,1503.3499755859375,3165410000,1510.7345502288656,1432.8673557637567,False
591,192,2007-07-02,1,1504.6600341796875,1519.449951171875,1504.6600341796875,1519.4300537109375,2648990000,1511.5626934176344,1433.7286761413407,False
592,193,2007-07-03,1,1519.1199951171875,1526.010009765625,1519.1199951171875,1524.8699951171875,1560790000,1512.8300554842585,1434.63555493712,False
593,194,2007-07-05,1,1524.8599853515625,1526.5699462890625,1517.719970703125,1525.4000244140625,2622950000,1514.027195382335,1435.538683986642,False
594,195,2007-07-06,1,1524.9599609375,1532.4000244140625,1520.469970703125,1530.43994140625,2441520000,1515.5903140512794,1436.482975105245,False
595,196,2007-07-09,1,1530.4300537109375,1534.260009765625,1527.449951171875,1531.8499755859375,2715330000,1517.1388532450562,1437.4319004831623,False
596,197,2007-07-10,1,1531.8499755859375,1531.8499755859375,1510.010009765625,1510.1199951171875,3244280000,1516.4703905662118,1438.1551651063867,False
597,198,2007-07-11,1,1509.9300537109375,1519.3399658203125,1506.0999755859375,1518.760009765625,3082920000,1516.6884495375846,1438.9572033617026,False
598,199,2007-07-12,1,1518.739990234375,1547.9200439453125,1518.739990234375,1547.699951171875,3489600000,1519.6419258837075,1440.0392207528487,False
599,200,2007-07-13,1,1547.6800537109375,1555.0999755859375,1544.8499755859375,1552.5,2801120000,1522.7712662757353,1441.1582334816762,False
600,201,2007-07-16,1,1552.5,1555.9000244140625,1546.68994140625,1549.52001953125,2704110000,1525.3187665857843,1442.2364602085377,False
601,202,2007-07-17,1,1549.52001953125,1555.3199462890625,1547.739990234375,1549.3699951171875,3007140000,1527.6093597792512,1443.3024655310119,False
602,203,2007-07-18,1,1549.199951171875,1549.199951171875,1533.6700439453125,1546.1700439453125,3609220000,1529.377043985543,1444.3260235251842,False
603,204,2007-07-19,1,1546.1300048828125,1555.199951171875,1546.1300048828125,1553.0799560546875,3251450000,1531.6344641826042,1445.4081522070699,False
604,205,2007-07-20,1,1553.18994140625,1553.18994140625,1529.199951171875,1534.0999755859375,3745780000,1531.8692747924456,1446.2906579123323,False
605,206,2007-07-23,1,1534.06005859375,1547.22998046875,1534.06005859375,1541.5699462890625,3102700000,1532.7931482683139,1447.2387105329963,False
606,207,2007-07-24,1,1541.5699462890625,1541.5699462890625,1508.6199951171875,1511.0400390625,4115830000,1530.721423582046,1447.8735496228421,False
607,208,2007-07-25,1,1511.030029296875,1524.31005859375,1503.72998046875,1518.0899658203125,4283200000,1529.5184276047382,1448.5722204307772,False
608,209,2007-07-26,1,1518.0899658203125,1518.0899658203125,1465.300048828125,1482.6600341796875,4472550000,1525.0557234690193,1448.9114026571344,False
609,210,2007-07-27,1,1482.43994140625,1488.530029296875,1458.949951171875,1458.949951171875,4784650000,1518.759935631196,1449.0112887120076,False
610,211,2007-07-30,1,1458.9300537109375,1477.8800048828125,1454.3199462890625,1473.9100341796875,4128780000,1514.488516445338,1449.2590374231288,False
611,212,2007-07-31,1,1473.9000244140625,1488.300048828125,1454.25,1455.27001953125,4524520000,1508.8486595963773,1449.318848190374,False
612,213,2007-08-01,1,1455.1800537109375,1468.3800048828125,1439.5899658203125,1465.81005859375,5256780000,1504.7497452151747,1449.4829398361787,False
613,214,2007-08-02,1,1465.4599609375,1476.4300537109375,1460.5799560546875,1472.199951171875,4368850000,1501.6497648300985,1449.7089797499668,False
614,215,2007-08-03,1,1472.1800537109375,1473.22998046875,1432.800048828125,1433.06005859375,4272110000,1495.1174118552083,1449.54331884294,False
615,216,2007-08-06,1,1433.0400390625,1467.6700439453125,1427.3900146484375,1467.6700439453125,5067200000,1492.5033768161707,1449.7236842668442,False
616,217,2007-08-07,1,1467.6199951171875,1488.300048828125,1455.800048828125,1476.7099609375,4909390000,1490.9992419705832,1449.9922044327216,False
617,218,2007-08-08,1,1476.219970703125,1503.8900146484375,1476.219970703125,1497.489990234375,5499560000,1491.6174084718969,1450.4648192168177,False
618,219,2007-08-09,1,1497.2099609375,1497.2099609375,1453.0899658203125,1453.0899658203125,5889600000,1487.9481282193651,1450.4909400785439,False
619,220,2007-08-10,1,1453.0899658203125,1462.02001953125,1429.739990234375,1453.6400146484375,5345780000,1484.6806888316578,1450.5222741538664,False
620,221,2007-08-13,1,1453.4200439453125,1466.2900390625,1451.5400390625,1452.9200439453125,3696280000,1481.6558655091487,1450.5461325597514,False
621,222,2007-08-14,1,1452.8699951171875,1456.739990234375,1426.199951171875,1426.5400390625,3814630000,1476.4067391808967,1450.3072659577888,False
622,223,2007-08-15,1,1426.1500244140625,1440.780029296875,1404.3599853515625,1406.699951171875,4290930000,1469.7679974657517,1449.8733623280782,False
623,224,2007-08-16,1,1406.6400146484375,1415.969970703125,1370.5999755859375,1411.27001953125,6509300000,1464.1967614719897,1449.4892494644282,False
624,225,2007-08-17,1,1411.260009765625,1450.3299560546875,1411.260009765625,1445.93994140625,3570040000,1462.458016703824,1449.4539329663369,False
625,226,2007-08-20,1,1445.93994140625,1451.75,1430.5400390625,1445.550048828125,3321340000,1460.8477340489953,1449.4150883480463,False
626,227,2007-08-21,1,1445.550048828125,1455.3199462890625,1439.760009765625,1447.1199951171875,3012150000,1459.5403303412043,1449.3922515994805,False
627,228,2007-08-22,1,1447.030029296875,1464.8599853515625,1447.030029296875,1464.0699462890625,3309120000,1459.9717223362384,1449.5382983128097,False
628,229,2007-08-23,1,1464.050048828125,1472.06005859375,1453.8800048828125,1462.5,3084390000,1460.212510685168,1449.6672704689013,False
629,230,2007-08-24,1,1462.3399658203125,1479.4000244140625,1460.5400390625,1479.3699951171875,2541400000,1462.0370330120268,1449.9628199678891,False
630,231,2007-08-27,1,1479.3599853515625,1479.3599853515625,1465.97998046875,1466.7900390625,2406180000,1462.489700254929,1450.1302549837558,False
631,232,2007-08-28,1,1466.719970703125,1466.719970703125,1432.010009765625,1432.3599853515625,3078090000,1459.6202035974654,1449.9534363804503,False
632,233,2007-08-29,1,1432.010009765625,1463.760009765625,1432.010009765625,1463.760009765625,2824070000,1460.0144708515759,1450.0908152201039,False
633,234,2007-08-30,1,1463.6700439453125,1468.4300537109375,1451.25,1457.6400146484375,2582960000,1459.7883321655627,1450.1659316323262,False
634,235,2007-08-31,1,1457.6099853515625,1481.469970703125,1457.6099853515625,1473.989990234375,2731610000,1461.140871029259,1450.4029869417993,False
635,236,2007-09-04,1,1473.9599609375,1496.4000244140625,1472.1500244140625,1489.4200439453125,2766600000,1463.8341255926928,1450.79121636472,False
636,237,2007-09-05,1,1488.760009765625,1488.760009765625,1466.3399658203125,1472.2900390625,2991600000,1464.6394506850554,1451.0051349985288,False
637,238,2007-09-06,1,1472.030029296875,1481.489990234375,1467.4100341796875,1478.550048828125,2459590000,1465.9642695558239,1451.279213743102,False
638,239,2007-09-07,1,1478.550048828125,1478.550048828125,1449.0699462890625,1453.550048828125,3191080000,1464.7819628198527,1451.3018091170823,False
639,240,2007-09-10,1,1453.5,1462.25,1439.2900390625,1451.699951171875,2835720000,1463.5360569486165,1451.3057707295677,False
640,241,2007-09-11,1,1451.68994140625,1472.47998046875,1451.68994140625,1471.489990234375,3015330000,1464.293574404403,1451.5066087345906,False
641,242,2007-09-12,1,1471.0999755859375,1479.5,1465.75,1471.56005859375,2885720000,1464.9856205176743,1451.7061455491098,False
642,243,2007-09-13,1,1471.469970703125,1489.5799560546875,1471.469970703125,1483.949951171875,2877080000,1466.7917472466459,1452.0269794359035,False
643,244,2007-09-14,1,1483.949951171875,1485.989990234375,1473.1800537109375,1484.25,2641740000,1468.4544379850606,1452.347606506193,False
644,245,2007-09-17,1,1484.239990234375,1484.239990234375,1471.8199462890625,1476.6500244140625,2598390000,1469.2349700259178,1452.589421609754,False
645,246,2007-09-18,1,1476.6300048828125,1519.8900146484375,1476.6300048828125,1519.780029296875,3708940000,1474.0487851945804,1453.2579848703224,False
646,247,2007-09-19,1,1519.75,1538.739990234375,1519.75,1529.030029296875,3846750000,1479.2850941567037,1454.011935561134,False
647,248,2007-09-20,1,1528.68994140625,1529.1400146484375,1516.4200439453125,1518.75,2957700000,1483.04365661797,1454.6560954062968,False
648,249,2007-09-21,1,1518.75,1530.8900146484375,1518.75,1525.75,3679460000,1487.1109274162586,1455.3634974420552,False
649,250,2007-09-24,1,1525.75,1530.1800537109375,1516.1500244140625,1517.72998046875,3131310000,1490.0270277069721,1455.9840594622212,False
650,251,2007-09-25,1,1516.3399658203125,1518.27001953125,1507.1300048828125,1517.2099609375,3187770000,1492.6158784908318,1456.5932724122242,False
651,252,2007-09-26,1,1518.6199951171875,1529.3900146484375,1518.6199951171875,1525.4200439453125,3237390000,1495.740084724592,1457.278115910066,False
652,253,2007-09-27,1,1527.3199462890625,1532.4599609375,1525.81005859375,1531.3800048828125,2872180000,1499.1343628348986,1458.0154481386505,False
653,254,2007-09-28,1,1531.239990234375,1533.739990234375,1521.989990234375,1526.75,2925350000,1501.7644235172893,1458.6993740278183,False
654,255,2007-10-01,1,1527.2900390625,1549.02001953125,1527.25,1547.0400390625,3281990000,1506.0763869025475,1459.5783856202033,False
655,256,2007-10-02,1,1546.9599609375,1548.010009765625,1540.3699951171875,1546.6300048828125,3101910000,1509.9386362340013,1460.444570886498,False
656,257,2007-10-03,1,1545.800048828125,1545.8399658203125,1536.3399658203125,1539.5899658203125,3065320000,1512.7625723850786,1461.2320872539988,False
657,258,2007-10-04,1,1539.9100341796875,1544.02001953125,1537.6300048828125,1542.8399658203125,2690430000,1515.627086045577,1462.044105946201,False
658,259,2007-10-05,1,1543.8399658203125,1561.9100341796875,1543.8399658203125,1557.5899658203125,2919030000,1519.6235507860279,1462.9948110195753,False
659,260,2007-10-08,1,1556.510009765625,1556.510009765625,1549.0,1552.5799560546875,2040650000,1522.7622560497098,1463.8862054975366,False
660,261,2007-10-09,1,1553.1800537109375,1565.260009765625,1551.8199462890625,1565.1500244140625,2932040000,1526.7991863701245,1464.8938056857608,False
661,262,2007-10-10,1,1564.97998046875,1565.4200439453125,1555.4599609375,1562.469970703125,3044760000,1530.1964039256484,1465.8647128003613,False
662,263,2007-10-11,1,1564.719970703125,1576.0899658203125,1546.719970703125,1554.4100341796875,3911260000,1532.5024639498426,1466.7457607742851,False
663,264,2007-10-12,1,1555.4100341796875,1563.030029296875,1554.0899658203125,1561.800048828125,2788690000,1535.2927101287266,1467.6915745857664,False
664,265,2007-10-15,1,1562.25,1564.739990234375,1540.81005859375,1548.7099609375,3139290000,1536.570543539086,1468.4977276837935,False
665,266,2007-10-16,1,1547.81005859375,1547.81005859375,1536.2900390625,1538.530029296875,3234560000,1536.7571612303038,1469.1945665058145,False
666,267,2007-10-17,1,1544.43994140625,1550.6600341796875,1526.010009765625,1541.239990234375,3638070000,1537.1840973259295,1469.911436393661,False
667,268,2007-10-18,1,1539.2900390625,1542.7900390625,1531.760009765625,1540.0799560546875,3203210000,1537.459893395335,1470.609630619144,False
668,269,2007-10-19,1,1540.0,1540.0,1500.260009765625,1500.6300048828125,4160970000,1533.9522849655712,1470.9083408108222,False
669,270,2007-10-22,1,1497.7900390625,1508.06005859375,1490.4000244140625,1506.3299560546875,3471830000,1531.3215869740584,1471.2607946938458,False
670,271,2007-10-23,1,1509.300048828125,1520.010009765625,1503.6099853515625,1519.5899658203125,3309120000,1530.2042897213207,1471.7416819687362,False
671,272,2007-10-24,1,1516.6099853515625,1517.22998046875,1489.56005859375,1515.8800048828125,4003300000,1528.840072117653,1472.1808692614136,False
672,273,2007-10-25,1,1516.1500244140625,1523.239990234375,1500.4599609375,1514.4000244140625,4183960000,1527.464829479216,1472.6009603574598,False
673,274,2007-10-26,1,1522.1700439453125,1535.530029296875,1520.1800537109375,1535.280029296875,3612120000,1528.2091342237547,1473.2246326852153,False
674,275,2007-10-29,1,1536.9200439453125,1544.6700439453125,1536.4300537109375,1540.97998046875,3124480000,1529.4254052947067,1473.8988152502257,False
675,276,2007-10-30,1,1539.4200439453125,1539.4200439453125,1529.550048828125,1531.02001953125,3212520000,1529.5772733172348,1474.4671854420767,False
676,277,2007-10-31,1,1532.1500244140625,1552.760009765625,1529.4000244140625,1549.3800048828125,3953070000,1531.4632477520518,1475.2125866305419,False
677,278,2007-11-01,1,1545.7900390625,1545.7900390625,1506.6600341796875,1508.43994140625,4241470000,1529.2705519095944,1475.5432070760714,False
678,279,2007-11-02,1,1511.0699462890625,1513.1500244140625,1492.530029296875,1509.6500244140625,4285990000,1527.4019302433533,1475.8825783928676,False
679,280,2007-11-05,1,1505.6099853515625,1510.8399658203125,1489.949951171875,1502.1700439453125,3819330000,1524.9988934530636,1476.144145214285,False
680,281,2007-11-06,1,1505.3299560546875,1520.77001953125,1499.0699462890625,1520.27001953125,3879160000,1524.548524508129,1476.5832086403243,False
681,282,2007-11-07,1,1515.4599609375,1515.4599609375,1475.0400390625,1475.6199951171875,4353160000,1519.8886645661346,1476.5736244261636,False
682,283,2007-11-08,1,1475.27001953125,1482.5,1450.31005859375,1474.77001953125,5439720000,1515.5916507532886,1476.5556781088014,False
683,284,2007-11-09,1,1467.5899658203125,1474.0899658203125,1448.510009765625,1453.699951171875,4587050000,1509.6972031741063,1476.3282579402749,False
684,285,2007-11-12,1,1453.6600341796875,1464.93994140625,1438.530029296875,1439.1800537109375,4192520000,1502.981284177614,1475.9586240673461,False
685,286,2007-11-13,1,1441.3499755859375,1481.3699951171875,1441.3499755859375,1481.050048828125,4141310000,1500.8925950967105,1476.0092850102396,False
686,287,2007-11-14,1,1483.4000244140625,1492.1400146484375,1466.469970703125,1470.5799560546875,4031470000,1498.0056770927083,1475.9552618365526,False
687,288,2007-11-15,1,1468.0400390625,1472.6700439453125,1443.489990234375,1451.1500244140625,3941010000,1493.5432339804563,1475.708443553742,False
688,289,2007-11-16,1,1453.0899658203125,1462.1800537109375,1443.989990234375,1458.739990234375,4168870000,1490.2286393379723,1475.539603222206,False
689,290,2007-11-19,1,1456.699951171875,1456.699951171875,1430.4200439453125,1433.27001953125,4119650000,1484.8040088801893,1475.1190103496594,False
690,291,2007-11-20,1,1434.510009765625,1452.6400146484375,1419.280029296875,1439.699951171875,4875150000,1480.5083843365403,1474.7665819001293,False
691,292,2007-11-21,1,1434.7099609375,1436.4000244140625,1415.6400146484375,1416.77001953125,4076230000,1474.4380638788937,1474.1895016775534,False
692,293,2007-11-23,1,1417.6199951171875,1440.8599853515625,1417.6199951171875,1440.699951171875,1612720000,1471.224910287749,1473.8562723192879,False
693,294,2007-11-26,1,1440.739990234375,1446.0899658203125,1406.0999755859375,1407.219970703125,3706470000,1465.12920175588,1473.1932245420126,False
694,295,2007-11-27,1,1409.5899658203125,1429.489990234375,1407.4300537109375,1428.22998046875,4320720000,1461.614990204725,1472.745829078597,False
695,296,2007-11-28,1,1432.949951171875,1471.6199951171875,1432.949951171875,1469.02001953125,4508020000,1462.3202310929655,1472.7087563467826,False
696,297,2007-11-29,1,1467.4100341796875,1473.81005859375,1458.3599853515625,1469.719970703125,3524730000,1463.024968198695,1472.6790171861494,False
697,298,2007-11-30,1,1471.8299560546875,1488.93994140625,1470.8900146484375,1481.1400146484375,4422200000,1464.7502107177181,1472.7632062156251,False
698,299,2007-12-03,1,1479.6300048828125,1481.1600341796875,1470.0799560546875,1472.4200439453125,3323250000,1465.480671025108,1472.7597916656719,False
699,300,2007-12-04,1,1471.3399658203125,1471.3399658203125,1460.6600341796875,1462.7900390625,3343620000,1465.2244203620023,1472.6605901472324,False
700,301,2007-12-05,1,1465.219970703125,1486.0899658203125,1465.219970703125,1485.010009765625,3663660000,1467.1087622099662,1472.7834699444304,False
701,302,2007-12-06,1,1484.5899658203125,1508.02001953125,1482.18994140625,1507.3399658203125,3568570000,1470.9403054109516,1473.1273156745387,False
702,303,2007-12-07,1,1508.5999755859375,1510.6300048828125,1502.6600341796875,1504.6600341796875,3177710000,1474.1517081508314,1473.4410740676249,False
703,304,2007-12-10,1,1505.1099853515625,1518.27001953125,1504.9599609375,1515.9599609375,2911760000,1478.1334465114664,1473.8641475688178,False
704,305,2007-12-11,1,1516.6800537109375,1523.5699462890625,1475.989990234375,1477.6500244140625,4080180000,1478.0874063117137,1473.9018179851885,False
705,306,2007-12-12,1,1487.5799560546875,1511.9599609375,1468.22998046875,1486.5899658203125,4482120000,1478.8971738839614,1474.0280682124037,False
706,307,2007-12-13,1,1483.27001953125,1489.4000244140625,1469.2099609375,1488.4100341796875,3635170000,1479.8031605787926,1474.1711723513818,False
707,308,2007-12-14,1,1486.18994140625,1486.6700439453125,1467.780029296875,1467.949951171875,3401050000,1478.6742834924194,1474.1092696530782,False
708,309,2007-12-17,1,1465.050048828125,1465.050048828125,1445.4300537109375,1445.9000244140625,3569030000,1475.5529254849569,1473.8285806457247,False
709,310,2007-12-18,1,1445.9200439453125,1460.1600341796875,1435.6500244140625,1454.97998046875,3723690000,1473.5935973881753,1473.6410323852574,False
710,311,2007-12-19,1,1454.699951171875,1464.4200439453125,1445.31005859375,1453.0,3401300000,1471.6323023988252,1473.435648978439,False
711,312,2007-12-20,1,1456.4200439453125,1461.530029296875,1447.219970703125,1460.1199951171875,3526890000,1470.5358921815264,1473.303154910168,False
712,313,2007-12-21,1,1463.18994140625,1485.4000244140625,1463.18994140625,1484.4599609375,4508590000,1471.8619939678097,1473.4141679054646,False
713,314,2007-12-24,1,1484.550048828125,1497.6300048828125,1484.550048828125,1496.449951171875,1267420000,1474.2037041777207,1473.6433796792599,False
714,315,2007-12-26,1,1495.1199951171875,1498.8499755859375,1488.199951171875,1497.6600341796875,2010500000,1476.4376403683843,1473.8823513658313,False
715,316,2007-12-27,1,1495.050048828125,1495.050048828125,1475.8599853515625,1476.27001953125,2365770000,1476.4216764791336,1473.9061092580246,False
716,317,2007-12-28,1,1479.8299560546875,1488.010009765625,1471.699951171875,1478.489990234375,2420510000,1476.6186587415375,1473.9517200140083,False
717,318,2007-12-31,1,1475.25,1475.8299560546875,1465.1300048828125,1468.3599853515625,2440880000,1475.8321184186827,1473.8960808631382,False
718,319,2008-01-02,1,1467.969970703125,1471.77001953125,1442.0699462890625,1447.1600341796875,3452650000,1473.1014437292545,1473.63005054788,False
719,320,2008-01-03,1,1447.550048828125,1456.800048828125,1443.72998046875,1447.1600341796875,3429500000,1470.6308332959622,1473.3666673004354,False
720,321,2008-01-04,1,1444.010009765625,1444.010009765625,1411.18994140625,1411.6300048828125,4166000000,1465.0117067804242,1472.7523721520015,False
721,322,2008-01-07,1,1414.0699462890625,1423.8699951171875,1403.449951171875,1416.1800537109375,4221260000,1460.3610731547587,1472.189463510797,False
722,323,2008-01-08,1,1415.7099609375,1430.280029296875,1388.300048828125,1390.18994140625,4705390000,1453.6781082263292,1471.3735478679657,False
723,324,2008-01-09,1,1390.25,1409.18994140625,1378.699951171875,1409.1300048828125,5351030000,1449.435431717423,1470.754209131795,False
724,325,2008-01-10,1,1406.780029296875,1429.0899658203125,1395.31005859375,1420.3299560546875,5170490000,1446.6634816543053,1470.2524752703314,False
725,326,2008-01-11,1,1419.9100341796875,1419.9100341796875,1394.8299560546875,1401.02001953125,4495840000,1442.3164852616333,1469.5635951137237,False
726,327,2008-01-14,1,1402.9100341796875,1417.8900146484375,1402.9100341796875,1416.25,3682090000,1439.8339628557633,1469.033111580254,False
727,328,2008-01-15,1,1411.8800048828125,1411.8800048828125,1380.5999755859375,1380.949951171875,4601640000,1434.225961743012,1468.1566622229566,False
728,329,2008-01-16,1,1377.4100341796875,1391.989990234375,1364.27001953125,1373.199951171875,5440620000,1428.4139607362372,1467.211819326926,False
729,330,2008-01-17,1,1374.7900390625,1377.719970703125,1330.6700439453125,1333.25,5303130000,1419.350726380405,1465.8788659007876,False
730,331,2008-01-18,1,1333.9000244140625,1350.280029296875,1312.510009765625,1325.18994140625,6004840000,1410.3830325733425,1464.478976104822,False
731,332,2008-01-22,1,1312.93994140625,1322.0899658203125,1274.2900390625,1310.5,6544690000,1400.8703628044527,1462.9468469893513,False
732,333,2008-01-23,1,1310.4100341796875,1339.0899658203125,1270.050048828125,1338.5999755859375,3241680000,1394.9398497360226,1461.70956468683,False
733,334,2008-01-24,1,1340.1300048828125,1355.1500244140625,1334.31005859375,1352.0699462890625,5735300000,1390.857001788693,1460.6186232102352,False
734,335,2008-01-25,1,1357.3199462890625,1368.56005859375,1327.5,1330.6099853515625,4882250000,1385.1191906994425,1459.3250049230844,False
735,336,2008-01-28,1,1330.699951171875,1353.969970703125,1322.260009765625,1353.9599609375,4100930000,1382.1516450078288,1458.2765965252179,False
736,337,2008-01-29,1,1355.93994140625,1364.9300537109375,1350.18994140625,1362.300048828125,4232960000,1380.2610168002382,1457.3216060008688,False
737,338,2008-01-30,1,1362.219970703125,1385.8599853515625,1352.949951171875,1355.81005859375,4742760000,1377.932354113906,1456.3115408525393,False
738,339,2008-01-31,1,1351.97998046875,1385.6199951171875,1334.0799560546875,1378.550048828125,4970290000,1377.991182181927,1455.5377946632418,False
739,340,2008-02-01,1,1378.5999755859375,1396.02001953125,1375.9300537109375,1395.4200439453125,4650770000,1379.65107377844,1454.9396080889342,False
740,341,2008-02-04,1,1395.3800048828125,1395.3800048828125,1379.68994140625,1380.8199462890625,3495780000,1379.7623949699278,1454.2020990162987,False
741,342,2008-02-05,1,1380.280029296875,1380.280029296875,1336.6400146484375,1336.6400146484375,4315740000,1375.6555016059763,1453.032327032539,False
742,343,2008-02-06,1,1339.47998046875,1351.9599609375,1324.3399658203125,1326.449951171875,4008120000,1370.9692587074906,1451.772800904572,False
743,344,2008-02-07,1,1324.010009765625,1347.1600341796875,1316.75,1336.9100341796875,4589160000,1367.7255230381759,1450.629887802832,False
744,345,2008-02-08,1,1336.8800048828125,1341.219970703125,1321.06005859375,1331.2900390625,3768490000,1364.2554769452545,1449.4424266213362,False
745,346,2008-02-11,1,1331.9200439453125,1341.4000244140625,1320.3199462890625,1339.1300048828125,3593140000,1361.8625748440695,1448.344790584137,False
746,347,2008-02-12,1,1340.550048828125,1362.0999755859375,1339.3599853515625,1348.8599853515625,4044640000,1360.6242329876404,1447.354892024609,False
747,348,2008-02-13,1,1353.1199951171875,1369.22998046875,1350.780029296875,1367.2099609375,3856420000,1361.2514451733414,1446.5574300237424,False
748,349,2008-02-14,1,1367.3299560546875,1368.1600341796875,1347.31005859375,1348.8599853515625,3644760000,1360.071306142696,1445.5853161464074,False
749,350,2008-02-15,1,1347.52001953125,1350.0,1338.1300048828125,1349.989990234375,3583300000,1359.111180818094,1444.634118873651,False
750,351,2008-02-19,1,1355.8599853515625,1367.280029296875,1345.050048828125,1348.780029296875,3613550000,1358.127261625597,1443.6803468380613,False
751,352,2008-02-20,1,1348.3900146484375,1363.7099609375,1336.550048828125,1360.030029296875,3870520000,1358.30847759429,1442.8480053699898,False
752,353,2008-02-21,1,1362.2099609375,1367.93994140625,1339.3399658203125,1342.530029296875,3696660000,1356.8057682326316,1441.849816553342,False
753,354,2008-02-22,1,1344.219970703125,1354.300048828125,1327.0400390625,1353.1099853515625,3572660000,1356.453788910625,1440.9668331582993,False
754,355,2008-02-25,1,1352.75,1374.3599853515625,1346.030029296875,1371.800048828125,3866350000,1357.9153374741966,1440.2786064485465,False
755,356,2008-02-26,1,1371.760009765625,1387.3399658203125,1363.2900390625,1381.2900390625,4096060000,1360.1414995302255,1439.6916555292823,False
756,357,2008-02-27,1,1378.949951171875,1388.3399658203125,1372.0,1380.02001953125,3904700000,1362.0346919112753,1439.0979079074114,False
757,358,2008-02-28,1,1378.1600341796875,1378.1600341796875,1363.1600341796875,1367.6800537109375,3938580000,1362.5723454160052,1438.3872824925213,False
758,359,2008-02-29,1,1364.0699462890625,1364.0699462890625,1325.4200439453125,1330.6300048828125,4426730000,1359.5302177461772,1437.3150707750117,False
759,360,2008-03-03,1,1330.449951171875,1335.1300048828125,1320.0400390625,1331.3399658203125,4117570000,1356.8454318484758,1436.2605921187462,False
760,361,2008-03-04,1,1329.5799560546875,1331.030029296875,1307.3900146484375,1326.75,4757180000,1353.9792002438592,1435.170934485724,False
761,362,2008-03-05,1,1327.68994140625,1344.18994140625,1320.219970703125,1333.699951171875,4277710000,1352.0478431893846,1434.1612729602132,False
762,363,2008-03-06,1,1332.199951171875,1332.199951171875,1303.4200439453125,1304.3399658203125,4323460000,1347.5042358209016,1432.8695186603138,False
763,364,2008-03-07,1,1301.530029296875,1313.239990234375,1282.4300537109375,1293.3699951171875,4565410000,1342.3485938491192,1431.4814636996857,False
764,365,2008-03-10,1,1293.1600341796875,1295.010009765625,1272.6600341796875,1273.3699951171875,4261240000,1335.7792034936972,1429.9082152560788,False
765,366,2008-03-11,1,1274.4000244140625,1320.6500244140625,1274.4000244140625,1320.6500244140625,5109080000,1334.3383292956366,1428.8210690785465,False
766,367,2008-03-12,1,1321.1300048828125,1333.260009765625,1307.8599853515625,1308.77001953125,4414280000,1331.903252175219,1427.626531272106,False
767,368,2008-03-13,1,1305.260009765625,1321.6800537109375,1282.1099853515625,1315.47998046875,5073360000,1330.3391310603172,1426.5106451944607,False
768,369,2008-03-14,1,1316.050048828125,1321.469970703125,1274.8599853515625,1288.1400146484375,5153780000,1326.320167592519,1425.133822999973,False
769,370,2008-03-17,1,1283.2099609375,1287.5,1256.97998046875,1276.5999755859375,5683010000,1321.58491121094,1423.6558742694854,False
770,371,2008-03-18,1,1277.1600341796875,1330.739990234375,1277.1600341796875,1330.739990234375,5335630000,1322.456823498886,1422.731338109932,False
771,372,2008-03-19,1,1330.969970703125,1341.510009765625,1298.4200439453125,1298.4200439453125,5358550000,1320.1676063985456,1421.4944098097865,False
772,373,2008-03-20,1,1299.6700439453125,1330.6700439453125,1295.219970703125,1329.510009765625,6145220000,1321.057359100172,1420.5791421476556,False
773,374,2008-03-24,1,1330.2900390625,1359.6800537109375,1330.2900390625,1349.8800048828125,4499000000,1323.8023729842332,1419.8756681450204,False
774,375,2008-03-25,1,1349.0699462890625,1357.469970703125,1341.2099609375,1352.989990234375,4145120000,1326.5821460556754,1419.2101390115813,False
775,376,2008-03-26,1,1352.449951171875,1352.449951171875,1336.4100341796875,1341.1300048828125,4055670000,1327.9676564201645,1418.4332222540813,False
776,377,2008-03-27,1,1340.3399658203125,1345.6199951171875,1325.6600341796875,1325.760009765625,4037930000,1327.7574043578275,1417.5111007367832,False
777,378,2008-03-28,1,1327.02001953125,1334.8699951171875,1312.949951171875,1315.219970703125,3686980000,1326.5633630573795,1416.4932785473936,False
778,379,2008-03-31,1,1315.9200439453125,1328.52001953125,1312.81005859375,1322.699951171875,4188990000,1326.1954190682839,1415.5600116083338,False
779,380,2008-04-01,1,1326.4100341796875,1370.1800537109375,1326.4100341796875,1370.1800537109375,4745120000,1330.384431891394,1415.108469738708,False
780,381,2008-04-02,1,1369.9599609375,1377.949951171875,1361.550048828125,1367.530029296875,4320440000,1333.922107834773,1414.635052420879,False
781,382,2008-04-03,1,1365.68994140625,1375.6600341796875,1358.6800537109375,1369.31005859375,3920100000,1337.2923888594373,1414.184057457425,False
782,383,2008-04-04,1,1369.8499755859375,1380.9100341796875,1362.8299560546875,1370.4000244140625,3703100000,1340.4454970074967,1413.7483954370932,False
783,384,2008-04-07,1,1373.68994140625,1386.739990234375,1369.02001953125,1372.5400390625,3747780000,1343.5021200603542,1413.3383620403313,False
784,385,2008-04-08,1,1370.1600341796875,1370.1600341796875,1360.6199951171875,1365.5400390625,3602500000,1345.60096948913,1412.8627568365719,False
785,386,2008-04-09,1,1365.5,1368.3900146484375,1349.969970703125,1354.489990234375,3556670000,1346.447542893439,1412.2819332882914,False
786,387,2008-04-10,1,1355.3699951171875,1367.239990234375,1350.1099853515625,1360.550048828125,3686150000,1347.7906386967425,1411.7671881692847,False
787,388,2008-04-11,1,1357.97998046875,1357.97998046875,1331.2099609375,1332.8299560546875,3723790000,1346.3658117784516,1410.9817430736173,False
788,389,2008-04-14,1,1332.199951171875,1335.6400146484375,1326.1600341796875,1328.3199462890625,3565020000,1344.6471579223194,1410.159237632975,False
789,390,2008-04-15,1,1331.719970703125,1337.719970703125,1324.3499755859375,1334.4300537109375,3581230000,1343.6741003783784,1409.4057134148452,False
790,391,2008-04-16,1,1337.02001953125,1365.489990234375,1337.02001953125,1364.7099609375,4260370000,1345.6775156697233,1408.9609795593492,False
791,392,2008-04-17,1,1363.3699951171875,1368.5999755859375,1357.25,1365.56005859375,3713880000,1347.5710911862975,1408.5291295994925,False
792,393,2008-04-18,1,1369.0,1395.9000244140625,1369.0,1390.3299560546875,4222380000,1351.643364030906,1408.3480432955641,False
793,394,2008-04-21,1,1387.719970703125,1390.22998046875,1379.25,1388.1700439453125,3420570000,1355.1220954513255,1408.1472671826264,False
794,395,2008-04-22,1,1386.4300537109375,1386.4300537109375,1369.8399658203125,1375.93994140625,3821900000,1357.1047474470327,1407.8267962793789,False
795,396,2008-04-23,1,1378.4000244140625,1387.8699951171875,1372.239990234375,1379.9300537109375,4103610000,1359.2785861388331,1407.5492167513346,False
796,397,2008-04-24,1,1380.52001953125,1397.719970703125,1371.0899658203125,1388.8199462890625,4461660000,1362.0920490102835,1407.3628558512125,False
797,398,2008-04-25,1,1387.8800048828125,1399.1099853515625,1379.97998046875,1397.8399658203125,3891150000,1365.4966125160006,1407.268100726527,False
798,399,2008-04-28,1,1397.9599609375,1402.9000244140625,1394.4000244140625,1396.3699951171875,3607000000,1368.4369346684946,1407.1596618647427,False
799,400,2008-04-29,1,1395.6099853515625,1397.0,1386.699951171875,1390.93994140625,3815320000,1370.5800781673283,1406.9982716114243,False
800,401,2008-04-30,1,1391.219970703125,1404.5699462890625,1384.25,1385.5899658203125,4508890000,1372.0095912771365,1406.7852536433536,False
801,402,2008-05-01,1,1385.969970703125,1410.0699462890625,1383.0699462890625,1409.3399658203125,4448780000,1375.5648650431533,1406.810673665015,False
802,403,2008-05-02,1,1409.1600341796875,1422.719970703125,1406.25,1413.9000244140625,3953030000,1379.2158326022875,1406.881214468488,False
803,404,2008-05-05,1,1415.3399658203125,1415.3399658203125,1404.3699951171875,1407.489990234375,3410090000,1381.9086095196292,1406.8872719387953,False
804,405,2008-05-06,1,1405.5999755859375,1421.5699462890625,1397.0999755859375,1418.260009765625,3924100000,1385.3706476382954,1407.0004335092115,False
805,406,2008-05-07,1,1417.489990234375,1419.5400390625,1391.1600341796875,1392.5699462890625,4075860000,1386.0562951288446,1406.8568465716976,False
806,407,2008-05-08,1,1394.2900390625,1402.3499755859375,1389.3900146484375,1397.6800537109375,3827550000,1387.1633197557105,1406.7655351999488,False
807,408,2008-05-09,1,1394.9000244140625,1394.9000244140625,1384.1099853515625,1388.280029296875,3518620000,1387.2696730453451,1406.5815998178286,False
808,409,2008-05-12,1,1389.4000244140625,1404.06005859375,1386.199951171875,1403.5799560546875,3370630000,1388.8230333319493,1406.5517327157079,False
809,410,2008-05-13,1,1404.4000244140625,1406.300048828125,1396.260009765625,1403.0400390625,4018590000,1390.177033877716,1406.5167904903028,False
810,411,2008-05-14,1,1405.6500244140625,1420.18994140625,1405.6500244140625,1408.6600341796875,3979370000,1391.9373196207607,1406.5381162981573,False
811,412,2008-05-15,1,1408.3599853515625,1424.4000244140625,1406.8699951171875,1423.5699462890625,3836480000,1394.9499507320277,1406.7075872433404,False
812,413,2008-05-16,1,1423.8900146484375,1425.8199462890625,1414.3499755859375,1425.3499755859375,3842590000,1397.8451911943048,1406.8930836447594,False
813,414,2008-05-19,1,1425.280029296875,1440.239990234375,1421.6300048828125,1426.6300048828125,3683970000,1400.5866020217818,1407.08947092076,False
814,415,2008-05-20,1,1424.489990234375,1424.489990234375,1409.0899658203125,1413.4000244140625,3854320000,1401.806927963904,1407.152262497808,False
815,416,2008-05-21,1,1414.06005859375,1419.1199951171875,1388.81005859375,1390.7099609375,4517990000,1400.7500739613893,1406.9886575071582,False
816,417,2008-05-22,1,1390.8299560546875,1399.0699462890625,1390.22998046875,1394.3499755859375,3955960000,1400.1405407827747,1406.8628994780915,False
817,418,2008-05-23,1,1392.199951171875,1392.199951171875,1373.719970703125,1375.9300537109375,3516380000,1397.8347801092664,1406.5551099679708,False
818,419,2008-05-27,1,1375.969970703125,1387.4000244140625,1373.0699462890625,1385.3499755859375,3588860000,1396.6457511070446,1406.3441136059607,False
819,420,2008-05-28,1,1386.5400390625,1391.25,1378.1600341796875,1390.8399658203125,3927240000,1396.092819174975,1406.1898434787404,False
820,421,2008-05-29,1,1390.5,1406.3199462890625,1388.5899658203125,1398.260009765625,3894440000,1396.2992182788462,1406.1109396606996,False
821,422,2008-05-30,1,1398.3599853515625,1404.4599609375,1398.0799560546875,1400.3800048828125,3845630000,1396.6878646220812,1406.053915434054,False
822,423,2008-06-02,1,1399.6199951171875,1399.6199951171875,1377.7900390625,1385.6700439453125,3714320000,1395.6385483671509,1405.8510908421263,False
823,424,2008-06-03,1,1386.4200439453125,1393.1199951171875,1370.1199951171875,1377.6500244140625,4396380000,1393.925355609714,1405.5704832159763,False
824,425,2008-06-04,1,1376.260009765625,1388.1800537109375,1371.739990234375,1377.199951171875,4338640000,1392.3324599489674,1405.2881893647914,False
825,426,2008-06-05,1,1377.47998046875,1404.050048828125,1377.47998046875,1404.050048828125,4350790000,1393.4484207946014,1405.2758695584564,False
826,427,2008-06-06,1,1400.06005859375,1400.06005859375,1359.9000244140625,1360.6800537109375,4771660000,1390.3276239294905,1404.832130097287,False
827,428,2008-06-09,1,1360.8299560546875,1370.6300048828125,1350.6199951171875,1361.760009765625,4404570000,1387.606898771027,1404.4035517855293,False
828,429,2008-06-10,1,1358.97998046875,1366.8399658203125,1351.56005859375,1358.43994140625,4635070000,1384.829093307715,1403.9462024285217,False
829,430,2008-06-11,1,1357.0899658203125,1357.0899658203125,1335.469970703125,1335.489990234375,4779980000,1380.130131110254,1403.2650460882815,False
830,431,2008-06-12,1,1335.780029296875,1353.030029296875,1331.2900390625,1339.8699951171875,4734240000,1376.2958324442477,1402.634249561206,False
831,432,2008-06-13,1,1341.81005859375,1360.030029296875,1341.7099609375,1360.030029296875,4080420000,1374.746708334974,1402.2103269715112,False
832,433,2008-06-16,1,1358.8499755859375,1364.699951171875,1352.0699462890625,1360.1400146484375,3706940000,1373.355594650542,1401.7917168986448,False
833,434,2008-06-17,1,1360.7099609375,1366.5899658203125,1350.5400390625,1350.9300537109375,3801960000,1371.21982884677,1401.2856306977721,False
834,435,2008-06-18,1,1349.5899658203125,1349.5899658203125,1333.4000244140625,1337.81005859375,4573570000,1368.03794596553,1400.654032965394,False
835,436,2008-06-19,1,1336.8900146484375,1347.6600341796875,1330.5,1342.8299560546875,4811670000,1365.6371850216403,1400.078669016034,False
836,437,2008-06-20,1,1341.02001953125,1341.02001953125,1314.4599609375,1317.9300537109375,5324900000,1361.0936487063352,1399.2612698587693,False
837,438,2008-06-23,1,1319.77001953125,1323.780029296875,1315.31005859375,1318.0,4186370000,1356.9894916866842,1398.4527000094283,False
838,439,2008-06-24,1,1317.22998046875,1326.02001953125,1304.4200439453125,1314.2900390625,4705050000,1352.9228771510475,1397.615260597021,False
839,440,2008-06-25,1,1314.5400390625,1335.6300048828125,1314.5400390625,1321.969970703125,4825640000,1349.9749812988643,1396.8625711453403,False
840,441,2008-06-26,1,1316.2900390625,1316.2900390625,1283.1500244140625,1283.1500244140625,5231280000,1343.6106996907881,1395.731103018661,False
841,442,2008-06-27,1,1283.5999755859375,1289.449951171875,1272.0,1278.3800048828125,6208260000,1337.398252566219,1394.5634304003938,False
842,443,2008-06-30,1,1278.06005859375,1290.31005859375,1274.8599853515625,1280.0,5032330000,1331.9317523218174,1393.4234957695442,False
843,444,2008-07-01,1,1276.68994140625,1285.31005859375,1260.6800537109375,1284.9100341796875,5846290000,1327.4534934511382,1392.3437598333269,False
844,445,2008-07-02,1,1285.8199462890625,1292.1700439453125,1261.510009765625,1261.52001953125,5276090000,1321.1741149825775,1391.0420310741024,False
845,446,2008-07-03,1,1262.9599609375,1271.47998046875,1252.010009765625,1262.9000244140625,3247590000,1315.6242015950997,1389.766986231714,False
846,447,2008-07-07,1,1262.9000244140625,1273.949951171875,1240.6800537109375,1252.31005859375,5265420000,1309.5942832140188,1388.3992556084509,False
847,448,2008-07-08,1,1251.8399658203125,1274.1700439453125,1242.8399658203125,1273.699951171875,6034110000,1306.1757754004811,1387.2579689971417,False
848,449,2008-07-09,1,1273.3800048828125,1277.3599853515625,1244.5699462890625,1244.68994140625,5181000000,1300.319981686745,1385.8393816579287,False
849,450,2008-07-10,1,1245.25,1257.6500244140625,1236.760009765625,1253.3900146484375,5840430000,1295.8504610164298,1384.5214775085806,False
850,451,2008-07-11,1,1248.6600341796875,1257.27001953125,1225.3499755859375,1239.489990234375,6742200000,1290.4827971324246,1383.078378132718,False
851,452,2008-07-14,1,1241.6099853515625,1253.5,1225.010009765625,1228.300048828125,5434860000,1284.5606306272532,1381.5382952540654,False
852,453,2008-07-15,1,1226.8299560546875,1234.3499755859375,1200.43994140625,1214.9100341796875,7363640000,1277.92724048939,1379.880302606559,False
853,454,2008-07-16,1,1214.6500244140625,1245.52001953125,1211.3900146484375,1245.3599853515625,6738630000,1274.8255971429303,1378.5417919871065,False
854,455,2008-07-17,1,1246.31005859375,1262.31005859375,1241.489990234375,1260.3199462890625,7365210000,1273.4441065854191,1377.3654552139917,False
855,456,2008-07-18,1,1258.219970703125,1262.22998046875,1251.81005859375,1260.6800537109375,5653280000,1272.2284825021352,1376.2044064428171,False
856,457,2008-07-21,1,1261.8199462890625,1267.739990234375,1255.699951171875,1260.0,4630640000,1271.0638651209795,1375.0481436921425,False
857,458,2008-07-22,1,1257.0799560546875,1277.4200439453125,1248.8299560546875,1277.0,6180230000,1271.629211299934,1374.07254027232,False
858,459,2008-07-23,1,1278.8699951171875,1291.1700439453125,1276.06005859375,1282.18994140625,6705830000,1272.6349951195832,1373.1582855572349,False
859,460,2008-07-24,1,1283.219970703125,1283.219970703125,1251.47998046875,1252.5400390625,6127980000,1270.7211897808133,1371.9581040000735,False
860,461,2008-07-25,1,1253.510009765625,1263.22998046875,1251.75,1257.760009765625,4672560000,1269.4867916841288,1370.8218045549547,False
861,462,2008-07-28,1,1257.760009765625,1260.0899658203125,1234.3699951171875,1234.3699951171875,4282960000,1266.1423348682297,1369.4640751078127,False
862,463,2008-07-29,1,1236.3800048828125,1263.199951171875,1236.3800048828125,1263.199951171875,5414240000,1265.8621078495291,1368.4067206407885,False
863,464,2008-07-30,1,1264.52001953125,1284.3299560546875,1264.52001953125,1284.260009765625,5631330000,1267.6142889843954,1367.5694399355632,False
864,465,2008-07-31,1,1281.3699951171875,1284.9300537109375,1265.969970703125,1267.3800048828125,5346050000,1267.5919762128162,1366.5725301340433,False
865,466,2008-08-01,1,1269.4200439453125,1270.52001953125,1254.5400390625,1260.31005859375,4684870000,1266.8984602490957,1365.5151921087668,False
866,467,2008-08-04,1,1253.27001953125,1260.489990234375,1247.449951171875,1249.010009765625,4562280000,1265.194798298289,1364.355936563064,False
867,468,2008-08-05,1,1254.8699951171875,1284.8800048828125,1254.6700439453125,1284.8800048828125,1219310000,1267.0695798777676,1363.5651312727132,False
868,469,2008-08-06,1,1283.989990234375,1291.6700439453125,1276.0,1289.18994140625,4873420000,1269.1762809757183,1362.825079632251,False
869,470,2008-08-07,1,1286.510009765625,1286.510009765625,1264.2900390625,1266.0699462890625,5319380000,1268.8804395769891,1361.8623419870453,False
870,471,2008-08-08,1,1266.2900390625,1297.8499755859375,1262.1099853515625,1296.3199462890625,4966810000,1271.49372593052,1361.2101788457717,False
871,472,2008-08-11,1,1294.4200439453125,1313.1500244140625,1291.4100341796875,1305.3199462890625,5067310000,1274.7152707265716,1360.6540571287896,False
872,473,2008-08-12,1,1304.7900390625,1304.7900390625,1285.6400146484375,1289.5899658203125,4711290000,1276.131908354547,1359.9469517426357,False
873,474,2008-08-13,1,1288.6400146484375,1294.030029296875,1274.8599853515625,1285.8299560546875,4787600000,1277.0555319450366,1359.209469198477,False
874,475,2008-08-14,1,1282.1099853515625,1300.1099853515625,1276.8399658203125,1292.9300537109375,4064000000,1278.5673911608367,1358.5499725269594,False
875,476,2008-08-15,1,1293.8499755859375,1302.050048828125,1290.739990234375,1298.199951171875,4041820000,1280.4371587809358,1357.9494748020334,False
876,477,2008-08-18,1,1298.1400146484375,1300.219970703125,1274.510009765625,1278.5999755859375,3829290000,1280.2621889528407,1357.159927546152,False
877,478,2008-08-19,1,1276.6500244140625,1276.6500244140625,1263.1099853515625,1266.68994140625,4159760000,1278.9695939484036,1356.2597286790883,False
878,479,2008-08-20,1,1267.3399658203125,1276.010009765625,1261.1600341796875,1274.5400390625,4555030000,1278.5477315783176,1355.4465974391223,False
879,480,2008-08-21,1,1271.0699462890625,1281.4000244140625,1265.219970703125,1277.719970703125,4032590000,1278.4688972092515,1354.6731981681176,False
880,481,2008-08-22,1,1277.5899658203125,1293.0899658203125,1277.5899658203125,1292.199951171875,3741070000,1279.7766166342633,1354.0515738198965,False
881,482,2008-08-25,1,1290.469970703125,1290.469970703125,1264.8699951171875,1266.8399658203125,3420600000,1278.5445546519823,1353.1837966258709,False
882,483,2008-08-26,1,1267.030029296875,1275.6500244140625,1263.2099609375,1271.510009765625,3587570000,1277.8745979961386,1352.3711221297492,False
883,484,2008-08-27,1,1271.2900390625,1285.050048828125,1270.030029296875,1281.6600341796875,3499610000,1278.2351157279052,1351.6675292148232,False
884,485,2008-08-28,1,1283.7900390625,1300.6800537109375,1283.7900390625,1300.6800537109375,3854280000,1280.3727288691464,1351.160191150108,False
885,486,2008-08-29,1,1296.489990234375,1297.5899658203125,1282.739990234375,1282.8299560546875,3288120000,1280.6067505058647,1350.4802883133375,False
886,487,2008-09-02,1,1287.8299560546875,1303.0400390625,1272.199951171875,1277.5799560546875,4783560000,1280.3184843676574,1349.754911872953,False
887,488,2008-09-03,1,1276.6099853515625,1280.5999755859375,1265.5899658203125,1274.97998046875,5056980000,1279.8100554249045,1349.010882704752,False
888,489,2008-09-04,1,1271.800048828125,1271.800048828125,1232.8299560546875,1236.8299560546875,5212500000,1275.716712627741,1347.8946545788808,False
889,490,2008-09-05,1,1233.2099609375,1244.93994140625,1217.22998046875,1242.31005859375,5017080000,1272.5351265292654,1346.844061584004,False
890,491,2008-09-08,1,1249.5,1274.4200439453125,1247.1199951171875,1267.7900390625,7351340000,1272.0832134371926,1346.0574543947355,False
891,492,2008-09-09,1,1267.97998046875,1268.6600341796875,1224.510009765625,1224.510009765625,7380630000,1267.5524321351386,1344.8480270849932,False
892,493,2008-09-10,1,1227.5,1243.9000244140625,1221.5999755859375,1232.0400390625,6543440000,1264.170299461554,1343.7255595424808,False
893,494,2008-09-11,1,1229.0400390625,1249.97998046875,1211.5400390625,1249.050048828125,6869250000,1262.7302755917035,1342.783514659751,False
894,495,2008-09-12,1,1245.8800048828125,1255.0899658203125,1233.81005859375,1251.699951171875,6273260000,1261.6797685041008,1341.8772105454439,False
895,496,2008-09-15,1,1250.9200439453125,1250.9200439453125,1192.699951171875,1192.699951171875,8279510000,1255.110262091508,1340.392859705906,False
896,497,2008-09-16,1,1188.31005859375,1214.8399658203125,1169.280029296875,1213.5999755859375,9459830000,1251.15690147193,1339.131238968394,False
897,498,2008-09-17,1,1210.3399658203125,1210.3399658203125,1155.8800048828125,1156.3900146484375,9431870000,1242.1314836792164,1337.3129183283945,False
898,499,2008-09-18,1,1157.0799560546875,1211.1400146484375,1133.5,1206.510009765625,10082690000,1238.7389623541126,1336.0113968501582,False
899,500,2008-09-19,1,1213.1099853515625,1265.1199951171875,1213.1099853515625,1255.0799560546875,9387170000,1240.2952474684532,1335.2061088820442,False
900,501,2008-09-22,1,1255.3699951171875,1255.3699951171875,1205.6099853515625,1207.0899658203125,5368130000,1237.1328396924398,1333.9313213888927,False
901,502,2008-09-23,1,1207.6099853515625,1221.1500244140625,1187.06005859375,1188.219970703125,5185730000,1232.474471217267,1332.4814572029647,False
902,503,2008-09-24,1,1188.7900390625,1197.4100341796875,1179.7900390625,1185.8699951171875,4820360000,1228.035949683926,1331.0226366846982,False
903,504,2008-09-25,1,1187.8699951171875,1220.030029296875,1187.8699951171875,1209.1800537109375,5877640000,1226.2401500674507,1329.8102726750092,False
904,505,2008-09-26,1,1204.469970703125,1215.77001953125,1187.5400390625,1213.27001953125,5383610000,1225.0048995401935,1328.650668166116,False
905,506,2008-09-29,1,1209.0699462890625,1209.0699462890625,1106.4200439453125,1106.4200439453125,7305060000,1213.7111037692523,1326.4394181738692,False
906,507,2008-09-30,1,1113.780029296875,1168.030029296875,1113.780029296875,1166.3599853515625,4937680000,1209.201473443758,1324.846587996533,False
907,508,2008-10-01,1,1164.1700439453125,1167.030029296875,1140.77001953125,1161.06005859375,5782130000,1204.6165767913762,1323.2168712860573,False
908,509,2008-10-02,1,1160.6400146484375,1160.6400146484375,1111.4300537109375,1114.280029296875,6285640000,1196.0130960776141,1321.1378977339261,False
909,510,2008-10-03,1,1115.1600341796875,1153.8199462890625,1098.1400146484375,1099.22998046875,6716120000,1186.7956564958174,1318.9298587561632,False
910,511,2008-10-06,1,1097.56005859375,1097.56005859375,1007.969970703125,1056.8900146484375,7956020000,1174.4236906055908,1316.3224971232505,False
911,512,2008-10-07,1,1057.5999755859375,1072.9100341796875,996.22998046875,996.22998046875,7069210000,1157.452861068749,1313.137496957534,False
912,513,2008-10-08,1,988.9099731445312,1021.0599975585938,970.969970703125,984.9400024414062,8716330000,1141.023065009002,1309.8718502459308,False
913,514,2008-10-09,1,988.4199829101562,1005.25,909.1900024414062,909.9199829101562,6819000000,1119.0132476662548,1305.8922296754256,False
914,515,2008-10-10,1,902.3099975585938,936.3599853515625,839.7999877929688,899.219970703125,11456230000,1098.080554622147,1301.8457395363978,False
915,516,2008-10-13,1,912.75,1006.9299926757812,912.75,1003.3499755859375,7263370000,1089.0585947139366,1298.875632432413,False
916,517,2008-10-14,1,1009.969970703125,1044.31005859375,972.0700073242188,998.010009765625,8161990000,1080.3873009093354,1295.881944644684,False
917,518,2008-10-15,1,994.5999755859375,994.5999755859375,903.989990234375,907.8400268554688,6542330000,1063.9542271899195,1292.0208310348412,False
918,519,2008-10-16,1,909.530029296875,947.7100219726562,865.8300170898438,946.4299926757812,7984500000,1052.7614429504777,1288.5821162252983,False
919,520,2008-10-17,1,942.2899780273438,984.6400146484375,918.739990234375,940.5499877929688,6581780000,1042.0746376973816,1285.1191099722403,False
920,521,2008-10-20,1,943.510009765625,985.4000244140625,943.510009765625,985.4000244140625,5175640000,1036.6770554799227,1282.13683051395,False
921,522,2008-10-21,1,980.4000244140625,985.4400024414062,952.469970703125,955.0499877929688,5121830000,1028.903049033546,1278.88223506399,False
922,523,2008-10-22,1,951.6699829101562,951.6699829101562,875.8099975585938,896.780029296875,6147980000,1016.3199042967202,1275.0802230663073,False
923,524,2008-10-23,1,899.0800170898438,922.8300170898438,858.4400024414062,908.1099853515625,7189900000,1006.0141977305148,1271.4287779149167,False
924,525,2008-10-24,1,895.219970703125,896.2999877929688,852.8499755859375,876.77001953125,6550050000,993.7052283782039,1267.501825095179,False
925,526,2008-10-27,1,874.280029296875,893.780029296875,846.75,848.9199829101562,5558050000,979.9161573812469,1263.3368316406018,False
926,527,2008-10-28,1,848.9199829101562,940.510009765625,845.27001953125,940.510009765625,7096950000,976.1631909416639,1260.1246244577662,False
927,528,2008-10-29,1,939.510009765625,969.969970703125,922.260009765625,930.0900268554688,7077800000,971.7752705525024,1256.8406981134647,False
928,529,2008-10-30,1,939.3800048828125,963.22998046875,928.5,954.0900268554688,6175830000,970.0909616289754,1253.8282536233355,False
929,530,2008-10-31,1,953.1099853515625,984.3800048828125,944.5900268554688,968.75,6394350000,969.9632509976443,1250.991654084795,False
930,531,2008-11-03,1,968.6699829101562,975.5700073242188,958.8200073242188,966.2999877929688,4492280000,969.6143687876752,1248.1589011863691,False
931,532,2008-11-04,1,971.3099975585938,1007.510009765625,971.3099975585938,1005.75,5531290000,973.0558574745633,1245.746872318843,False
932,533,2008-11-05,1,1001.8400268554688,1001.8400268554688,949.8599853515625,952.77001953125,5426640000,971.1238729085334,1242.8316797537925,False
933,534,2008-11-06,1,952.4000244140625,952.4000244140625,899.72998046875,904.8800048828125,6102230000,964.81493309656,1239.4689765212454,False
934,535,2008-11-07,1,907.4400024414062,931.4600219726562,906.9000244140625,930.989990234375,4931640000,961.5935099668282,1236.399533871625,False
935,536,2008-11-10,1,936.75,951.9500122070312,907.469970703125,919.2100219726562,4572000000,957.5569873007165,1233.2434193253666,False
936,537,2008-11-11,1,917.1500244140625,917.1500244140625,884.9000244140625,898.9500122070312,4998340000,951.9753706251274,1229.9171167669754,False
937,538,2008-11-12,1,893.3900146484375,893.3900146484375,850.47998046875,852.2999877929688,5764180000,942.4824770220647,1226.159732399075,False
938,539,2008-11-13,1,853.1300048828125,913.010009765625,818.6900024414062,911.2899780273438,7849120000,939.5117628320913,1223.0267000172669,False
939,540,2008-11-14,1,904.3599853515625,916.8800048828125,869.8800048828125,873.2899780273438,5881030000,933.2049261840202,1219.5467326342825,False
940,541,2008-11-17,1,873.22998046875,882.2899780273438,848.97998046875,850.75,4927490000,925.3520760712564,1215.8771134040908,False
941,542,2008-11-18,1,852.3400268554688,865.9000244140625,826.8400268554688,859.1199951171875,6679470000,919.0442588375355,1212.3272913315843,False
942,543,2008-11-19,1,859.030029296875,864.5700073242188,806.1799926757812,806.5800170898438,6548600000,908.3333786710887,1208.2900050207213,False
943,544,2008-11-20,1,805.8699951171875,820.52001953125,747.780029296875,752.4400024414062,9093740000,893.486390458738,1203.7541840995343,False
944,545,2008-11-21,1,755.8400268554688,801.2000122070312,741.02001953125,800.030029296875,9495900000,884.5857846337987,1199.7370283303537,False
945,546,2008-11-24,1,801.2000122070312,865.5999755859375,801.2000122070312,851.8099975585938,7879440000,881.4642811028267,1196.275067825162,False
946,547,2008-11-25,1,853.4000244140625,868.9400024414062,834.989990234375,857.3900146484375,6952700000,879.1714938214564,1192.903077246289,False
947,548,2008-11-26,1,852.9000244140625,887.6799926757812,841.3699951171875,887.6799926757812,5793260000,879.9818270456777,1189.8660316286723,False
948,549,2008-11-28,1,886.8900146484375,896.25,881.2100219726562,896.239990234375,2740860000,881.5302235398394,1186.9443794754952,False
949,550,2008-12-01,1,888.6099853515625,888.6099853515625,815.6900024414062,816.2100219726562,6052010000,875.3092519620125,1183.2554803958649,False
950,551,2008-12-02,1,817.9400024414062,850.5399780273438,817.9400024414062,848.8099975585938,6170100000,872.7855134474011,1179.9276646462404,False
951,552,2008-12-03,1,843.5999755859375,873.1199951171875,827.5999755859375,870.739990234375,6221880000,872.5907017128271,1176.8511703734855,False
952,553,2008-12-04,1,869.75,875.5999755859375,833.5999755859375,845.219970703125,5860390000,869.9839654261889,1173.5513574414422,False
953,554,2008-12-05,1,844.4299926757812,879.4199829101562,818.4099731445312,876.0700073242188,6165370000,870.5635884640965,1170.59134400744,False
954,555,2008-12-08,1,882.7100219726562,918.5700073242188,882.7100219726562,909.7000122070312,6553600000,874.2908669158045,1167.995410357685,False
955,556,2008-12-09,1,906.47998046875,916.260009765625,885.3800048828125,888.6699829101562,5693110000,875.6603065343141,1165.216052870645,False
956,557,2008-12-10,1,892.1699829101562,908.27001953125,885.4500122070312,899.239990234375,5942130000,877.9059906962246,1162.5695248842146,False
957,558,2008-12-11,1,898.3499755859375,904.6300048828125,868.72998046875,873.5900268554688,5513840000,877.4949465209146,1159.6941069933814,False
958,559,2008-12-12,1,871.7899780273438,883.239990234375,851.3499755859375,879.72998046875,5959590000,877.7078068968989,1156.9083942916438,False
959,560,2008-12-15,1,881.0700073242188,884.6300048828125,857.719970703125,868.5700073242188,4982390000,876.8375402709294,1154.039355615351,False
960,561,2008-12-16,1,871.530029296875,914.6599731445312,871.530029296875,913.1799926757812,6009780000,880.2987262142485,1151.642745038838,False
961,562,2008-12-17,1,908.1599731445312,918.8499755859375,895.9400024414062,904.4199829101562,5907380000,882.595988756716,1149.1828170574581,False
962,563,2008-12-18,1,905.97998046875,911.02001953125,877.4400024414062,885.280029296875,5675000000,882.8516116653026,1146.5569186717807,False
963,564,2008-12-19,1,886.9600219726562,905.469970703125,883.02001953125,887.8800048828125,6705310000,883.3305062574464,1143.9830190320897,False
964,565,2008-12-22,1,887.2000122070312,887.3699951171875,857.0900268554688,871.6300048828125,4869850000,882.2161727931955,1141.2730387917986,False
965,566,2008-12-23,1,874.3099975585938,880.4400024414062,860.0999755859375,863.1599731445312,4051970000,880.4012966361798,1138.5057446062538,False
966,567,2008-12-24,1,863.8699951171875,869.7899780273438,861.4400024414062,868.1500244140625,1546550000,879.234508805502,1135.8156379376749,False
967,568,2008-12-26,1,869.510009765625,873.739990234375,866.52001953125,872.7999877929688,1880050000,878.6216972804988,1133.1985667919564,False
968,569,2008-12-29,1,872.3699951171875,873.7000122070312,857.0700073242188,869.4199829101562,3323430000,877.7453435309424,1130.5739042657694,False
969,570,2008-12-30,1,870.5800170898438,891.1199951171875,870.5800170898438,890.6400146484375,3627800000,878.9734074468943,1128.18650237903,False
970,571,2008-12-31,1,890.5900268554688,910.3200073242188,889.6699829101562,903.25,4172940000,881.2854638805234,1125.9483282260046,False
971,572,2009-01-02,1,902.989990234375,934.72998046875,899.3499755859375,931.7999877929688,4048270000,886.0963709198038,1124.016503943089,False
972,573,2009-01-05,1,929.1699829101562,936.6300048828125,919.530029296875,927.4500122070312,5413910000,890.0348129471588,1122.060618453178,False
973,574,2009-01-06,1,931.1699829101562,943.8499755859375,927.280029296875,934.7000122070312,5392620000,894.288641448099,1120.1963338139128,False
974,575,2009-01-07,1,927.4500122070312,927.4500122070312,902.3699951171875,906.6500244140625,4704940000,895.4659160162861,1118.071494914412,False
975,576,2009-01-08,1,905.72998046875,910.0,896.8099975585938,909.72998046875,4991550000,896.8243983450922,1115.9984450194304,False
976,577,2009-01-09,1,909.9099731445312,911.9299926757812,888.3099975585938,890.3499755859375,4716500000,896.207786653744,1113.753186617107,False
977,578,2009-01-12,1,890.4000244140625,890.4000244140625,864.3200073242188,870.260009765625,4725050000,893.7365698072565,1111.330368936993,False
978,579,2009-01-13,1,869.7899780273438,877.02001953125,862.02001953125,871.7899780273438,5567460000,891.6464182091695,1108.94688246028,False
979,580,2009-01-14,1,867.280029296875,867.280029296875,836.9299926757812,842.6199951171875,5407880000,886.9772350575522,1106.2968636807468,False
980,581,2009-01-15,1,841.989990234375,851.5900268554688,817.0399780273438,843.739990234375,7807350000,882.8594022172497,1103.6843574773004,False
981,582,2009-01-16,1,844.4500122070312,858.1300048828125,830.6599731445312,850.1199951171875,6786040000,879.7413634458153,1101.1613289961053,False
982,583,2009-01-20,1,849.6400146484375,849.6400146484375,804.469970703125,805.219970703125,6375230000,872.6440879465115,1098.216638863837,False
983,584,2009-01-21,1,806.77001953125,841.719970703125,804.2999877929688,840.239990234375,6467830000,869.5579834024985,1095.6497070366781,False
984,585,2009-01-22,1,839.739990234375,839.739990234375,811.2899780273438,827.5,5843830000,865.5524611736892,1092.981550747756,False
985,586,2009-01-23,1,822.1599731445312,838.6099853515625,806.0700073242188,831.9500122070312,5832160000,862.3522279387694,1090.3842220060574,False
986,587,2009-01-26,1,832.5,852.530029296875,827.6900024414062,836.5700073242188,6039940000,859.8967783564312,1087.8587074321088,False
987,588,2009-01-27,1,837.2999877929688,850.4500122070312,835.4000244140625,845.7100219726562,5353260000,858.5456587008337,1085.4492677757958,False
988,589,2009-01-28,1,845.72998046875,877.8599853515625,845.72998046875,874.0900268554688,6199180000,860.0260747155609,1083.346190751713,False
989,590,2009-01-29,1,868.8900146484375,868.8900146484375,844.1500244140625,845.1400146484375,5067060000,858.6083547091681,1080.9759800442177,False
990,591,2009-01-30,1,845.6900024414062,851.6599731445312,821.6699829101562,825.8800048828125,5350580000,855.49136901142,1078.4377116346516,False
991,592,2009-02-02,1,823.0900268554688,830.780029296875,812.8699951171875,825.4400024414062,5673270000,852.6293340999902,1075.9203214934253,False
992,593,2009-02-03,1,825.6900024414062,842.5999755859375,821.97998046875,838.510009765625,5886310000,851.2846365443363,1073.558029834442,False
993,594,2009-02-04,1,837.77001953125,851.8499755859375,829.1799926757812,832.22998046875,6420450000,849.4699073942805,1071.1567557114006,False
994,595,2009-02-05,1,831.75,850.5499877929688,819.9099731445312,845.8499755859375,6624030000,849.1251519839622,1068.9148972026894,False
995,596,2009-02-06,1,846.0900268554688,870.75,845.4199829101562,868.5999755859375,6484100000,850.9798970889121,1066.9217139030202,False
996,597,2009-02-09,1,868.239990234375,875.010009765625,861.6500244140625,869.8900146484375,5574370000,852.7808606660099,1064.9611994825766,False
997,598,2009-02-10,1,866.8699951171875,868.0499877929688,822.989990234375,827.1599731445312,6770170000,850.3407761401547,1062.595018125979,False
998,599,2009-02-11,1,827.4099731445312,838.219970703125,822.2999877929688,833.739990234375,5926460000,848.7597489110328,1060.3178536693463,False
999,600,2009-02-12,1,829.9099731445312,835.47998046875,808.0599975585938,835.1900024414062,6476460000,847.4673921044017,1058.0777755476752,False
1000,601,2009-02-13,1,833.9500122070312,839.4299926757812,825.2100219726562,826.8400268554688,5296650000,845.5028811283129,1055.7769024263596,False
1001,602,2009-02-17,1,818.6099853515625,818.6099853515625,789.1699829101562,789.1699829101562,5907820000,840.1378432027742,1053.1240972570442,False
1002,603,2009-02-18,1,791.0599975585938,796.1699829101562,780.4299926757812,788.4199829101562,5740710000,835.2123326987154,1050.4902254724982,False
1003,604,2009-02-19,1,787.9099731445312,797.5800170898438,777.030029296875,778.9400024414062,5746940000,829.8530631504002,1047.7882332035322,False
1004,605,2009-02-20,1,775.8699951171875,778.6900024414062,754.25,770.0499877929688,8210590000,824.1575321639782,1045.0246685725815,False
1005,606,2009-02-23,1,773.25,777.8499755859375,742.3699951171875,743.3300170898438,6509300000,816.4596735854892,1042.0227317419076,False
1006,607,2009-02-24,1,744.6900024414062,775.489990234375,744.6900024414062,773.1400146484375,7234490000,812.3339917819605,1039.3472818205796,False
1007,608,2009-02-25,1,770.6400146484375,780.1199951171875,752.8900146484375,764.9000244140625,7483640000,807.8164710802561,1036.6164633389228,False
1008,609,2009-02-26,1,765.760009765625,779.4199829101562,751.75,752.8300170898438,7599970000,802.579665938312,1033.7927176051012,False
1009,610,2009-02-27,1,749.9299926757812,751.27001953125,734.52001953125,735.0900268554688,8926480000,796.1520812637555,1030.8205515279906,False
1010,611,2009-03-02,1,729.5700073242188,729.5700073242188,699.7000122070312,700.8200073242188,7868290000,787.0728361266567,1027.5369640234755,False
1011,612,2009-03-03,1,704.4400024414062,711.6699829101562,692.2999877929688,696.3300170898438,7583230000,778.4306628850555,1024.241372511698,False
1012,613,2009-03-04,1,698.5999755859375,724.1199951171875,698.5999755859375,712.8699951171875,7673620000,772.1867897643061,1021.1431498510561,False
1013,614,2009-03-05,1,708.27001953125,708.27001953125,677.9299926757812,682.5499877929688,7507250000,763.6499514813216,1017.7740636614235,False
1014,615,2009-03-06,1,684.0399780273438,699.0900268554688,666.7899780273438,683.3800048828125,7331830000,756.005194662416,1014.4467595939747,False
1015,616,2009-03-09,1,680.760009765625,695.27001953125,672.8800048828125,676.530029296875,7277320000,748.4361312942692,1011.0844040686304,False
1016,617,2009-03-10,1,679.280029296875,719.5999755859375,679.280029296875,719.5999755859375,8618330000,745.6898307506186,1008.1840614966634,False
1017,618,2009-03-11,1,719.5900268554688,731.9199829101562,713.8499755859375,721.3599853515625,7287810000,743.3727026173751,1005.330090589747,False
1018,619,2009-03-12,1,720.8900146484375,752.6300048828125,714.760009765625,750.739990234375,7326630000,744.0743490570894,1002.7968557603403,False
1019,620,2009-03-13,1,751.969970703125,758.2899780273438,742.4600219726562,756.5499877929688,6787090000,745.2625051271732,1000.3466381686253,False
1020,621,2009-03-16,1,758.8400268554688,774.530029296875,753.3699951171875,753.8900146484375,7883540000,746.0841727006269,997.8943334569816,False
1021,622,2009-03-17,1,753.8800048828125,778.1199951171875,749.9299926757812,778.1199951171875,6156800000,749.1352034069661,995.7075241202672,False
1022,623,2009-03-18,1,776.010009765625,803.0399780273438,765.6400146484375,794.3499755859375,9098450000,753.4413721859157,993.7039664234082,False
1023,624,2009-03-19,1,797.9199829101562,803.239990234375,781.8200073242188,784.0399780273438,9033870000,756.3555251231946,991.6177575836464,False
1024,625,2009-03-20,1,784.5800170898438,788.9099731445312,766.2000122070312,768.5399780273438,7643720000,757.5159492093042,989.3980781850762,False
1025,626,2009-03-23,1,772.3099975585938,823.3699951171875,772.3099975585938,822.9199829101562,7715770000,763.7449047998615,987.7415797246292,False
1026,627,2009-03-24,1,820.5999755859375,823.6500244140625,805.47998046875,806.1199951171875,6767980000,767.7806276872259,985.9343997782865,False
1027,628,2009-03-25,1,806.8099975585938,826.780029296875,791.3699951171875,813.8800048828125,7687180000,772.171044562996,984.222415749476,False
1028,629,2009-03-26,1,814.0599975585938,832.97998046875,814.0599975585938,832.8599853515625,6992960000,777.9509436857167,982.7163219146709,False
1029,630,2009-03-27,1,828.6799926757812,828.6799926757812,813.4299926757812,815.9400024414062,5600210000,781.5689492814967,981.0568560492652,False
1030,631,2009-03-30,1,809.0700073242188,809.0700073242188,779.8099975585938,787.530029296875,5912660000,782.1366711877231,979.1312159820773,False
1031,632,2009-03-31,1,790.8800048828125,810.47998046875,790.8800048828125,797.8699951171875,6089100000,783.6350829905293,977.3276217446157,False
1032,633,2009-04-01,1,793.5900268554688,813.6199951171875,783.3200073242188,811.0800170898438,6034140000,786.2488862380831,975.6734167231753,False
1033,634,2009-04-02,1,814.530029296875,845.6099853515625,814.530029296875,834.3800048828125,7542810000,790.8328022994858,974.2675121277489,False
1034,635,2009-04-03,1,835.1300048828125,842.5,826.7000122070312,842.5,5855640000,795.7534877947728,972.9563926040897,False
1035,636,2009-04-06,1,839.75,839.75,822.7899780273438,835.47998046875,6210000000,799.5369632875324,971.5884681052306,False
1036,637,2009-04-07,1,834.1199951171875,834.1199951171875,814.530029296875,815.5499877929688,5155580000,801.0620132404312,970.0358464105814,False
1037,638,2009-04-08,1,816.760009765625,828.4199829101562,814.8400268554688,825.1599731445312,5938460000,803.3570570408217,968.5942954328098,False
1038,639,2009-04-09,1,829.2899780273438,856.9099731445312,829.2899780273438,856.5599975585938,7600710000,808.4240037568,967.479526299733,False
1039,640,2009-04-13,1,855.3300170898438,864.3099975585938,845.3499755859375,858.72998046875,6434890000,813.2150491579381,966.3974412665889,False
1040,641,2009-04-14,1,856.8800048828125,856.8800048828125,840.25,841.5,7569840000,815.9088540000392,965.1546806569711,False
1041,642,2009-04-15,1,839.4400024414062,852.9299926757812,835.5800170898438,852.0599975585938,6241100000,819.3518200532349,964.0293604271366,False
1042,643,2009-04-16,1,854.5399780273438,870.3499755859375,847.0399780273438,865.2999877929688,6598670000,823.7278360284477,963.0469786098812,False
1043,644,2009-04-17,1,865.1799926757812,875.6300048828125,860.8699951171875,869.5999755859375,7352010000,828.0966112243991,962.1171576842698,False
1044,645,2009-04-20,1,868.27001953125,868.27001953125,832.3900146484375,832.3900146484375,6973960000,828.5055067885933,960.8263403406297,False
1045,646,2009-04-21,1,831.25,850.0900268554688,826.8300170898438,850.0800170898438,7436490000,830.560222055379,959.7243868754477,False
1046,647,2009-04-22,1,847.260009765625,861.780029296875,840.5700073242188,843.5499877929688,7327860000,831.7973426018161,958.5684227054728,False
1047,648,2009-04-23,1,844.6199951171875,852.8699951171875,835.4500122070312,851.9199829101562,6563100000,833.7137845359438,957.5072442000468,False
1048,649,2009-04-24,1,853.9099731445312,871.7999877929688,853.9099731445312,866.22998046875,7114440000,836.8105651009729,956.5990127201335,False
1049,650,2009-04-27,1,862.8200073242188,868.8300170898438,854.6500244140625,857.510009765625,5613460000,838.7819407833207,955.6130524917304,False
1050,651,2009-04-28,1,854.47998046875,864.47998046875,847.1199951171875,855.1599731445312,6328000000,840.3417533891503,954.6135193638976,False
1051,652,2009-04-29,1,856.8499755859375,882.0599975585938,856.8499755859375,873.6400146484375,6101620000,843.5130163662253,953.807812849316,False
1052,653,2009-04-30,1,876.5900268554688,888.7000122070312,868.510009765625,872.8099975585938,6862540000,846.3032050512128,953.001864438463,False
1053,654,2009-05-01,1,872.739990234375,880.47998046875,866.0999755859375,877.52001953125,5312170000,849.2762350016925,952.250801305058,False
1054,655,2009-05-04,1,879.2100219726562,907.8499755859375,879.2100219726562,907.239990234375,7038840000,854.7965926429004,951.8029325381856,False
1055,656,2009-05-05,1,906.0999755859375,907.7000122070312,897.3400268554688,903.7999877929688,6882860000,859.4635826571925,951.3252912969397,False
1056,657,2009-05-06,1,903.9500122070312,920.280029296875,903.9500122070312,919.530029296875,8555040000,865.1841966228767,951.0089205307698,False
1057,658,2009-05-07,1,919.5800170898438,929.5800170898438,901.3599853515625,907.3900146484375,9120100000,869.2037983395968,950.5749015667666,False
1058,659,2009-05-08,1,909.030029296875,930.1699829101562,909.030029296875,929.22998046875,8163280000,874.9205775899923,950.3625142921595,False
1059,660,2009-05-11,1,922.989990234375,922.989990234375,908.6799926757812,909.239990234375,6150600000,878.1890930799334,949.953334948301,False
1060,661,2009-05-12,1,910.52001953125,915.5700073242188,896.4600219726562,908.3499755859375,6871750000,881.0615580805053,949.5393711735512,False
1061,662,2009-05-13,1,905.4000244140625,905.4000244140625,882.7999877929688,883.9199829101562,7091820000,881.3337890166625,948.8864419370996,False
1062,663,2009-05-14,1,884.239990234375,898.3599853515625,882.52001953125,893.0700073242188,6134870000,882.4515240935727,948.3310545280162,False
1063,664,2009-05-15,1,892.760009765625,896.969970703125,878.9400024414062,882.8800048828125,5439720000,882.492331787786,947.679800302691,False
1064,665,2009-05-18,1,886.0700073242188,910.0,886.0700073242188,909.7100219726562,5702150000,885.0844927577737,947.3019915630887,False
1065,666,2009-05-19,1,909.6699829101562,916.3900146484375,905.219970703125,908.1300048828125,6616270000,887.2793034363488,946.9122205513446,False
1066,667,2009-05-20,1,908.6199951171875,924.5999755859375,901.3699951171875,903.469970703125,8205060000,888.8212717474703,946.479959358825,False
1067,668,2009-05-21,1,900.4199829101562,900.4199829101562,879.6099853515625,888.3300170898438,6019840000,888.7744855896011,945.901352968089,False
1068,669,2009-05-22,1,888.6799926757812,896.6500244140625,883.75,887.0,5155320000,888.6054869620201,945.3152698539786,False
1069,670,2009-05-26,1,887.0,911.760009765625,881.4600219726562,910.3300170898438,5667050000,890.6744898313367,944.9671578861763,False
1070,671,2009-05-27,1,909.9500122070312,913.8400268554688,891.8699951171875,893.0599975585938,5698800000,890.9016810434564,944.4506687286879,False
1071,672,2009-05-28,1,892.9600219726562,909.4500122070312,887.5999755859375,906.8300170898438,5738980000,892.4186654288266,944.0763338865104,False
1072,673,2009-05-29,1,907.02001953125,920.02001953125,903.5599975585938,919.1400146484375,6050420000,894.9635558306942,943.8282113070271,False
1073,674,2009-06-01,1,923.260009765625,947.77001953125,923.260009765625,942.8699951171875,6370440000,899.5260738579792,943.818676817576,False
1074,675,2009-06-02,1,942.8699951171875,949.3800048828125,938.4600219726562,944.739990234375,5987340000,903.8321611319217,943.8278441152556,False
1075,676,2009-06-03,1,942.510009765625,942.510009765625,923.8499755859375,931.760009765625,5323770000,906.4919562398934,943.7077661615281,False
1076,677,2009-06-04,1,932.489990234375,942.469970703125,929.3200073242188,942.4600219726562,5352890000,909.9174863096803,943.6953507964647,False
1077,678,2009-06-05,1,945.6699829101562,951.6900024414062,934.1300048828125,940.0900268554688,5277910000,912.7910615997554,943.6594769264051,False
1078,679,2009-06-08,1,938.1199951171875,946.3300170898438,926.4400024414062,939.1400146484375,4483430000,915.3004856996299,943.614507152495,False
1079,680,2009-06-09,1,940.3499755859375,946.9199829101562,936.1500244140625,942.4299926757812,4439950000,917.8842482687872,943.6027209387963,False
1080,681,2009-06-10,1,942.72998046875,949.77001953125,927.969970703125,939.1500244140625,5379420000,919.909560282623,943.5584155007393,False
1081,682,2009-06-11,1,939.0399780273438,956.22998046875,939.0399780273438,944.8900146484375,5500840000,922.2886511746053,943.5716652435025,False
1082,683,2009-06-12,1,943.4400024414062,946.2999877929688,935.6599731445312,946.2100219726562,4528120000,924.5668769648959,943.5979175492653,False
1083,684,2009-06-15,1,942.4500122070312,942.4500122070312,919.6500244140625,923.719970703125,4697880000,924.4862192256796,943.4001270333833,False
1084,685,2009-06-16,1,925.5999755859375,928.0,911.5999755859375,911.969970703125,4951200000,923.2941955568649,943.0873891594504,False
1085,686,2009-06-17,1,911.8900146484375,918.4400024414062,903.780029296875,910.7100219726562,5523650000,922.0957028345593,942.7652263018704,False
1086,687,2009-06-18,1,910.8599853515625,921.9299926757812,907.9400024414062,918.3699951171875,4684010000,921.7408735281431,942.5224876831173,False
1087,688,2009-06-19,1,919.9600219726562,927.0900268554688,915.7999877929688,921.22998046875,5713390000,921.6922170462962,942.3106219396909,False
1088,689,2009-06-22,1,918.1300048828125,918.1300048828125,893.0399780273438,893.0399780273438,4903940000,918.9634323778245,941.820366776384,False
1089,690,2009-06-23,1,893.4600219726562,898.6900024414062,888.8599853515625,895.0999755859375,5071020000,916.6907222071685,941.3554872620514,False
1090,691,2009-06-24,1,896.3099975585938,910.8499755859375,896.3099975585938,900.9400024414062,4636720000,915.1906536580483,940.9533431344828,False
1091,692,2009-06-25,1,899.4500122070312,921.4199829101562,896.27001953125,920.260009765625,4911240000,915.6734494778175,940.7474393198673,False
1092,693,2009-06-26,1,918.8400268554688,922.0,913.030029296875,918.9000244140625,6076660000,915.9807423288885,940.5300521068743,False
1093,694,2009-06-29,1,919.8599853515625,927.989990234375,916.1799926757812,927.22998046875,4211760000,917.0520983422086,940.3977130855994,False
1094,695,2009-06-30,1,927.1500244140625,930.010009765625,912.8599853515625,919.3200073242188,4627570000,917.2680896738287,940.1879846700633,False
1095,696,2009-07-01,1,920.8200073242188,931.9199829101562,920.8200073242188,923.3300170898438,3919400000,917.8454160944016,940.0202436991159,False
1096,697,2009-07-02,1,921.239990234375,921.239990234375,896.4199829101562,896.4199829101562,3931000000,915.8048986482829,939.5864102584297,False
1097,698,2009-07-06,1,894.27001953125,898.719970703125,886.3599853515625,898.719970703125,4712580000,914.177762653506,939.1797790190735,False
1098,699,2009-07-07,1,898.5999755859375,898.5999755859375,879.9299926757812,881.030029296875,4673300000,911.0208356671601,938.6011745442258,False
1099,700,2009-07-08,1,881.9000244140625,886.7999877929688,869.3200073242188,879.5599975585938,5721780000,908.0245653711062,938.0137001463589,False
1100,701,2009-07-09,1,881.280029296875,887.8599853515625,878.4500122070312,882.6799926757812,4347170000,905.6107965429801,937.4631159924229,False
1101,702,2009-07-10,1,880.030029296875,883.5700073242188,872.8099975585938,879.1300048828125,3912080000,903.0888163848689,936.8826870261582,False
1102,703,2009-07-13,1,879.5700073242188,901.0499877929688,875.3200073242188,901.0499877929688,4499440000,902.8946422332594,936.5261427551814,False
1103,704,2009-07-14,1,900.77001953125,905.8400268554688,896.5,905.8400268554688,4149030000,903.1751550544222,936.2208082686171,False
1104,705,2009-07-15,1,910.1500244140625,933.9500122070312,910.1500244140625,932.6799926757812,5238830000,905.9851395897898,936.1855762726686,False
1105,706,2009-07-16,1,930.1699829101562,943.9600219726562,927.4500122070312,940.739990234375,4898640000,909.2951253654645,936.2308938245264,False
1106,707,2009-07-17,1,940.5599975585938,941.8900146484375,934.6500244140625,940.3800048828125,5141380000,912.2555900814025,936.2721785116737,False
1107,708,2009-07-20,1,942.0700073242188,951.6199951171875,940.989990234375,951.1300048828125,4853150000,915.9579153005843,936.4200175800432,False
1108,709,2009-07-21,1,951.969970703125,956.530029296875,943.219970703125,954.5800170898438,5309300000,919.6362107090852,936.6007140925786,False
1109,710,2009-07-22,1,953.4000244140625,959.8300170898438,947.75,954.0700073242188,4634100000,922.9156199105264,936.7745379058288,False
1110,711,2009-07-23,1,954.0700073242188,979.4199829101562,953.27001953125,976.2899780273438,5761650000,927.998892112128,937.1677263647493,False
1111,712,2009-07-24,1,972.1599731445312,979.7899780273438,965.9500122070312,979.260009765625,4458300000,932.880903317223,937.5865550553054,False
1112,713,2009-07-27,1,978.6300048828125,982.489990234375,972.2899780273438,982.1799926757812,4631290000,937.5760546847047,938.0302708525242,False
1113,714,2009-07-28,1,981.47998046875,982.3499755859375,969.3499755859375,979.6199951171875,5490350000,941.5802394877983,938.4440989546601,False
1114,715,2009-07-29,1,977.6599731445312,977.760009765625,968.6500244140625,975.1500244140625,5178770000,944.7773618617282,938.8093320438085,False
1115,716,2009-07-30,1,976.010009765625,996.6799926757812,976.010009765625,986.75,6035180000,948.7747559701351,939.2863536155119,False
1116,717,2009-07-31,1,986.7999877929688,993.1799926757812,982.8499755859375,987.47998046875,5139070000,952.460967827146,939.7658921911661,False
1117,718,2009-08-03,1,990.219970703125,1003.6099853515625,990.219970703125,1002.6300048828125,5603440000,957.238971356257,940.3914057502869,False
1118,719,2009-08-04,1,1001.4099731445312,1007.1199951171875,996.6799926757812,1005.6500244140625,5713700000,961.8495478379527,941.0407452394788,False
1119,720,2009-08-05,1,1005.4099731445312,1006.6400146484375,994.3099975585938,1002.719970703125,7242120000,965.7419690632073,941.654468875933,False
1120,721,2009-08-06,1,1004.0599975585938,1008.0,992.489990234375,997.0800170898438,6753380000,968.7265450657441,942.2059668681113,False
1121,722,2009-08-07,1,999.8300170898438,1018.0,999.8300170898438,1010.47998046875,6827090000,972.7030627231733,942.8853102870231,False
1122,723,2009-08-10,1,1008.8900146484375,1010.1199951171875,1000.989990234375,1007.0999755859375,5406080000,975.9789591862937,943.5242621805446,False
1123,724,2009-08-11,1,1005.77001953125,1005.77001953125,992.4000244140625,994.3499755859375,5773160000,977.7285797957835,944.0299906721406,False
1124,725,2009-08-12,1,994.0,1012.780029296875,993.3599853515625,1005.8099975585938,5498170000,980.4030005350987,944.6447171088217,False
1125,726,2009-08-13,1,1005.8599853515625,1013.1400146484375,1000.8200073242188,1012.72998046875,5250660000,983.4817605287798,945.3221824158857,False
1126,727,2009-08-14,1,1012.22998046875,1012.5999755859375,994.5999755859375,1004.0900268554688,4940750000,985.444452559893,945.9069370869264,False
1127,728,2009-08-17,1,998.1799926757812,998.1799926757812,978.510009765625,979.72998046875,4088570000,984.9002171226413,946.243484782268,False
1128,729,2009-08-18,1,980.6199951171875,991.2000122070312,980.6199951171875,989.6699829101562,4198970000,985.354480530976,946.6755892412519,False
1129,730,2009-08-19,1,986.8800048828125,999.6099853515625,980.6199951171875,996.4600219726562,4257000000,986.4121511444695,947.1709567311167,False
1130,731,2009-08-20,1,996.4099731445312,1008.9199829101562,996.3900146484375,1007.3699951171875,4893160000,988.4081362847282,947.7699521379434,False
1131,732,2009-08-21,1,1009.0599975585938,1027.5899658203125,1009.0599975585938,1026.1300048828125,5885550000,992.0006951988315,948.5496541553053,False
1132,733,2009-08-24,1,1026.5899658203125,1035.8199462890625,1022.47998046875,1025.5699462890625,6302450000,995.1977667312345,949.316025221313,False
1133,734,2009-08-25,1,1026.6300048828125,1037.75,1026.2099609375,1028.0,5768740000,998.3217889473075,950.098950343489,False
1134,735,2009-08-26,1,1027.3499755859375,1032.469970703125,1021.5700073242188,1028.1199951171875,5080060000,1001.1597133444388,950.8752791472075,False
1135,736,2009-08-27,1,1027.81005859375,1033.3299560546875,1016.2000122070312,1030.97998046875,5785880000,1003.9997387848495,951.6723408518994,False
1136,737,2009-08-28,1,1031.6199951171875,1039.469970703125,1023.1300048828125,1028.9300537109375,5785780000,1006.3740544920959,952.4410743131834,False
1137,738,2009-08-31,1,1025.2099609375,1025.2099609375,1014.6199951171875,1020.6199951171875,5004560000,1007.7308107421046,953.1194715351139,False
1138,739,2009-09-01,1,1019.52001953125,1028.449951171875,996.280029296875,998.0399780273438,6862360000,1006.8078742930797,953.566441748967,False
1139,740,2009-09-02,1,996.0700073242188,1000.3400268554688,991.969970703125,994.75,5842730000,1005.6595053127863,953.976228398231,False
1140,741,2009-09-03,1,996.1199951171875,1003.4299926757812,992.25,1003.239990234375,4624280000,1005.4290753053185,954.4664150831677,False
1141,742,2009-09-04,1,1003.8400268554688,1016.47998046875,1001.6500244140625,1016.4000244140625,4097370000,1006.4739276013894,955.0826699023806,False
1142,743,2009-09-08,1,1018.6699829101562,1026.0699462890625,1018.6699829101562,1025.3900146484375,5235160000,1008.2754597011083,955.7822454719932,False
1143,744,2009-09-09,1,1025.3599853515625,1036.3399658203125,1023.969970703125,1033.3699951171875,5202550000,1010.6654154550206,956.5542628813981,False
1144,745,2009-09-10,1,1032.989990234375,1044.1400146484375,1028.0400390625,1044.1400146484375,5191380000,1013.8534725210603,957.4257628989807,False
1145,746,2009-09-11,1,1043.9200439453125,1048.1800537109375,1038.4000244140625,1042.72998046875,4922600000,1016.603616135126,958.2745610837546,False
1146,747,2009-09-14,1,1040.1500244140625,1049.739990234375,1035.0,1049.3399658203125,4979610000,1019.7213637241914,959.1806845139691,False
1147,748,2009-09-15,1,1049.030029296875,1056.0400390625,1043.4200439453125,1052.6300048828125,6185620000,1022.8555200250124,960.1105284977388,False
1148,749,2009-09-16,1,1053.989990234375,1068.760009765625,1052.8699951171875,1068.760009765625,6793530000,1027.227376190785,961.1916178635885,False
1149,750,2009-09-17,1,1067.8699951171875,1074.77001953125,1061.199951171875,1065.489990234375,6668110000,1030.871434671127,962.2294126135466,False
1150,751,2009-09-18,1,1066.5999755859375,1071.52001953125,1064.27001953125,1068.300048828125,5607970000,1034.4360645908412,963.2848418296122,False
1151,752,2009-09-21,1,1067.1400146484375,1067.280029296875,1057.4599609375,1064.6600341796875,4615280000,1037.314537885017,964.2935502112051,False
1152,753,2009-09-22,1,1066.3499755859375,1073.81005859375,1066.3499755859375,1071.6600341796875,5246600000,1040.5855375321285,965.3618734347722,False
1153,754,2009-09-23,1,1072.68994140625,1080.1500244140625,1060.3900146484375,1060.8699951171875,5531930000,1042.5173906354673,966.3122030037514,False
1154,755,2009-09-24,1,1062.56005859375,1066.2900390625,1045.8499755859375,1050.780029296875,5505610000,1043.3043086032205,967.1526788872651,False
1155,756,2009-09-25,1,1049.47998046875,1053.469970703125,1041.1700439453125,1044.3800048828125,4507090000,1043.4067558679435,967.9211099916985,False
1156,757,2009-09-28,1,1045.3800048828125,1065.1300048828125,1045.3800048828125,1062.97998046875,3726950000,1045.2708724965917,968.8669693994303,False
1157,758,2009-09-29,1,1063.68994140625,1069.6199951171875,1057.8299560546875,1060.6099853515625,4949900000,1046.7317403875413,969.7798352297999,False
1158,759,2009-09-30,1,1061.02001953125,1063.4000244140625,1046.469970703125,1057.0799560546875,5998860000,1047.7172847367933,970.6484931484556,False
1159,760,2009-10-01,1,1054.9100341796875,1054.9100341796875,1029.449951171875,1029.8499755859375,5791450000,1046.0156362462358,971.2375626254455,False
1160,761,2009-10-02,1,1029.7099609375,1030.5999755859375,1019.9500122070312,1025.2099609375,5583240000,1044.0341433596896,971.7746014146203,False
1161,762,2009-10-05,1,1026.8699951171875,1042.5799560546875,1025.9200439453125,1040.4599609375,4313310000,1043.6937450337666,972.4580378277833,False
1162,763,2009-10-06,1,1042.02001953125,1060.550048828125,1042.02001953125,1054.719970703125,5029840000,1044.7438617641817,973.2765645230604,False
1163,764,2009-10-07,1,1053.6500244140625,1058.02001953125,1050.0999755859375,1057.5799560546875,4238220000,1045.966346934706,974.1154042397931,False
1164,765,2009-10-08,1,1060.030029296875,1070.6700439453125,1060.030029296875,1065.47998046875,4988400000,1047.8247882236626,975.0245045007778,False
1165,766,2009-10-09,1,1065.280029296875,1071.510009765625,1063.0,1071.489990234375,3763780000,1050.0786169865876,975.9843600802166,False
1166,767,2009-10-12,1,1071.6300048828125,1079.4599609375,1071.6300048828125,1076.18994140625,3710430000,1052.5654097884603,976.9814305411722,False
1167,768,2009-10-13,1,1074.9599609375,1075.300048828125,1066.7099609375,1073.18994140625,4320480000,1054.5296508949166,977.9387291567451,False
1168,769,2009-10-14,1,1078.6800537109375,1093.1700439453125,1078.6800537109375,1092.02001953125,5406420000,1058.100162193615,979.0738663744019,False
1169,770,2009-10-15,1,1090.3599853515625,1096.56005859375,1086.4100341796875,1096.56005859375,5369780000,1061.7630094698184,980.2428832124053,False
1170,771,2009-10-16,1,1094.6700439453125,1094.6700439453125,1081.530029296875,1087.6800537109375,4894740000,1064.231299397544,981.31190978453,False
1171,772,2009-10-19,1,1088.219970703125,1100.1700439453125,1086.47998046875,1097.9100341796875,4619240000,1067.4387979482244,982.4720901267705,False
1172,773,2009-10-20,1,1098.6400146484375,1098.6400146484375,1086.1600341796875,1091.06005859375,5396930000,1069.688441819227,983.5525674249494,False
1173,774,2009-10-21,1,1090.3599853515625,1101.3599853515625,1080.77001953125,1081.4000244140625,5616290000,1070.8038306377825,984.5261739621546,False
1174,775,2009-10-22,1,1080.9599609375,1095.2099609375,1074.31005859375,1092.9100341796875,5192410000,1072.9091833560592,985.6046203324784,False
1175,776,2009-10-23,1,1095.6199951171875,1095.8299560546875,1075.489990234375,1079.5999755859375,4767460000,1073.5464016636668,986.5398974991796,False
1176,777,2009-10-26,1,1080.3599853515625,1091.75,1065.22998046875,1066.949951171875,6363380000,1072.9181682834962,987.3399975357238,False
1177,778,2009-10-27,1,1067.5400390625,1072.47998046875,1060.6199951171875,1063.4100341796875,5337380000,1072.0126317021811,988.096913323226,False
1178,779,2009-10-28,1,1061.510009765625,1063.260009765625,1042.18994140625,1042.6300048828125,6600350000,1069.2142862908127,988.6395311496896,False
1179,780,2009-10-29,1,1043.68994140625,1066.8299560546875,1043.68994140625,1066.1099853515625,5595040000,1068.9186385823125,989.4103814402556,False
1180,781,2009-10-30,1,1065.4100341796875,1065.4100341796875,1033.3800048828125,1036.18994140625,6512420000,1065.8016198036398,989.8758496986237,False
1181,782,2009-11-02,1,1036.1800537109375,1052.1800537109375,1029.3800048828125,1042.8800048828125,6202640000,1063.6186088587992,990.4032542278196,False
1182,783,2009-11-03,1,1040.9200439453125,1046.3599853515625,1033.93994140625,1045.4100341796875,5487500000,1061.88445888936,990.9505853716194,False
1183,784,2009-11-04,1,1047.1400146484375,1061.0,1045.1500244140625,1046.5,5635510000,1060.4192723284687,991.5033158654342,False
1184,785,2009-11-05,1,1047.300048828125,1066.6500244140625,1047.300048828125,1066.6300048828125,4848350000,1061.0107706669776,992.2508451093881,False
1185,786,2009-11-06,1,1064.949951171875,1071.47998046875,1059.3199462890625,1069.300048828125,4277130000,1061.800225729944,993.0175038528581,False
1186,787,2009-11-09,1,1072.31005859375,1093.18994140625,1072.31005859375,1093.0799560546875,4460030000,1064.7792476656339,994.0131501434236,False
1187,788,2009-11-10,1,1091.8599853515625,1096.4200439453125,1087.4000244140625,1093.010009765625,4394770000,1067.4678916751568,994.998193522749,False
1188,789,2009-11-11,1,1096.0400390625,1105.3699951171875,1093.81005859375,1098.510009765625,4286700000,1070.4242838742489,996.0281618435738,False
1189,790,2009-11-12,1,1098.31005859375,1101.969970703125,1084.9000244140625,1087.239990234375,4160250000,1072.0257797180705,996.935742225572,False
1190,791,2009-11-13,1,1087.5899658203125,1097.7900390625,1085.3299560546875,1093.47998046875,3792610000,1074.0690369324209,997.8963814120713,False
1191,792,2009-11-16,1,1094.1300048828125,1113.68994140625,1094.1300048828125,1109.300048828125,4565850000,1077.4243713986784,999.0048756152162,False
1192,793,2009-11-17,1,1109.219970703125,1110.52001953125,1102.18994140625,1110.3199462890625,3824070000,1080.5572832930006,1000.112488258737,False
1193,794,2009-11-18,1,1109.43994140625,1111.0999755859375,1102.699951171875,1109.800048828125,4293340000,1083.34230858206,1001.2039067718654,False
1194,795,2009-11-19,1,1106.43994140625,1106.43994140625,1088.4000244140625,1094.9000244140625,4178030000,1084.443043423203,1002.1362064498973,False
1195,796,2009-11-20,1,1094.6600341796875,1094.6600341796875,1086.81005859375,1091.3800048828125,3751230000,1085.1037064193565,1003.0242044442547,False
1196,797,2009-11-23,1,1094.8599853515625,1112.3800048828125,1094.8599853515625,1106.239990234375,3827920000,1087.1166858303106,1004.0512271884351,False
1197,798,2009-11-24,1,1105.8299560546875,1107.56005859375,1097.6300048828125,1105.6500244140625,3700820000,1088.8817656954297,1005.0621604941628,False
1198,799,2009-11-25,1,1106.489990234375,1111.1800537109375,1104.75,1110.6300048828125,3036350000,1090.9530265704186,1006.1125868064877,False
1199,800,2009-11-27,1,1105.469970703125,1105.469970703125,1083.739990234375,1091.489990234375,2362910000,1091.004165966986,1006.9621132087552,False
1200,801,2009-11-30,1,1091.0699462890625,1097.239990234375,1086.25,1095.6300048828125,3895520000,1091.4447220542074,1007.8443807876016,False
1201,802,2009-12-01,1,1098.8900146484375,1112.280029296875,1098.8900146484375,1108.8599853515625,4249310000,1093.1033185587175,1008.8495111812729,False
1202,803,2009-12-02,1,1109.030029296875,1115.5799560546875,1105.2900390625,1109.239990234375,3941340000,1094.6401444325898,1009.8484214206072,False
1203,804,2009-12-03,1,1110.5899658203125,1117.280029296875,1098.739990234375,1099.9200439453125,4810030000,1095.14299200523,1010.7446564706044,False
1204,805,2009-12-04,1,1100.4300537109375,1119.1300048828125,1096.52001953125,1105.97998046875,5781140000,1096.175086144613,1011.692271634765,False
1205,806,2009-12-07,1,1105.52001953125,1110.719970703125,1100.8299560546875,1103.25,4103360000,1096.8488874641737,1012.6032938075534,False
1206,807,2009-12-08,1,1103.0400390625,1103.0400390625,1088.6099853515625,1091.93994140625,4748030000,1096.3813687919906,1013.392713186645,False
1207,808,2009-12-09,1,1091.0699462890625,1097.0400390625,1085.8900146484375,1095.949951171875,4115410000,1096.3402813995986,1014.2141782412244,False
1208,809,2009-12-10,1,1098.68994140625,1106.25,1098.68994140625,1102.3499755859375,3996490000,1096.9126332268688,1015.0911513491321,False
1209,810,2009-12-11,1,1103.9599609375,1108.5,1101.3399658203125,1106.4100341796875,3791090000,1097.8171476033278,1015.9997969494361,False
1210,811,2009-12-14,1,1107.8399658203125,1114.760009765625,1107.8399658203125,1114.1099853515625,4548490000,1099.3688464364932,1016.9760177295569,False
1211,812,2009-12-15,1,1114.1099853515625,1114.1099853515625,1105.3499755859375,1107.9300537109375,5045100000,1100.1841995102498,1017.8810330129538,False
1212,813,2009-12-16,1,1108.6099853515625,1116.2099609375,1107.9599609375,1109.1800537109375,4829820000,1101.040947529363,1018.789480980098,False
1213,814,2009-12-17,1,1106.3599853515625,1106.3599853515625,1095.8800048828125,1096.0799560546875,7615070000,1100.5684721508226,1019.5585404335766,False
1214,815,2009-12-18,1,1097.8599853515625,1103.739990234375,1093.8800048828125,1102.469970703125,6325890000,1100.7495672510418,1020.3835297894925,False
1215,816,2009-12-21,1,1105.31005859375,1117.6800537109375,1105.31005859375,1114.050048828125,3977340000,1102.0162797821927,1021.315534954056,False
1216,817,2009-12-22,1,1114.510009765625,1120.27001953125,1114.510009765625,1118.02001953125,3641130000,1103.540445472579,1022.2777686314411,False
1217,818,2009-12-23,1,1118.8399658203125,1121.5799560546875,1116.0,1120.5899658203125,3166870000,1105.1642093152202,1023.2559994492408,False
1218,819,2009-12-24,1,1121.0799560546875,1126.47998046875,1121.0799560546875,1126.47998046875,1267710000,1107.1942827584135,1024.2831037379922,False
1219,820,2009-12-28,1,1127.530029296875,1130.3800048828125,1123.510009765625,1127.780029296875,2716400000,1109.1548300477907,1025.312923892807,False
1220,821,2009-12-29,1,1128.550048828125,1130.3800048828125,1126.0799560546875,1126.199951171875,2491020000,1110.7781749167511,1026.3167749105091,False
1221,822,2009-12-30,1,1125.530029296875,1126.4200439453125,1121.93994140625,1126.4200439453125,2277300000,1112.2678767289951,1027.3128273387163,False
1222,823,2009-12-31,1,1126.5999755859375,1127.6400146484375,1114.81005859375,1115.0999755859375,2076990000,1112.5376004296563,1028.1863313013753,False
1223,824,2010-01-04,1,1116.56005859375,1133.8699951171875,1116.56005859375,1132.989990234375,3991400000,1114.4854470777248,1029.2291537783206,False
1224,825,2010-01-05,1,1132.6600341796875,1136.6300048828125,1129.6600341796875,1136.52001953125,2491020000,1116.5839777875844,1030.2967245818322,False
1225,826,2010-01-06,1,1135.7099609375,1139.18994140625,1133.949951171875,1137.1400146484375,4972660000,1118.5416955838562,1031.359841895928,False
1226,827,2010-01-07,1,1136.27001953125,1142.4599609375,1131.3199462890625,1141.68994140625,5270680000,1120.7462904240842,1032.457653831354,False
1227,828,2010-01-08,1,1140.52001953125,1145.3900146484375,1136.219970703125,1144.97998046875,4389590000,1123.0542609045285,1033.5772789720247,False
1228,829,2010-01-11,1,1145.9599609375,1149.739990234375,1142.02001953125,1146.97998046875,4255780000,1125.3329008630258,1034.7056640615444,False
1229,830,2010-01-12,1,1143.81005859375,1143.81005859375,1131.77001953125,1136.219970703125,4716160000,1126.369764657321,1035.7157566649435,False
1230,831,2010-01-13,1,1137.31005859375,1148.4000244140625,1133.1800537109375,1145.6800537109375,4170360000,1128.2088398052845,1036.809928774854,False
1231,832,2010-01-14,1,1145.6800537109375,1150.4100341796875,1143.800048828125,1148.4599609375,3915200000,1130.1375180083526,1037.9208743685122,False
1232,833,2010-01-15,1,1147.719970703125,1147.77001953125,1131.3900146484375,1136.030029296875,4758730000,1130.6987095596403,1038.8970848653119,False
1233,834,2010-01-19,1,1136.030029296875,1150.449951171875,1135.77001953125,1150.22998046875,4724830000,1132.5588305986032,1040.0048748713164,False
1234,835,2010-01-20,1,1147.949951171875,1147.949951171875,1129.25,1138.0400390625,4810560000,1133.0808504523077,1040.9803491418754,False
1235,836,2010-01-21,1,1138.6800537109375,1141.5799560546875,1114.8399658203125,1116.47998046875,6874290000,1131.4998152157782,1041.7315892545807,False
1236,837,2010-01-22,1,1115.489990234375,1115.489990234375,1090.1800537109375,1091.760009765625,6208650000,1127.715071839573,1042.2293844835463,False
1237,838,2010-01-25,1,1092.4000244140625,1102.969970703125,1092.4000244140625,1096.780029296875,4481390000,1124.768877311697,1042.772176969251,False
1238,839,2010-01-26,1,1095.800048828125,1103.68994140625,1089.8599853515625,1092.1700439453125,4731910000,1121.6642265148985,1043.2636980336895,False
1239,840,2010-01-27,1,1091.93994140625,1099.510009765625,1083.1099853515625,1097.5,5319120000,1119.3628716087178,1043.8033627298719,False
1240,841,2010-01-28,1,1096.9300537109375,1100.219970703125,1078.4599609375,1084.530029296875,5452400000,1116.045458055209,1044.2086031932254,False
1241,842,2010-01-29,1,1087.6099853515625,1096.449951171875,1071.5899658203125,1073.8699951171875,5412850000,1112.028747299207,1044.5037414213245,False
1242,843,2010-02-01,1,1073.8900146484375,1089.3800048828125,1073.8900146484375,1089.18994140625,4077610000,1109.853622928449,1044.9483802271448,False
1243,844,2010-02-02,1,1090.050048828125,1104.72998046875,1087.9599609375,1103.3199462890625,4749540000,1109.2313680104123,1045.529191829751,False
1244,845,2010-02-03,1,1100.6700439453125,1102.719970703125,1093.969970703125,1097.280029296875,4285450000,1108.0931452757898,1046.0441255358917,False
1245,846,2010-02-04,1,1097.25,1097.25,1062.780029296875,1063.1099853515625,5859690000,1103.8090348068158,1046.2139350862965,False
1246,847,2010-02-05,1,1064.1199951171875,1067.1300048828125,1044.5,1066.18994140625,6438900000,1100.226264006762,1046.4127013183358,False
1247,848,2010-02-08,1,1065.510009765625,1071.199951171875,1056.510009765625,1056.739990234375,4089820000,1096.0847141236775,1046.5154604120278,False
1248,849,2010-02-09,1,1060.06005859375,1079.280029296875,1060.06005859375,1070.52001953125,5114260000,1093.649981305351,1046.7543117465475,False
1249,850,2010-02-10,1,1069.6800537109375,1073.6700439453125,1059.3399658203125,1068.1300048828125,4251450000,1091.2195073603473,1046.96700521059,False
1250,851,2010-02-11,1,1067.0999755859375,1080.0400390625,1060.5899658203125,1078.469970703125,4400870000,1090.0052657739452,1047.2804675537993,False
1251,852,2010-02-12,1,1075.949951171875,1077.81005859375,1062.969970703125,1075.510009765625,4160680000,1088.6247652017241,1047.5613585210813,False
1252,853,2010-02-16,1,1079.1300048828125,1095.6700439453125,1079.1300048828125,1094.8699951171875,4080770000,1089.2195490031968,1048.0320912235302,False
1253,854,2010-02-17,1,1096.1400146484375,1101.030029296875,1094.719970703125,1099.510009765625,4259230000,1090.1995928853328,1048.5443093184765,False
1254,855,2010-02-18,1,1099.030029296875,1108.239990234375,1097.47998046875,1106.75,3878620000,1091.7758221343486,1049.1234704197852,False
1255,856,2010-02-19,1,1105.489990234375,1112.4200439453125,1100.800048828125,1109.1700439453125,3944280000,1093.4324146877736,1049.7209487633227,False
1256,857,2010-02-22,1,1110.0,1112.2900390625,1105.3800048828125,1108.010009765625,3814440000,1094.8207570761404,1050.300939420062,False
1257,858,2010-02-23,1,1107.489990234375,1108.5799560546875,1092.1800537109375,1094.5999755859375,4521050000,1094.7997302675496,1050.7417258495732,False
1258,859,2010-02-24,1,1095.8900146484375,1106.4200439453125,1095.5,1105.239990234375,4168360000,1095.7940407405806,1051.2839971369842,False
1259,860,2010-02-25,1,1101.239990234375,1103.5,1086.02001953125,1102.93994140625,4521130000,1096.4746027087397,1051.797986632201,False
1260,861,2010-02-26,1,1103.0999755859375,1107.239990234375,1097.56005859375,1104.489990234375,3945190000,1097.2379729492764,1052.3222851755063,False
1261,862,2010-03-01,1,1105.3599853515625,1116.1099853515625,1105.3599853515625,1115.7099609375,3847640000,1098.9972099005358,1052.9530083174168,False
1262,863,2010-03-02,1,1117.010009765625,1123.4599609375,1116.510009765625,1118.31005859375,4134680000,1100.8365288236992,1053.603327225639,False
1263,864,2010-03-03,1,1119.3599853515625,1125.6400146484375,1116.5799560546875,1118.7900390625,3951320000,1102.54638694168,1054.2519512240158,False
1264,865,2010-03-04,1,1119.1199951171875,1123.72998046875,1116.6600341796875,1122.969970703125,3945010000,1104.4914901570558,1054.9357126118675,False
1265,866,2010-03-05,1,1125.1199951171875,1139.3800048828125,1125.1199951171875,1138.699951171875,4133000000,1107.7494388251337,1055.769187622415,False
1266,867,2010-03-08,1,1138.4000244140625,1141.050048828125,1136.77001953125,1138.5,3774680000,1110.6780636989304,1056.5923797853761,False
1267,868,2010-03-09,1,1137.56005859375,1145.3699951171875,1134.9000244140625,1140.449951171875,5185570000,1113.5134815534966,1057.4267834807642,False
1268,869,2010-03-10,1,1140.219970703125,1148.260009765625,1140.0899658203125,1145.6099853515625,5469120000,1116.5702914390267,1058.3042282754986,False
1269,870,2010-03-11,1,1143.9599609375,1150.239990234375,1138.989990234375,1150.239990234375,4669060000,1119.7769294195361,1059.2190119765821,False
1270,871,2010-03-12,1,1151.7099609375,1153.4100341796875,1146.969970703125,1149.989990234375,4928160000,1122.6543637828543,1060.1222057900925,False
1271,872,2010-03-15,1,1148.530029296875,1150.97998046875,1141.449951171875,1150.510009765625,4164110000,1125.30728244788,1061.0215869241774,False
1272,873,2010-03-16,1,1150.8299560546875,1160.280029296875,1150.3499755859375,1159.4599609375,4369770000,1128.5599184945104,1062.0010732327678,False
1273,874,2010-03-17,1,1159.93994140625,1169.8399658203125,1159.93994140625,1166.2099609375,4963200000,1132.1456368224142,1063.037977588039,False
1274,875,2010-03-18,1,1166.1300048828125,1167.77001953125,1161.1600341796875,1165.8299560546875,4234510000,1135.353667225488,1064.0607833439262,False
1275,876,2010-03-19,1,1166.6800537109375,1169.199951171875,1155.3299560546875,1159.9000244140625,5212410000,1137.6914155291615,1065.0144076331812,False
1276,877,2010-03-22,1,1157.25,1167.8199462890625,1152.8800048828125,1165.81005859375,4261680000,1140.3693815353129,1066.017349433784,False
1277,878,2010-03-23,1,1166.469970703125,1174.719970703125,1163.8299560546875,1174.1700439453125,4411640000,1143.588492241027,1067.093495647829,False
1278,879,2010-03-24,1,1172.699951171875,1173.0400390625,1166.010009765625,1167.719970703125,4705750000,1145.8867282850365,1068.0947541060907,False
1279,880,2010-03-25,1,1170.030029296875,1180.68994140625,1165.0899658203125,1165.72998046875,5668900000,1147.7765618263427,1069.066248895769,False
1280,881,2010-03-26,1,1167.5799560546875,1173.9300537109375,1161.47998046875,1166.5899658203125,4708420000,1149.568314587673,1070.0366341387992,False
1281,882,2010-03-29,1,1167.7099609375,1174.8499755859375,1167.7099609375,1173.219970703125,4375580000,1151.8208532653352,1071.0633340051108,False
1282,883,2010-03-30,1,1173.75,1177.8299560546875,1168.9200439453125,1173.27001953125,4085000000,1153.8636310049462,1072.0803159506445,False
1283,884,2010-03-31,1,1171.75,1174.56005859375,1165.77001953125,1169.4300537109375,4484340000,1155.346147453136,1073.0489700577123,False
1284,885,2010-04-01,1,1171.22998046875,1181.4300537109375,1170.68994140625,1178.0999755859375,4006870000,1157.5131787038788,1074.0942536948091,False
1285,886,2010-04-05,1,1178.7099609375,1187.72998046875,1178.7099609375,1187.43994140625,3881620000,1160.3633465802952,1075.2220714829828,False
1286,887,2010-04-06,1,1186.010009765625,1191.800048828125,1182.77001953125,1189.43994140625,4086180000,1163.1325460875291,1076.3585677011247,False
1287,888,2010-04-07,1,1188.22998046875,1189.5999755859375,1177.25,1182.449951171875,5101430000,1164.972298952705,1077.4142033575502,False
1288,889,2010-04-08,1,1181.75,1188.550048828125,1175.1199951171875,1186.43994140625,4726970000,1167.0168363292332,1078.499036571965,False
1289,890,2010-04-09,1,1187.469970703125,1194.6600341796875,1187.1500244140625,1194.3699951171875,4511570000,1169.621899070943,1079.6519814331116,False
1290,891,2010-04-12,1,1194.93994140625,1199.199951171875,1194.7099609375,1196.47998046875,4607090000,1172.17981158502,1080.8144490852076,False
1291,892,2010-04-13,1,1195.93994140625,1199.0400390625,1188.8199462890625,1197.300048828125,5403580000,1174.5722151319824,1081.973509779167,False
1292,893,2010-04-14,1,1198.68994140625,1210.6500244140625,1198.68994140625,1210.6500244140625,5760040000,1178.008196968371,1083.2538731088675,False
1293,894,2010-04-15,1,1210.77001953125,1213.9200439453125,1208.5,1211.6700439453125,5995330000,1181.2140871566512,1084.5316459530113,False
1294,895,2010-04-16,1,1210.1700439453125,1210.1700439453125,1186.77001953125,1192.1300048828125,8108470000,1182.2536983686666,1085.602276390124,False
1295,896,2010-04-19,1,1192.06005859375,1197.8699951171875,1183.6800537109375,1197.52001953125,6597740000,1183.7076337174842,1086.7158857746128,False
1296,897,2010-04-20,1,1199.0400390625,1208.5799560546875,1199.0400390625,1207.1700439453125,5316590000,1185.9421489772774,1087.9144346121323,False
1297,898,2010-04-21,1,1207.1600341796875,1210.989990234375,1198.8499755859375,1205.93994140625,5724310000,1187.8467006371795,1089.0888177643126,False
1298,899,2010-04-22,1,1202.52001953125,1210.27001953125,1190.18994140625,1208.6700439453125,6035780000,1189.829876190335,1090.2786807113873,False
1299,900,2010-04-23,1,1207.8699951171875,1217.280029296875,1205.0999755859375,1217.280029296875,5326060000,1192.4441764861958,1091.5423757221881,False
1300,901,2010-04-26,1,1217.0699462890625,1219.800048828125,1211.0699462890625,1212.050048828125,5647760000,1194.3114024235224,1092.7414570466253,False
1301,902,2010-04-27,1,1209.9200439453125,1211.3800048828125,1181.6199951171875,1183.7099609375,7454540000,1193.3017413296157,1093.6466162893207,False
1302,903,2010-04-28,1,1184.5899658203125,1195.050048828125,1181.81005859375,1191.3599853515625,6342310000,1193.1168121888488,1094.6188886182983,False
1303,904,2010-04-29,1,1193.300048828125,1209.3599853515625,1193.300048828125,1206.780029296875,6059410000,1194.4180709610418,1095.7349198688316,False
1304,905,2010-04-30,1,1206.77001953125,1207.989990234375,1186.3199462890625,1186.68994140625,6048260000,1193.6820586224903,1096.6399449587564,False
1305,906,2010-05-03,1,1188.5799560546875,1205.1300048828125,1188.5799560546875,1202.260009765625,4938050000,1194.4990063504079,1097.6908908772327,False
1306,907,2010-05-04,1,1197.5,1197.5,1168.1199951171875,1173.5999755859375,6594720000,1192.5086224680774,1098.4462051529413,False
1307,908,2010-05-05,1,1169.239990234375,1175.949951171875,1158.1500244140625,1165.8699951171875,6795940000,1189.9716103394212,1099.1170886351726,False
1308,909,2010-05-06,1,1164.3800048828125,1167.5799560546875,1065.7900390625,1128.1500244140625,10617810000,1184.0838402512918,1099.4059735682958,False
1309,910,2010-05-07,1,1127.0400390625,1135.1300048828125,1094.1500244140625,1110.8800048828125,9472910000,1177.1120464066748,1099.5201430341122,False
1310,911,2010-05-10,1,1122.27001953125,1163.8499755859375,1122.27001953125,1159.72998046875,6893700000,1175.456611555444,1100.1192458941582,False
1311,912,2010-05-11,1,1156.3900146484375,1170.47998046875,1147.7099609375,1155.7900390625,5842550000,1173.583604651354,1100.6731841346393,False
1312,913,2010-05-12,1,1155.4300537109375,1172.8699951171875,1155.4300537109375,1171.6700439453125,5225460000,1173.4013607745883,1101.379620550666,False
1313,914,2010-05-13,1,1170.0400390625,1173.5699462890625,1156.1400146484375,1157.43994140625,4870640000,1171.8812255966513,1101.9374346885327,False
1314,915,2010-05-14,1,1157.18994140625,1157.18994140625,1126.1400146484375,1135.6800537109375,6126400000,1168.433494940869,1102.273182141492,False
1315,916,2010-05-17,1,1136.52001953125,1141.8800048828125,1114.9599609375,1136.93994140625,5922920000,1165.434108889953,1102.6181250197483,False
1316,917,2010-05-18,1,1138.780029296875,1148.6600341796875,1117.199951171875,1120.800048828125,6170840000,1161.1832460269218,1102.7990396845082,False
1317,918,2010-05-19,1,1119.5699462890625,1124.27001953125,1100.6600341796875,1115.050048828125,6765800000,1156.789608198465,1102.920940273002,False
1318,919,2010-05-20,1,1107.3399658203125,1107.3399658203125,1071.5799560546875,1071.5899658203125,8328570000,1148.6753565434028,1102.6091892834231,False
1319,920,2010-05-21,1,1067.260009765625,1090.1600341796875,1055.9000244140625,1087.68994140625,5452130000,1142.867221768436,1102.4607390557896,False
1320,921,2010-05-24,1,1084.780029296875,1089.949951171875,1072.699951171875,1073.6500244140625,5224040000,1136.2751077346861,1102.17406527826,False
1321,922,2010-05-25,1,1067.4200439453125,1074.75,1040.780029296875,1074.030029296875,7329580000,1130.3470050263231,1101.8940251192414,False
1322,923,2010-05-26,1,1075.510009765625,1090.75,1065.5899658203125,1067.949951171875,4521050000,1124.4044284687566,1101.5562731396656,False
1323,924,2010-05-27,1,1074.27001953125,1103.52001953125,1074.27001953125,1103.06005859375,5698460000,1122.3716313378036,1101.5712361790097,False
1324,925,2010-05-28,1,1102.5899658203125,1102.5899658203125,1084.780029296875,1089.4100341796875,4871210000,1119.2324316084591,1101.4502291939418,False
1325,926,2010-06-01,1,1087.300048828125,1094.77001953125,1069.8900146484375,1070.7099609375,5271480000,1114.6112439255107,1101.1443558779574,False
1326,927,2010-06-02,1,1073.010009765625,1098.56005859375,1072.030029296875,1098.3800048828125,5026360000,1113.06541163573,1101.1168498979061,False
1327,928,2010-06-03,1,1098.8199462890625,1105.6700439453125,1091.81005859375,1102.8299560546875,4995970000,1112.0906063422974,1101.133895730312,False
1328,929,2010-06-04,1,1098.4300537109375,1098.4300537109375,1060.5,1064.8800048828125,6180580000,1107.5943585842513,1100.7731604979986,False
1329,930,2010-06-07,1,1065.8399658203125,1071.3599853515625,1049.8599853515625,1050.469970703125,5467560000,1102.1539406908107,1100.2726312463085,False
1330,931,2010-06-08,1,1050.81005859375,1063.1500244140625,1042.1700439453125,1062.0,6192750000,1098.3297558631145,1099.8918090448528,False
1331,932,2010-06-09,1,1062.75,1077.739990234375,1052.25,1055.68994140625,5983200000,1094.268821152937,1099.4519894663592,False
1332,933,2010-06-10,1,1058.77001953125,1087.8499755859375,1058.77001953125,1086.8399658203125,5144780000,1093.5613111212585,1099.3264966937618,False
1333,934,2010-06-11,1,1082.6500244140625,1092.25,1077.1199951171875,1091.5999755859375,4059280000,1093.3745172607516,1099.2496158867189,False
1334,935,2010-06-14,1,1095.0,1105.9100341796875,1089.030029296875,1089.6300048828125,4425830000,1093.0178970342813,1099.153898364292,False
1335,936,2010-06-15,1,1091.2099609375,1115.5899658203125,1091.2099609375,1115.22998046875,4644490000,1095.1333335518498,1099.3138593802569,False
1336,937,2010-06-16,1,1114.02001953125,1118.739990234375,1107.1300048828125,1114.6099853515625,5002600000,1096.98825277087,1099.4660596386777,False
1337,938,2010-06-17,1,1115.97998046875,1117.719970703125,1105.8699951171875,1116.0400390625,4557760000,1098.8027086081681,1099.630974856825,False
1338,939,2010-06-18,1,1116.1600341796875,1121.010009765625,1113.9300537109375,1117.510009765625,4555360000,1100.5843563374497,1099.8088757016887,False
1339,940,2010-06-21,1,1122.7900390625,1131.22998046875,1108.239990234375,1113.199951171875,4514360000,1101.785841559776,1099.9421202337305,False
1340,941,2010-06-22,1,1113.9000244140625,1118.5,1094.1800537109375,1095.31005859375,4514380000,1101.1691003249164,1099.8960300681586,False
1341,942,2010-06-23,1,1095.5699462890625,1099.6400146484375,1085.31005859375,1092.0400390625,4526150000,1100.299665918972,1099.8178610034258,False
1342,943,2010-06-24,1,1090.9300537109375,1090.9300537109375,1071.5999755859375,1073.68994140625,4814830000,1097.76540644157,1099.5578817039516,False
1343,944,2010-06-25,1,1075.0999755859375,1083.56005859375,1067.8900146484375,1076.760009765625,5128840000,1095.7648924724322,1099.331037207053,False
1344,945,2010-06-28,1,1077.5,1082.5999755859375,1071.449951171875,1074.5699462890625,3896410000,1093.7463261692542,1099.0846581929436,False
1345,946,2010-06-29,1,1071.0999755859375,1071.0999755859375,1035.1800537109375,1041.239990234375,6136700000,1088.7457227468847,1098.509089357535,False
1346,947,2010-06-30,1,1040.56005859375,1048.0799560546875,1028.3299560546875,1030.7099609375,5067080000,1083.2185073364672,1097.8344711643008,False
1347,948,2010-07-01,1,1031.0999755859375,1033.5799560546875,1010.9099731445312,1027.3699951171875,6435770000,1077.8996014108216,1097.1333320991555,False
1348,949,2010-07-02,1,1027.6500244140625,1032.949951171875,1015.9299926757812,1022.5800170898438,3968500000,1072.6310695707284,1096.3915080692123,False
1349,950,2010-07-06,1,1028.0899658203125,1042.5,1018.3499755859375,1028.06005859375,4691240000,1068.3862113824448,1095.7115931490584,False
1350,951,2010-07-07,1,1028.5400390625,1060.8900146484375,1028.5400390625,1060.27001953125,4931220000,1067.6132407299501,1095.3589406752494,False
1351,952,2010-07-08,1,1062.9200439453125,1071.25,1058.239990234375,1070.25,4548460000,1067.864360660431,1095.1091004695256,False
1352,953,2010-07-09,1,1070.5,1078.1600341796875,1068.0999755859375,1077.9599609375,3506570000,1068.8258464011042,1094.938462265227,False
1353,954,2010-07-12,1,1077.22998046875,1080.780029296875,1070.449951171875,1078.75,3426990000,1069.7710038867133,1094.7773830387073,False
1354,955,2010-07-13,1,1080.6500244140625,1099.4599609375,1080.6500244140625,1095.3399658203125,4640460000,1072.2061431184845,1094.7829808773304,False
1355,956,2010-07-14,1,1095.6099853515625,1099.0799560546875,1087.6800537109375,1095.1700439453125,4521050000,1074.3931812924682,1094.7868322511413,False
1356,957,2010-07-15,1,1094.4599609375,1098.6600341796875,1080.530029296875,1096.47998046875,4552470000,1076.4966859759236,1094.8036794970876,False
1357,958,2010-07-16,1,1093.8499755859375,1093.8499755859375,1063.3199462890625,1064.8800048828125,5297350000,1075.3903353956273,1094.5059314909754,False
1358,959,2010-07-19,1,1066.8499755859375,1074.699951171875,1061.1099853515625,1071.25,4089500000,1074.9960177389007,1094.2745291875826,False
1359,960,2010-07-20,1,1064.530029296875,1083.93994140625,1056.8800048828125,1083.47998046875,4713280000,1075.8040141893625,1094.1671207426193,False
1360,961,2010-07-21,1,1086.6700439453125,1088.9599609375,1065.25,1069.5899658203125,4747180000,1075.2122000589768,1093.9225719374222,False
1361,962,2010-07-22,1,1072.1400146484375,1097.5,1072.1400146484375,1093.6700439453125,4826900000,1076.9700899529134,1093.9200592210827,False
1362,963,2010-07-23,1,1092.1700439453125,1103.72998046875,1087.8800048828125,1102.6600341796875,4524570000,1079.4167513078444,1094.007024146044,False
1363,964,2010-07-26,1,1102.8900146484375,1115.010009765625,1101.300048828125,1115.010009765625,4009650000,1082.8065854466806,1094.2160090775822,False
1364,965,2010-07-27,1,1117.3599853515625,1120.949951171875,1109.780029296875,1113.8399658203125,4725690000,1085.7621454822647,1094.4112723287537,False
1365,966,2010-07-28,1,1112.8399658203125,1114.6600341796875,1103.1099853515625,1106.1300048828125,4002390000,1087.7019416156502,1094.5278766327742,False
1366,967,2010-07-29,1,1108.0699462890625,1115.9000244140625,1092.8199462890625,1101.530029296875,4612420000,1089.0189023471955,1094.597549793611,False
1367,968,2010-07-30,1,1098.43994140625,1106.43994140625,1088.010009765625,1101.5999755859375,4006450000,1090.2170997985043,1094.6672256721417,False
1368,969,2010-08-02,1,1107.530029296875,1127.300048828125,1107.530029296875,1125.8599853515625,4144180000,1093.611660327367,1094.977601390345,False
1369,970,2010-08-03,1,1125.3399658203125,1125.43994140625,1116.760009765625,1120.4599609375,4071820000,1096.168641337856,1095.2311572067347,False
1370,971,2010-08-04,1,1121.06005859375,1128.75,1119.4599609375,1127.239990234375,4057850000,1099.1278174232386,1095.5496530577561,False
1371,972,2010-08-05,1,1125.780029296875,1126.56005859375,1118.81005859375,1125.81005859375,3685560000,1101.6689832490017,1095.8507516203033,False
1372,973,2010-08-06,1,1122.0699462890625,1123.06005859375,1107.1700439453125,1121.6400146484375,3857890000,1103.5709862394242,1096.1073612026728,False
1373,974,2010-08-09,1,1122.800048828125,1129.239990234375,1120.9100341796875,1127.7900390625,3979360000,1105.877562698765,1096.4226117286412,False
1374,975,2010-08-10,1,1122.9200439453125,1127.1600341796875,1111.5799560546875,1121.06005859375,3979360000,1107.3235146887635,1096.6677604536671,False
1375,976,2010-08-11,1,1116.8900146484375,1116.8900146484375,1088.550048828125,1089.469970703125,4511860000,1105.6231771663217,1096.5961406551544,False
1376,977,2010-08-12,1,1081.47998046875,1086.719970703125,1076.68994140625,1083.6099853515625,4521050000,1103.5266827077733,1096.4669251794967,False
1377,978,2010-08-13,1,1082.219970703125,1086.25,1079.0,1079.25,3328890000,1101.2146176879853,1096.2956124911436,False
1378,979,2010-08-16,1,1077.489990234375,1082.6199951171875,1069.489990234375,1079.3800048828125,3142450000,1099.1351307541595,1096.1272979875782,False
1379,980,2010-08-17,1,1081.1600341796875,1100.1400146484375,1081.1600341796875,1092.5400390625,3968210000,1098.5070267835254,1096.0916038689209,False
1380,981,2010-08-18,1,1092.0799560546875,1099.77001953125,1085.760009765625,1094.1600341796875,3724260000,1098.0930274879217,1096.0723842700231,False
1381,982,2010-08-19,1,1092.43994140625,1092.43994140625,1070.6600341796875,1075.6300048828125,4290540000,1095.9536920017208,1095.8689775099513,False
1382,983,2010-08-20,1,1075.6300048828125,1075.6300048828125,1063.9100341796875,1071.68994140625,3761570000,1093.642858611676,1095.628390086034,False
1383,984,2010-08-23,1,1073.3599853515625,1081.5799560546875,1067.0799560546875,1067.3599853515625,3210950000,1091.1397278249985,1095.3471124269845,False
1384,985,2010-08-24,1,1063.199951171875,1063.199951171875,1046.6800537109375,1051.8699951171875,4436330000,1087.3997532813974,1094.9145042945488,False
1385,986,2010-08-25,1,1048.97998046875,1059.3800048828125,1039.8299560546875,1055.3299560546875,4360190000,1084.3454868788535,1094.5206281926596,False
1386,987,2010-08-26,1,1056.280029296875,1061.449951171875,1045.4000244140625,1047.219970703125,3646710000,1080.809723433546,1094.049974884306,False
1387,988,2010-08-27,1,1049.27001953125,1065.2099609375,1039.699951171875,1064.5899658203125,4102460000,1079.264984613238,1093.756840465759,False
1388,989,2010-08-30,1,1062.9000244140625,1064.4000244140625,1048.7900390625,1048.9200439453125,2917990000,1076.3749902639117,1093.3107031869486,False
1389,990,2010-08-31,1,1046.8800048828125,1055.1400146484375,1040.8800048828125,1049.3299560546875,4038770000,1073.799272720176,1092.8730838124982,False
1390,991,2010-09-01,1,1049.719970703125,1081.300048828125,1049.719970703125,1080.2900390625,4396880000,1074.4174409432544,1092.747879387125,False
1391,992,2010-09-02,1,1080.6600341796875,1090.0999755859375,1080.3900146484375,1090.0999755859375,3704210000,1075.911015671129,1092.7215320856208,False
1392,993,2010-09-03,1,1093.6099853515625,1105.0999755859375,1093.6099853515625,1104.510009765625,3534500000,1078.6347293944143,1092.838830370994,False
1393,994,2010-09-07,1,1102.5999755859375,1102.5999755859375,1091.1500244140625,1091.8399658203125,3107380000,1079.8923709587857,1092.828891420241,False
1394,995,2010-09-08,1,1092.3599853515625,1103.260009765625,1092.3599853515625,1098.8699951171875,3224640000,1081.6997637357763,1092.8890019047878,False
1395,996,2010-09-09,1,1101.1500244140625,1110.27001953125,1101.1500244140625,1104.1800537109375,3387770000,1083.8407437334106,1093.0013506789785,False
1396,997,2010-09-10,1,1104.5699462890625,1110.8800048828125,1103.9200439453125,1109.550048828125,3061160000,1086.2892489805263,1093.1660143421543,False
1397,998,2010-09-13,1,1113.3800048828125,1123.8699951171875,1113.3800048828125,1121.9000244140625,4521050000,1089.6807514027678,1093.4519248901336,False
1398,999,2010-09-14,1,1121.1600341796875,1127.3599853515625,1115.5799560546875,1121.0999755859375,4521050000,1092.6730584678317,1093.7270298721814,False
1399,1000,2010-09-15,1,1119.4300537109375,1126.4599609375,1114.6300048828125,1125.0699462890625,3369840000,1095.7584763555678,1094.0388996872748,False
1400,1001,2010-09-16,1,1123.8900146484375,1125.43994140625,1118.8800048828125,1124.6600341796875,3364080000,1098.5110056721505,1094.3435875926718,False
1401,1002,2010-09-17,1,1126.3900146484375,1131.469970703125,1122.4300537109375,1125.5899658203125,4086140000,1101.0899542576897,1094.6544968287678,False
1402,1003,2010-09-20,1,1126.5699462890625,1144.8599853515625,1126.5699462890625,1142.7099609375,3364080000,1105.0537644176716,1095.1326606507453,False
1403,1004,2010-09-21,1,1142.8199462890625,1148.5899658203125,1136.219970703125,1139.780029296875,4175660000,1108.3610277395005,1095.5769130750848,False
1404,1005,2010-09-22,1,1139.489990234375,1144.3800048828125,1131.5799560546875,1134.280029296875,3911070000,1110.829504078298,1095.9620187091325,False
1405,1006,2010-09-23,1,1131.0999755859375,1136.77001953125,1122.7900390625,1124.8299560546875,3847850000,1112.1628804570018,1096.2492618667998,False
1406,1007,2010-09-24,1,1131.68994140625,1148.9000244140625,1131.68994140625,1148.6700439453125,4123950000,1115.6397531701743,1096.7708616884765,False
1407,1008,2010-09-27,1,1148.6400146484375,1149.9200439453125,1142.0,1142.1600341796875,3587860000,1118.1654942186995,1097.222495245603,False
1408,1009,2010-09-28,1,1142.31005859375,1150.0,1132.0899658203125,1147.699951171875,4025840000,1120.9782996428114,1097.7247584886507,False
1409,1010,2010-09-29,1,1146.75,1148.6300048828125,1140.260009765625,1144.72998046875,3990280000,1123.240364483377,1098.192472140194,False
1410,1011,2010-09-30,1,1145.969970703125,1157.1600341796875,1136.0799560546875,1141.199951171875,4284160000,1124.9508013108532,1098.6204072549372,False
1411,1012,2010-10-01,1,1143.489990234375,1150.300048828125,1139.4200439453125,1146.239990234375,4298910000,1126.9783431130934,1099.09423395125,False
1412,1013,2010-10-04,1,1144.9599609375,1148.1600341796875,1131.8699951171875,1137.030029296875,3604110000,1127.9356465591677,1099.471704551704,False
1413,1014,2010-10-05,1,1140.6800537109375,1162.760009765625,1140.6800537109375,1160.75,4068840000,1131.0608230773423,1100.081438834772,False
1414,1015,2010-10-06,1,1159.81005859375,1162.3299560546875,1154.8499755859375,1159.969970703125,4073160000,1133.8140752321788,1100.677344624507,False
1415,1016,2010-10-07,1,1161.5699462890625,1163.8699951171875,1151.4100341796875,1158.06005859375,3910550000,1136.1232165047095,1101.248316902808,False
1416,1017,2010-10-08,1,1158.3599853515625,1167.72998046875,1155.5799560546875,1165.1500244140625,3871420000,1138.8876744008383,1101.8841547884922,False
1417,1018,2010-10-11,1,1165.3199462890625,1168.6800537109375,1162.02001953125,1165.3199462890625,2505900000,1141.4050336282883,1102.5153566939705,False
1418,1019,2010-10-12,1,1164.280029296875,1172.5799560546875,1155.7099609375,1169.77001953125,4076170000,1144.1064608571419,1103.184557319217,False
1419,1020,2010-10-13,1,1171.3199462890625,1184.3800048828125,1171.3199462890625,1178.0999755859375,4969410000,1147.3439384503604,1103.9299843666472,False
1420,1021,2010-10-14,1,1177.8199462890625,1178.8900146484375,1166.7099609375,1173.81005859375,4969410000,1149.8645213211594,1104.6253084883099,False
1421,1022,2010-10-15,1,1177.469970703125,1181.199951171875,1167.1199951171875,1176.18994140625,5724910000,1152.371704186406,1105.3373943879908,False
1422,1023,2010-10-18,1,1176.8299560546875,1185.530029296875,1174.550048828125,1184.7099609375,4450050000,1155.451538162701,1106.1271711695779,False
1423,1024,2010-10-19,1,1178.6400146484375,1178.6400146484375,1159.7099609375,1165.9000244140625,5600120000,1156.446632091402,1106.7219259282294,False
1424,1025,2010-10-20,1,1166.739990234375,1182.93994140625,1166.739990234375,1178.1700439453125,5027880000,1158.5155284584412,1107.4328524756631,False
1425,1026,2010-10-21,1,1179.8199462890625,1189.4300537109375,1171.1700439453125,1180.260009765625,4625470000,1160.5864314400778,1108.1575008069065,False
1426,1027,2010-10-22,1,1180.52001953125,1183.9300537109375,1178.989990234375,1183.0799560546875,3177890000,1162.7286718795644,1108.9029978740487,False
1427,1028,2010-10-25,1,1184.739990234375,1196.1400146484375,1184.739990234375,1185.6199951171875,4221380000,1164.9087979021954,1109.666351080448,False
1428,1029,2010-10-26,1,1184.8800048828125,1187.1099853515625,1177.719970703125,1185.6400146484375,4203680000,1166.8831994970756,1110.4223079318708,False
1429,1030,2010-10-27,1,1183.8399658203125,1183.8399658203125,1171.699951171875,1182.449951171875,4335670000,1168.3657472756279,1111.139000899433,False
1430,1031,2010-10-28,1,1184.469970703125,1189.530029296875,1177.0999755859375,1183.780029296875,4283460000,1169.8337741347943,1111.8617972018953,False
1431,1032,2010-10-29,1,1183.8699951171875,1185.4599609375,1179.699951171875,1183.260009765625,3537880000,1171.1124632424926,1112.572227177654,False
1432,1033,2010-11-01,1,1185.7099609375,1195.81005859375,1177.6500244140625,1184.3800048828125,4129180000,1172.3760386368087,1113.2867324284516,False
1433,1034,2010-11-02,1,1187.8599853515625,1195.8800048828125,1187.8599853515625,1193.5699462890625,3866200000,1174.3945060322615,1114.0855703773134,False
1434,1035,2010-11-03,1,1193.7900390625,1198.300048828125,1183.56005859375,1197.9599609375,4665480000,1176.6388350708555,1114.9201414276636,False
1435,1036,2010-11-04,1,1198.3399658203125,1221.25,1198.3399658203125,1221.06005859375,5695470000,1180.8694277873217,1115.9762600064307,False
1436,1037,2010-11-05,1,1221.199951171875,1227.0799560546875,1220.2900390625,1225.8499755859375,5637460000,1185.153289482428,1117.0695308082168,False
1437,1038,2010-11-08,1,1223.239990234375,1224.5699462890625,1217.550048828125,1223.25,3937230000,1188.7815476269586,1118.1260528897271,False
1438,1039,2010-11-09,1,1223.5899658203125,1226.8399658203125,1208.93994140625,1213.4000244140625,4848040000,1191.1261644638257,1119.0740526063873,False
1439,1040,2010-11-10,1,1213.1400146484375,1218.75,1204.3299560546875,1218.7099609375,4561300000,1193.7531926994138,1120.0654546793337,False
1440,1041,2010-11-11,1,1213.0400390625,1215.449951171875,1204.489990234375,1213.5400390625,3931120000,1195.637654257803,1120.9955500463304,False
1441,1042,2010-11-12,1,1209.0699462890625,1210.5,1194.0799560546875,1199.2099609375,4213620000,1195.9778739415835,1121.773802891019,False
1442,1043,2010-11-15,1,1200.43994140625,1207.4300537109375,1197.1500244140625,1197.75,3503370000,1196.146647851909,1122.529784951805,False
1443,1044,2010-11-16,1,1194.7900390625,1194.7900390625,1173.0,1178.3399658203125,5116380000,1194.4507733727094,1123.085110134576,False
1444,1045,2010-11-17,1,1178.3299560546875,1183.56005859375,1175.8199462890625,1178.5899658203125,3904780000,1192.940220272481,1123.6373972558274,False
1445,1046,2010-11-18,1,1183.75,1200.2900390625,1183.75,1196.68994140625,4687260000,1193.2973365709352,1124.3642882423987,False
1446,1047,2010-11-19,1,1196.1199951171875,1199.969970703125,1189.43994140625,1199.72998046875,3675390000,1193.909969323108,1125.1141956277356,False
1447,1048,2010-11-22,1,1198.0699462890625,1198.93994140625,1184.5799560546875,1197.8399658203125,3689500000,1194.2842547037942,1125.8378351321394,False
1448,1049,2010-11-23,1,1192.510009765625,1192.510009765625,1176.9100341796875,1180.72998046875,4133070000,1192.993371443314,1126.384025633001,False
1449,1050,2010-11-24,1,1183.699951171875,1198.6199951171875,1183.699951171875,1198.3499755859375,3384250000,1193.5035242188019,1127.1001047370105,False
1450,1051,2010-11-26,1,1194.1600341796875,1194.1600341796875,1186.9300537109375,1189.4000244140625,1613820000,1193.1127147135885,1127.7200044352896,False
1451,1052,2010-11-29,1,1189.0799560546875,1190.3399658203125,1173.6400146484375,1187.760009765625,3673450000,1192.602933289973,1128.3174174236512,False
1452,1053,2010-11-30,1,1182.9599609375,1187.4000244140625,1174.1400146484375,1180.550048828125,4284700000,1191.4550395317017,1128.8371450993177,False
1453,1054,2010-12-01,1,1186.5999755859375,1207.6099853515625,1186.5999755859375,1206.0699462890625,4548110000,1192.8469354133551,1129.6056306832952,False
1454,1055,2010-12-02,1,1206.81005859375,1221.8900146484375,1206.81005859375,1221.530029296875,4970800000,1195.578658640357,1130.5203013162663,False
1455,1056,2010-12-03,1,1219.9300537109375,1225.5699462890625,1216.8199462890625,1224.7099609375,3735780000,1198.3530683829422,1131.4575118597613,False
1456,1057,2010-12-06,1,1223.8699951171875,1225.800048828125,1220.6700439453125,1223.1199951171875,3527370000,1200.7118233100132,1132.3695763697856,False
1457,1058,2010-12-07,1,1227.25,1235.050048828125,1223.25,1223.75,6970630000,1202.9059353757261,1133.278834316355,False
1458,1059,2010-12-08,1,1225.02001953125,1228.9300537109375,1219.5,1228.280029296875,4607590000,1205.3225157491688,1134.224119838549,False
1459,1060,2010-12-09,1,1230.1400146484375,1234.7099609375,1226.8499755859375,1233.0,4522510000,1207.9584666302003,1135.20696441727,False
1460,1061,2010-12-10,1,1233.8499755859375,1240.4000244140625,1232.5799560546875,1240.4000244140625,4547310000,1211.048138800092,1136.253661531666,False
1461,1062,2010-12-13,1,1242.52001953125,1246.72998046875,1240.3399658203125,1240.4599609375,4361240000,1213.8492647179405,1137.2905401327191,False
1462,1063,2010-12-14,1,1241.8399658203125,1246.5899658203125,1238.1700439453125,1241.5899658203125,4132350000,1216.4912362514997,1138.3283453634415,False
1463,1064,2010-12-15,1,1241.5799560546875,1244.25,1234.010009765625,1235.22998046875,4407340000,1218.2758785579044,1139.2925407376238,False
1464,1065,2010-12-16,1,1236.3399658203125,1243.75,1232.8499755859375,1242.8699951171875,4736820000,1220.6181753730743,1140.3231621742364,False
1465,1066,2010-12-17,1,1243.6300048828125,1245.81005859375,1239.8699951171875,1243.9100341796875,4632470000,1222.8364476403708,1141.3538773185694,False
1466,1067,2010-12-20,1,1245.760009765625,1250.199951171875,1241.510009765625,1247.0799560546875,3548140000,1225.1453532036392,1142.4058781020135,False
1467,1068,2010-12-21,1,1249.4300537109375,1255.8199462890625,1249.4300537109375,1254.5999755859375,3479670000,1227.9505553352865,1143.522237280958,False
1468,1069,2010-12-22,1,1254.93994140625,1259.3900146484375,1254.93994140625,1258.8399658203125,1285590000,1230.892403952908,1144.6696773659269,False
1469,1070,2010-12-23,1,1257.530029296875,1258.5899658203125,1254.050048828125,1256.77001953125,2515020000,1233.3569387698928,1145.7851036561292,False
1470,1071,2010-12-27,1,1254.6600341796875,1258.4300537109375,1251.47998046875,1257.5400390625,1992470000,1235.6600911787125,1146.8970930631576,False
1471,1072,2010-12-28,1,1259.0999755859375,1259.9000244140625,1256.219970703125,1258.510009765625,2478450000,1237.8362739012757,1148.0076693487545,False
1472,1073,2010-12-29,1,1258.780029296875,1262.5999755859375,1258.780029296875,1259.780029296875,2214380000,1239.9261553675233,1149.119832134308,False
1473,1074,2010-12-30,1,1259.43994140625,1261.0899658203125,1256.3199462890625,1257.8800048828125,1970720000,1241.6360457975509,1150.2020229079249,False
1474,1075,2010-12-31,1,1256.760009765625,1259.3399658203125,1254.18994140625,1257.6400146484375,1799770000,1243.1602333071592,1151.2710576516115,False
1475,1076,2011-01-03,1,1257.6199951171875,1276.1700439453125,1257.6199951171875,1271.8699951171875,4286670000,1245.8944963366855,1152.4710470791297,False
1476,1077,2011-01-04,1,1272.949951171875,1274.1199951171875,1262.6600341796875,1270.199951171875,4796420000,1248.2093015590845,1153.6424789606497,False
1477,1078,2011-01-05,1,1268.780029296875,1277.6300048828125,1265.3599853515625,1276.56005859375,4764920000,1250.909373657624,1154.8655394545115,False
1478,1079,2011-01-06,1,1276.2900390625,1278.1700439453125,1270.4300537109375,1273.8499755859375,4844100000,1253.094192888892,1156.0494641921377,False
1479,1080,2011-01-07,1,1274.4100341796875,1276.8299560546875,1261.699951171875,1271.5,4963110000,1254.8471268994736,1157.1982257424647,False
1480,1081,2011-01-10,1,1270.8399658203125,1271.52001953125,1262.1800537109375,1269.75,4036450000,1256.2664481471427,1158.318143894281,False
1481,1082,2011-01-11,1,1272.5799560546875,1277.25,1269.6199951171875,1274.47998046875,4050750000,1258.00107027301,1159.4739830641765,False
1482,1083,2011-01-12,1,1275.6500244140625,1286.8699951171875,1275.6500244140625,1285.9599609375,4226940000,1260.6638217648663,1160.73255000819,False
1483,1084,2011-01-13,1,1285.780029296875,1286.699951171875,1280.469970703125,1283.760009765625,4310840000,1262.8634587173196,1161.9567038366222,False
1484,1085,2011-01-14,1,1282.9000244140625,1293.239990234375,1281.239990234375,1293.239990234375,4661590000,1265.7564617189441,1163.2630051938138,False
1485,1086,2011-01-18,1,1293.219970703125,1296.06005859375,1290.1600341796875,1295.02001953125,5284990000,1268.543467224878,1164.574020261848,False
1486,1087,2011-01-19,1,1294.52001953125,1294.5999755859375,1278.9200439453125,1281.9200439453125,4743710000,1269.8174269125384,1165.7416423880518,False
1487,1088,2011-01-20,1,1280.8499755859375,1283.3499755859375,1271.260009765625,1280.260009765625,4935320000,1270.8119586128323,1166.8811286306147,False
1488,1089,2011-01-21,1,1283.6300048828125,1291.2099609375,1282.0699462890625,1283.3499755859375,4935320000,1272.006055467414,1168.0400226301701,False
1489,1090,2011-01-24,1,1283.2900390625,1291.9300537109375,1282.469970703125,1290.8399658203125,3902470000,1273.799761215309,1169.2619126121617,False
1490,1091,2011-01-25,1,1288.1700439453125,1291.260009765625,1281.0699462890625,1291.1800537109375,4595380000,1275.4550271672736,1170.4750284439904,False
1491,1092,2011-01-26,1,1291.969970703125,1299.739990234375,1291.969970703125,1296.6300048828125,4730980000,1277.4716917116107,1171.7303018413916,False
1492,1093,2011-01-27,1,1297.510009765625,1301.2900390625,1294.4100341796875,1299.5400390625,4309190000,1279.573439078362,1173.0020405202085,False
1493,1094,2011-01-28,1,1299.6300048828125,1302.6700439453125,1275.0999755859375,1276.3399658203125,5618630000,1279.2654892442622,1174.0302785828962,False
1494,1095,2011-01-31,1,1276.5,1287.1700439453125,1276.5,1286.1199951171875,4167160000,1279.9182993273978,1175.1455991454266,False
1495,1096,2011-02-01,1,1289.1400146484375,1308.8599853515625,1289.1400146484375,1307.5899658203125,5164500000,1282.5536961362468,1176.4634535402017,False
1496,1097,2011-02-02,1,1305.9100341796875,1307.6099853515625,1302.6199951171875,1304.030029296875,4098260000,1284.5990611991638,1177.7327727019597,False
1497,1098,2011-02-03,1,1302.77001953125,1308.5999755859375,1294.8299560546875,1307.0999755859375,4370990000,1286.7420054264755,1179.0200085515514,False
1498,1099,2011-02-04,1,1307.010009765625,1311.0,1301.6700439453125,1310.8699951171875,3925950000,1289.0399092065434,1180.3319487163837,False
1499,1100,2011-02-07,1,1311.8499755859375,1322.8499755859375,1311.8499755859375,1319.050048828125,3902270000,1291.898017741932,1181.7122283194856,False
1500,1101,2011-02-08,1,1318.760009765625,1324.8699951171875,1316.030029296875,1324.5699462890625,3881530000,1295.0096299845159,1183.1336981500287,False
1501,1102,2011-02-09,1,1322.47998046875,1324.5400390625,1314.8900146484375,1320.8800048828125,3922240000,1297.473475212925,1184.5043081672704,False
1502,1103,2011-02-10,1,1318.1300048828125,1322.780029296875,1311.739990234375,1321.8699951171875,4184610000,1299.7969532990453,1185.8711309229911,False
1503,1104,2011-02-11,1,1318.6600341796875,1330.7900390625,1316.0799560546875,1329.1500244140625,4219300000,1302.5924838814278,1187.296791554743,False
1504,1105,2011-02-14,1,1328.72998046875,1332.9599609375,1326.9000244140625,1332.3199462890625,3567040000,1305.4236707773932,1188.7398080197613,False
1505,1106,2011-02-15,1,1330.4300537109375,1330.4300537109375,1324.6099853515625,1328.010009765625,3926860000,1307.5747506810342,1190.1255811714616,False
1506,1107,2011-02-16,1,1329.510009765625,1337.6099853515625,1329.510009765625,1336.3199462890625,1966450000,1310.3123883579892,1191.5802514711393,False
1507,1108,2011-02-17,1,1334.3699951171875,1341.5,1331.0,1340.4300537109375,1966450000,1313.1807374392224,1193.0613440307395,False
1508,1109,2011-02-18,1,1340.3800048828125,1344.0699462890625,1338.1199951171875,1343.010009765625,1162310000,1316.0216205179274,1194.5533705554647,False
1509,1110,2011-02-22,1,1338.9100341796875,1338.9100341796875,1312.3299560546875,1315.43994140625,1322780000,1315.9662225072916,1195.7562220067164,False
1510,1111,2011-02-23,1,1315.43994140625,1317.9100341796875,1299.550048828125,1307.4000244140625,1330340000,1315.15039411746,1196.8671056127596,False
1511,1112,2011-02-24,1,1307.0899658203125,1310.9100341796875,1294.260009765625,1306.0999755859375,1222900000,1314.2884494954103,1197.9539998413484,False
1512,1113,2011-02-25,1,1307.3399658203125,1320.6099853515625,1307.3399658203125,1319.8800048828125,3836030000,1314.820978579925,1199.167193921363,False
1513,1114,2011-02-28,1,1321.6099853515625,1329.3800048828125,1320.550048828125,1327.219970703125,1252850000,1316.0018349726106,1200.441350904266,False
1514,1115,2011-03-01,1,1328.6400146484375,1332.0899658203125,1306.1400146484375,1306.3299560546875,1180420000,1315.0807036470942,1201.494968865962,False
1515,1116,2011-03-02,1,1305.469970703125,1314.18994140625,1302.5799560546875,1308.43994140625,1025000000,1314.4482501003472,1202.559097945965,False
1516,1117,2011-03-03,1,1312.3699951171875,1332.280029296875,1312.3699951171875,1330.969970703125,4340470000,1316.0217473006117,1203.8368180729021,False
1517,1118,2011-03-04,1,1330.72998046875,1331.0799560546875,1312.5899658203125,1321.1500244140625,4223740000,1316.5101546447497,1205.0041136583864,False
1518,1119,2011-03-07,1,1322.719970703125,1327.6800537109375,1303.989990234375,1310.1300048828125,3964730000,1315.902521334089,1206.0501424267889,False
1519,1120,2011-03-08,1,1311.050048828125,1325.739990234375,1306.8599853515625,1321.8199462890625,4531420000,1316.466085615515,1207.2020807736774,False
1520,1121,2011-03-09,1,1319.9200439453125,1323.2099609375,1312.27001953125,1320.02001953125,3709520000,1316.8045555122517,1208.3246473284792,False
1521,1122,2011-03-10,1,1315.719970703125,1315.719970703125,1294.2099609375,1295.1099853515625,4723020000,1314.7384059731385,1209.1881830302016,False
1522,1123,2011-03-11,1,1293.4300537109375,1308.3499755859375,1291.989990234375,1304.280029296875,3740400000,1313.7423700992085,1210.134370555243,False
1523,1124,2011-03-14,1,1301.18994140625,1301.18994140625,1286.3699951171875,1296.3900146484375,4050370000,1312.0897648181829,1210.9926356705982,False
1524,1125,2011-03-15,1,1288.4599609375,1288.4599609375,1261.1199951171875,1281.8699951171875,5201400000,1309.211691513326,1211.6978830282758,False
1525,1126,2011-03-16,1,1279.4599609375,1280.9100341796875,1249.050048828125,1256.8800048828125,5833000000,1304.2277213580392,1212.1474563800623,False
1526,1127,2011-03-17,1,1261.6099853515625,1278.8800048828125,1261.6099853515625,1273.719970703125,4134950000,1301.3222212956664,1212.7601182141227,False
1527,1128,2011-03-18,1,1276.7099609375,1288.8800048828125,1276.1800537109375,1279.2099609375,4685500000,1299.216291737746,1213.4213106790319,False
1528,1129,2011-03-21,1,1281.6500244140625,1300.5799560546875,1281.6500244140625,1298.3800048828125,4223730000,1299.1366453706094,1214.266670820363,False
1529,1130,2011-03-22,1,1298.2900390625,1299.3499755859375,1292.699951171875,1293.77001953125,3576550000,1298.6255381478131,1215.0577489169889,False
1530,1131,2011-03-23,1,1292.18994140625,1300.510009765625,1284.050048828125,1297.5400390625,3842350000,1298.522157282545,1215.8784682219195,False
1531,1132,2011-03-24,1,1300.6099853515625,1311.3399658203125,1297.739990234375,1309.6600341796875,4223740000,1299.5829074632254,1216.8116181319472,False
1532,1133,2011-03-25,1,1311.800048828125,1319.1800537109375,1310.1500244140625,1313.800048828125,4223740000,1300.9369209265492,1217.7766771438494,False
1533,1134,2011-03-28,1,1315.449951171875,1319.739990234375,1310.18994140625,1310.18994140625,3215170000,1301.818160972235,1218.6962121116346,False
1534,1135,2011-03-29,1,1309.3699951171875,1319.449951171875,1305.260009765625,1319.43994140625,3482580000,1303.4964257754746,1219.6986372787453,False
1535,1136,2011-03-30,1,1321.8900146484375,1331.739990234375,1321.8900146484375,1328.260009765625,3809570000,1305.854862345965,1220.7788499403064,False
1536,1137,2011-03-31,1,1327.43994140625,1329.77001953125,1325.030029296875,1325.8299560546875,3566270000,1307.7572522229864,1221.8241345782603,False
1537,1138,2011-04-01,1,1329.47998046875,1337.8499755859375,1328.8900146484375,1332.4100341796875,4223740000,1310.1051362188628,1222.924491788225,False
1538,1139,2011-04-04,1,1333.56005859375,1336.739990234375,1329.0999755859375,1332.8699951171875,4223740000,1312.2732180187031,1224.018476895976,False
1539,1140,2011-04-05,1,1332.030029296875,1338.2099609375,1330.030029296875,1332.6300048828125,3852280000,1314.211959624809,1225.099188617238,False
1540,1141,2011-04-06,1,1335.93994140625,1339.3800048828125,1331.0899658203125,1335.5400390625,4223740000,1316.2432052855415,1226.1981025520167,False
1541,1142,2011-04-07,1,1334.8199462890625,1338.800048828125,1326.56005859375,1333.510009765625,4005600000,1317.8876628550734,1227.2658827232965,False
1542,1143,2011-04-08,1,1336.1600341796875,1339.4599609375,1322.93994140625,1328.1700439453125,3582810000,1318.86693724462,1228.2699042279933,False
1543,1144,2011-04-11,1,1329.010009765625,1333.77001953125,1321.06005859375,1324.4599609375,3478970000,1319.3996061677512,1229.2270192201277,False
1544,1145,2011-04-12,1,1321.9599609375,1321.9599609375,1309.510009765625,1314.1600341796875,4275490000,1318.9005993117453,1230.072123846591,False
1545,1146,2011-04-13,1,1314.030029296875,1321.3499755859375,1309.18994140625,1314.4100341796875,3850860000,1318.4729264420255,1230.9113070339852,False
1546,1147,2011-04-14,1,1311.1300048828125,1316.7900390625,1302.4200439453125,1314.52001953125,3872630000,1318.0964591171896,1231.7432345215202,False
1547,1148,2011-04-15,1,1314.5400390625,1322.8800048828125,1313.6800537109375,1319.6800537109375,4223740000,1318.2472776499276,1232.6182277472856,False
1548,1149,2011-04-18,1,1313.3499755859375,1313.3499755859375,1294.699951171875,1305.1400146484375,4223740000,1316.998966887881,1233.3398375671975,False
1549,1150,2011-04-19,1,1305.989990234375,1312.699951171875,1303.969970703125,1312.6199951171875,3886300000,1316.5819219573386,1234.1286948562522,False
1550,1151,2011-04-20,1,1319.1199951171875,1332.6600341796875,1319.1199951171875,1330.3599853515625,4236280000,1317.8941184710743,1235.0862201348125,False
1551,1152,2011-04-21,1,1333.22998046875,1337.489990234375,1332.8299560546875,1337.3800048828125,3587240000,1319.7499171769543,1236.1040687392704,False
1552,1153,2011-04-25,1,1337.1400146484375,1337.550048828125,1331.469970703125,1335.25,2142130000,1321.226115541054,1237.0905954184818,False
1553,1154,2011-04-26,1,1336.75,1349.550048828125,1336.75,1347.239990234375,3908060000,1323.7036274166085,1238.1866092972468,False
1554,1155,2011-04-27,1,1348.4300537109375,1357.489990234375,1344.25,1355.6600341796875,4051570000,1326.7470947273778,1239.355499097072,False
1555,1156,2011-04-28,1,1353.8599853515625,1361.7099609375,1353.5999755859375,1360.47998046875,4036820000,1329.9597505122704,1240.560717817188,False
1556,1157,2011-04-29,1,1360.1400146484375,1364.56005859375,1358.68994140625,1363.6099853515625,3479070000,1333.1645347826793,1241.7850886384258,False
1557,1158,2011-05-02,1,1365.2099609375,1370.5799560546875,1358.5899658203125,1361.219970703125,3846250000,1335.8364810608168,1242.9734954251392,False
1558,1159,2011-05-03,1,1359.760009765625,1360.8399658203125,1349.52001953125,1356.6199951171875,4223740000,1337.8158633518997,1244.1043063673487,False
1559,1160,2011-05-04,1,1355.9000244140625,1355.9000244140625,1341.5,1347.3199462890625,4223740000,1338.7210141078199,1245.1313276601022,False
1560,1161,2011-05-05,1,1344.1600341796875,1348.0,1329.1700439453125,1335.0999755859375,3846250000,1338.3761532962121,1246.0265380872252,False
1561,1162,2011-05-06,1,1340.239990234375,1354.3599853515625,1335.5799560546875,1340.199951171875,4223740000,1338.5498483319896,1246.9635869736396,False
1562,1163,2011-05-09,1,1340.199951171875,1349.43994140625,1338.6400146484375,1346.2900390625,4265250000,1339.287009353943,1247.9519098799965,False
1563,1164,2011-05-10,1,1348.3399658203125,1359.43994140625,1348.3399658203125,1357.1600341796875,4223740000,1340.9892021944902,1249.0385578829787,False
1564,1165,2011-05-11,1,1354.510009765625,1354.510009765625,1336.3599853515625,1342.0799560546875,3846250000,1341.093083514509,1249.9643429394137,False
1565,1166,2011-05-12,1,1339.3900146484375,1351.050048828125,1332.030029296875,1348.6500244140625,3777210000,1341.8127921716095,1250.9462900187634,False
1566,1167,2011-05-13,1,1348.68994140625,1350.469970703125,1333.3599853515625,1337.77001953125,3426660000,1341.4277662058612,1251.8102077253554,False
1567,1168,2011-05-16,1,1334.77001953125,1343.3299560546875,1327.3199462890625,1329.469970703125,3846250000,1340.288928538934,1252.5829416853333,False
1568,1169,2011-05-17,1,1326.0999755859375,1330.4200439453125,1318.510009765625,1328.97998046875,4053970000,1339.211885865583,1253.3431112254668,False
1569,1170,2011-05-18,1,1328.5400390625,1341.8199462890625,1326.5899658203125,1340.6800537109375,3922030000,1339.3517113746645,1254.2121355288048,False
1570,1171,2011-05-19,1,1342.4000244140625,1346.8199462890625,1336.3599853515625,1343.5999755859375,3626110000,1339.7563079662143,1255.1015667731542,False
1571,1172,2011-05-20,1,1342.0,1342.0,1330.6700439453125,1333.27001953125,4066020000,1339.1385662105033,1255.879362322986,False
1572,1173,2011-05-23,1,1333.0699462890625,1333.0699462890625,1312.8800048828125,1317.3699951171875,3255580000,1337.065368963521,1256.4912094154656,False
1573,1174,2011-05-24,1,1317.699951171875,1323.719970703125,1313.8699951171875,1316.280029296875,3846250000,1335.085812804793,1257.0861230461264,False
1574,1175,2011-05-25,1,1316.3599853515625,1325.8599853515625,1311.800048828125,1320.469970703125,4109670000,1333.6938278427294,1257.71680809744,False
1575,1176,2011-05-26,1,1320.6400146484375,1328.510009765625,1314.4100341796875,1325.68994140625,3259470000,1332.931552944017,1258.3931576826024,False
1576,1177,2011-05-27,1,1325.68994140625,1334.6199951171875,1325.68994140625,1331.0999755859375,3124560000,1332.7571170051524,1259.1166086070136,False
1577,1178,2011-05-31,1,1331.0999755859375,1345.199951171875,1331.0999755859375,1345.199951171875,4696240000,1333.9421488305545,1259.973159279301,False
1578,1179,2011-06-01,1,1345.199951171875,1345.199951171875,1313.7099609375,1314.550048828125,4241090000,1332.0952821636565,1260.5162129066525,False
1579,1180,2011-06-02,1,1314.550048828125,1318.030029296875,1305.6099853515625,1312.93994140625,3762170000,1330.2709639962845,1261.0378420459522,False
1580,1181,2011-06-03,1,1312.93994140625,1312.93994140625,1297.9000244140625,1300.1600341796875,3505030000,1327.403256394704,1261.4271175895715,False
1581,1182,2011-06-06,1,1300.260009765625,1300.260009765625,1284.719970703125,1286.1700439453125,3555980000,1323.4762837804763,1261.673315861768,False
1582,1183,2011-06-07,1,1286.31005859375,1296.219970703125,1284.739990234375,1284.93994140625,3846250000,1319.8061559353118,1261.9048245736535,False
1583,1184,2011-06-08,1,1284.6300048828125,1287.0400390625,1277.4200439453125,1279.56005859375,3970810000,1315.9731942837345,1262.080498544003,False
1584,1185,2011-06-09,1,1279.6300048828125,1294.5400390625,1279.6300048828125,1289.0,3332510000,1313.4043186376646,1262.3483542798836,False
1585,1186,2011-06-10,1,1288.5999755859375,1288.5999755859375,1268.280029296875,1270.97998046875,3846250000,1309.3639054787202,1262.4342411076334,False
1586,1187,2011-06-13,1,1271.31005859375,1277.0400390625,1265.6400146484375,1271.8299560546875,4132520000,1305.7892436288123,1262.5277308085992,False
1587,1188,2011-06-14,1,1272.219970703125,1292.5,1272.219970703125,1287.8699951171875,3500280000,1304.0826485324671,1262.7798926425157,False
1588,1189,2011-06-15,1,1287.8699951171875,1287.8699951171875,1261.9000244140625,1265.4200439453125,4070500000,1300.4004957146428,1262.8061628047326,False
1589,1190,2011-06-16,1,1265.530029296875,1274.1099853515625,1258.0699462890625,1267.6400146484375,3846250000,1297.2804498988137,1262.854260833028,False
1590,1191,2011-06-17,1,1268.5799560546875,1279.8199462890625,1267.4000244140625,1271.5,4916460000,1294.8251689560695,1262.9402880884209,False
1591,1192,2011-06-20,1,1271.5,1280.4200439453125,1267.56005859375,1278.3599853515625,3464660000,1293.2570562318308,1263.0937179119348,False
1592,1193,2011-06-21,1,1278.4000244140625,1297.6199951171875,1278.4000244140625,1295.52001953125,4056150000,1293.4725765460612,1263.4163676792912,False
1593,1194,2011-06-22,1,1295.47998046875,1298.6099853515625,1286.7900390625,1287.1400146484375,3718420000,1292.8694754129542,1263.652423868039,False
1594,1195,2011-06-23,1,1286.5999755859375,1286.5999755859375,1262.8699951171875,1283.5,4983450000,1291.9771444212442,1263.84991218776,False
1595,1196,2011-06-24,1,1283.0400390625,1283.9300537109375,1267.239990234375,1268.449951171875,3665340000,1289.7364593498758,1263.8956837199405,False
1596,1197,2011-06-27,1,1268.43994140625,1284.9100341796875,1267.530029296875,1280.0999755859375,3479070000,1288.8186989914054,1264.0569204549256,False
1597,1198,2011-06-28,1,1280.2099609375,1296.800048828125,1280.2099609375,1296.6700439453125,3681500000,1289.566446129873,1264.3814291463723,False
1598,1199,2011-06-29,1,1296.8499755859375,1309.2099609375,1296.8499755859375,1307.4100341796875,4347540000,1291.2658354679504,1264.8095744700868,False
1599,1200,2011-06-30,1,1307.6400146484375,1321.969970703125,1307.6400146484375,1320.6400146484375,4200500000,1294.0633763422825,1265.3651012380305,False
1600,1201,2011-07-01,1,1320.6400146484375,1341.010009765625,1318.1800537109375,1339.6700439453125,3796930000,1298.406868494952,1266.1044539017846,False
1601,1202,2011-07-05,1,1339.5899658203125,1340.8900146484375,1334.300048828125,1337.8800048828125,3722320000,1302.1662148176056,1266.8186384886606,False
1602,1203,2011-07-06,1,1337.56005859375,1340.93994140625,1330.9200439453125,1339.219970703125,3564190000,1305.6951439495597,1267.5390497544763,False
1603,1204,2011-07-07,1,1339.6199951171875,1356.47998046875,1339.6199951171875,1353.219970703125,4069530000,1310.2213179260898,1268.3915962315773,False
1604,1205,2011-07-08,1,1352.3900146484375,1352.3900146484375,1333.7099609375,1343.800048828125,3594360000,1313.4192922977122,1269.1419290932345,False
1605,1206,2011-07-11,1,1343.31005859375,1343.31005859375,1316.4200439453125,1319.489990234375,3879130000,1313.997454005966,1269.6429048259822,False
1606,1207,2011-07-12,1,1319.6099853515625,1327.1700439453125,1313.3299560546875,1313.6400146484375,4227890000,1313.963412162392,1270.0806870132703,False
1607,1208,2011-07-13,1,1314.449951171875,1331.47998046875,1314.449951171875,1317.719970703125,4060080000,1314.3211796424616,1270.5547097365525,False
1608,1209,2011-07-14,1,1317.739990234375,1326.8800048828125,1306.510009765625,1308.8699951171875,4358570000,1313.8020192114832,1270.9359563572555,False
1609,1210,2011-07-15,1,1308.8699951171875,1317.699951171875,1307.52001953125,1316.1400146484375,4242760000,1314.024685443574,1271.3857479820433,False
1610,1211,2011-07-18,1,1315.93994140625,1315.93994140625,1295.9200439453125,1305.43994140625,4118160000,1313.2070907733528,1271.7245956778067,False
1611,1212,2011-07-19,1,1307.0699462890625,1328.1400146484375,1307.0699462890625,1326.72998046875,4304600000,1314.4949850300573,1272.2719129394081,False
1612,1213,2011-07-20,1,1328.6600341796875,1330.4300537109375,1323.6500244140625,1325.8399658203125,3767420000,1315.575459391034,1272.8049283909595,False
1613,1214,2011-07-21,1,1325.6500244140625,1347.0,1325.6500244140625,1343.800048828125,4837430000,1318.2635155278997,1273.511347499787,False
1614,1215,2011-07-22,1,1343.800048828125,1346.0999755859375,1336.949951171875,1345.02001953125,3522830000,1320.8117540044093,1274.222876574727,False
1615,1216,2011-07-25,1,1344.3199462890625,1344.3199462890625,1331.0899658203125,1337.4300537109375,3536890000,1322.394449214555,1274.8518037104109,False
1616,1217,2011-07-26,1,1337.3900146484375,1338.510009765625,1329.5899658203125,1331.93994140625,4007050000,1323.303543709002,1275.4198448815139,False
1617,1218,2011-07-27,1,1331.9100341796875,1331.9100341796875,1303.489990234375,1304.8900146484375,3479040000,1321.5498742746624,1275.7130804015828,False
1618,1219,2011-07-28,1,1304.8399658203125,1316.3199462890625,1299.1600341796875,1300.6700439453125,4951800000,1319.5613190052004,1275.961408397043,False
1619,1220,2011-07-29,1,1300.1199951171875,1304.1600341796875,1282.8599853515625,1292.280029296875,5061190000,1316.9631009377408,1276.1237827343548,False
1620,1221,2011-08-01,1,1292.5899658203125,1307.3800048828125,1274.72998046875,1286.93994140625,4967390000,1314.1037524109322,1276.231406203727,False
1621,1222,2011-08-02,1,1286.56005859375,1286.56005859375,1254.030029296875,1254.050048828125,5206290000,1308.3843520697126,1276.010696180089,False
1622,1223,2011-08-03,1,1254.25,1261.199951171875,1234.56005859375,1260.3399658203125,6446940000,1303.8086962364364,1275.8547685148176,False
1623,1224,2011-08-04,1,1260.22998046875,1260.22998046875,1199.5400390625,1200.0699462890625,4266530000,1293.9288152890676,1275.1006906817256,False
1624,1225,2011-08-05,1,1200.280029296875,1218.1099853515625,1168.0899658203125,1199.3800048828125,5454590000,1284.924166678948,1274.347251022035,False
1625,1226,2011-08-08,1,1198.47998046875,1198.47998046875,1119.280029296875,1119.4599609375,2615150000,1269.1656708940482,1272.8060839565173,False
1626,1227,2011-08-09,1,1120.22998046875,1172.8800048828125,1101.5400390625,1172.530029296875,2366660000,1259.962276456222,1271.8083122683618,False
1627,1228,2011-08-10,1,1171.77001953125,1171.77001953125,1118.010009765625,1120.760009765625,5018070000,1246.7049177237843,1270.305344084255,False
1628,1229,2011-08-11,1,1121.300048828125,1186.2900390625,1121.300048828125,1172.6400146484375,3685050000,1239.6511174308941,1269.3335497615105,False
1629,1230,2011-08-12,1,1172.8699951171875,1189.0400390625,1170.739990234375,1178.81005859375,5640380000,1233.8567308749757,1268.43281850611,False
1630,1231,2011-08-15,1,1178.8599853515625,1204.489990234375,1178.8599853515625,1204.489990234375,4272850000,1231.0598984330138,1267.7965714586298,False
1631,1232,2011-08-16,1,1204.219970703125,1204.219970703125,1180.530029296875,1192.760009765625,5071600000,1227.4122899885006,1267.0499390039731,False
1632,1233,2011-08-17,1,1192.8900146484375,1208.469970703125,1184.3599853515625,1193.8900146484375,4388340000,1224.2196923370661,1266.3219795576495,False
1633,1234,2011-08-18,1,1189.6199951171875,1189.6199951171875,1131.030029296875,1140.6500244140625,3234810000,1216.2606763443991,1265.0715123422906,False
1634,1235,2011-08-19,1,1140.469970703125,1154.5400390625,1122.050048828125,1123.530029296875,5167560000,1207.4291861493969,1263.6631393766647,False
1635,1236,2011-08-22,1,1123.550048828125,1145.489990234375,1121.0899658203125,1123.8199462890625,5436260000,1199.4664014007935,1262.2716648185792,False
1636,1237,2011-08-23,1,1124.3599853515625,1162.3499755859375,1124.3599853515625,1162.3499755859375,5013170000,1195.9315037041406,1261.277419154573,False
1637,1238,2011-08-24,1,1162.1600341796875,1178.56005859375,1156.300048828125,1177.5999755859375,5315310000,1194.1856438833593,1260.4448077757806,False
1638,1239,2011-08-25,1,1176.68994140625,1190.6800537109375,1155.469970703125,1159.27001953125,5748420000,1190.8603463260156,1259.43809346489,False
1639,1240,2011-08-26,1,1158.8499755859375,1181.22998046875,1135.9100341796875,1176.800048828125,5035320000,1189.5212703738355,1258.6158243640268,False
1640,1241,2011-08-29,1,1177.9100341796875,1210.280029296875,1177.9100341796875,1210.0799560546875,4228070000,1191.4792404386785,1258.1328804007499,False
1641,1242,2011-08-30,1,1209.760009765625,1220.0999755859375,1195.77001953125,1212.9200439453125,4572570000,1193.5212217250246,1257.6830014310442,False
1642,1243,2011-08-31,1,1213.0,1230.7099609375,1209.3499755859375,1218.8900146484375,5267840000,1195.9372972415401,1257.2970015625606,False
1643,1244,2011-09-01,1,1219.1199951171875,1229.2900390625,1203.8499755859375,1204.4200439453125,4780410000,1196.7451778799946,1256.7708626807969,False
1644,1245,2011-09-02,1,1203.9000244140625,1203.9000244140625,1170.56005859375,1173.969970703125,4401740000,1194.5761105298166,1255.9469732083821,False
1645,1246,2011-09-06,1,1173.969970703125,1173.969970703125,1140.1300048828125,1165.239990234375,5103980000,1191.7821943112033,1255.0444161638645,False
1646,1247,2011-09-07,1,1165.8499755859375,1198.6199951171875,1165.8499755859375,1198.6199951171875,4441040000,1192.4334134355827,1254.4829791385243,False
1647,1248,2011-09-08,1,1197.97998046875,1204.4000244140625,1183.3399658203125,1185.9000244140625,4465170000,1191.8111859097237,1253.8005616785795,False
1648,1249,2011-09-09,1,1185.3699951171875,1185.3699951171875,1148.3699951171875,1154.22998046875,4586370000,1188.2320234867739,1252.8098096267404,False
1649,1250,2011-09-12,1,1153.5,1162.52001953125,1136.0699462890625,1162.27001953125,5168550000,1185.7594516814859,1251.9089161929544,False
1650,1251,2011-09-13,1,1162.5899658203125,1176.4100341796875,1157.43994140625,1172.8699951171875,4681370000,1184.531884389648,1251.1224592668275,False
1651,1252,2011-09-14,1,1173.3199462890625,1202.3800048828125,1162.72998046875,1188.6800537109375,4986740000,1184.9269481345327,1250.5011417986098,False
1652,1253,2011-09-15,1,1189.43994140625,1209.1099853515625,1189.43994140625,1209.1099853515625,4479730000,1187.2300945361546,1250.0892894956542,False
1653,1254,2011-09-16,1,1209.2099609375,1220.06005859375,1204.4599609375,1216.010009765625,5248890000,1189.9710388437234,1249.7501921849075,False
1654,1255,2011-09-19,1,1214.989990234375,1214.989990234375,1188.3599853515625,1204.0899658203125,4254190000,1191.3156985557796,1249.2958615743146,False
1655,1256,2011-09-20,1,1204.5,1220.3900146484375,1201.2900390625,1202.0899658203125,4315610000,1192.34181924764,1248.8261511688022,False
1656,1257,2011-09-21,1,1203.6300048828125,1206.300048828125,1166.2099609375,1166.760009765625,4728550000,1189.9054564398289,1248.0095726473776,False
1657,1258,2011-09-22,1,1164.550048828125,1164.550048828125,1114.219970703125,1129.56005859375,6703140000,1184.1582756925832,1246.8309705174909,False
1658,1259,2011-09-23,1,1128.8199462890625,1141.719970703125,1121.3599853515625,1136.4300537109375,5639930000,1179.6127307419504,1245.732453932351,False
1659,1260,2011-09-26,1,1136.9100341796875,1164.18994140625,1131.0699462890625,1162.949951171875,4762830000,1178.0257993543241,1244.908747437222,False
1660,1261,2011-09-27,1,1163.3199462890625,1195.8599853515625,1163.3199462890625,1175.3800048828125,5548130000,1177.773818928466,1244.2169191530986,False
1661,1262,2011-09-28,1,1175.3900146484375,1184.7099609375,1150.4000244140625,1151.06005859375,4787920000,1175.2296512775406,1243.2899852171847,False
1662,1263,2011-09-29,1,1151.739990234375,1175.8699951171875,1139.9300537109375,1160.4000244140625,5285740000,1173.8173058619714,1242.4652094878004,False
1663,1264,2011-09-30,1,1159.9300537109375,1159.9300537109375,1131.3399658203125,1131.4200439453125,4416790000,1169.7794713937183,1241.3602824674772,False
1664,1265,2011-10-03,1,1131.2099609375,1138.989990234375,1098.9200439453125,1099.22998046875,5670340000,1163.060472258007,1239.9460506067933,False
1665,1266,2011-10-04,1,1097.4200439453125,1125.1199951171875,1074.77001953125,1123.949951171875,3714670000,1159.3356607259943,1238.7918605626649,False
1666,1267,2011-10-05,1,1124.030029296875,1146.0699462890625,1115.6800537109375,1144.030029296875,2510620000,1157.8779815422688,1237.8489567689753,False
1667,1268,2011-10-06,1,1144.1099853515625,1165.550048828125,1134.949951171875,1164.969970703125,5098330000,1158.5534090813978,1237.123792728519,False
1668,1269,2011-10-07,1,1165.030029296875,1171.4000244140625,1150.260009765625,1155.4599609375,5580380000,1158.258794972455,1236.3112172878123,False
1669,1270,2011-10-10,1,1158.1500244140625,1194.9100341796875,1158.1500244140625,1194.8900146484375,4446800000,1161.747482560644,1235.8990660177687,False
1670,1271,2011-10-11,1,1194.5999755859375,1199.239990234375,1187.300048828125,1195.5400390625,4424500000,1164.9658212751062,1235.497483660005,False
1671,1272,2011-10-12,1,1196.18994140625,1220.25,1196.18994140625,1207.25,5355360000,1168.9928859155723,1235.2164141708508,False
1672,1273,2011-10-13,1,1206.9599609375,1207.4599609375,1190.5799560546875,1203.6600341796875,4436270000,1172.2945190835833,1234.9024203400932,False
1673,1274,2011-10-14,1,1205.6500244140625,1224.6099853515625,1205.6500244140625,1224.5799560546875,4116690000,1177.2740845094029,1234.7997092526762,False
1674,1275,2011-10-17,1,1224.469970703125,1224.469970703125,1198.550048828125,1200.8599853515625,4300700000,1179.5203607800847,1234.4620005571428,False
1675,1276,2011-10-18,1,1200.75,1233.0999755859375,1191.47998046875,1225.3800048828125,4840170000,1183.8879459327254,1234.3716324409802,False
1676,1277,2011-10-19,1,1223.4599609375,1229.6400146484375,1206.31005859375,1209.8800048828125,4846390000,1186.3633801184478,1234.1279346543317,False
1677,1278,2011-10-20,1,1209.9200439453125,1219.530029296875,1197.3399658203125,1215.3900146484375,4870290000,1189.1278215022564,1233.9414876890992,False
1678,1279,2011-10-21,1,1215.3900146484375,1239.030029296875,1215.3900146484375,1238.25,4980770000,1193.8061242163271,1233.984358458362,False
1679,1280,2011-10-24,1,1238.719970703125,1256.550048828125,1238.719970703125,1254.18994140625,4309380000,1199.5569639487007,1234.185409034958,False
1680,1281,2011-10-25,1,1254.18994140625,1254.18994140625,1226.7900390625,1229.050048828125,4473970000,1202.3658291753127,1234.1343109234472,False
1681,1282,2011-10-26,1,1229.1700439453125,1246.280029296875,1221.06005859375,1242.0,4873530000,1206.1405121109972,1234.2125764863981,False
1682,1283,2011-10-27,1,1243.969970703125,1292.6600341796875,1243.969970703125,1284.5899658203125,6367610000,1213.6118886547415,1234.7138440419596,False
1683,1284,2011-10-28,1,1284.3900146484375,1287.0799560546875,1277.010009765625,1285.0899658203125,4536690000,1220.419324575272,1235.215098985028,False
1684,1285,2011-10-31,1,1284.9599609375,1284.9599609375,1253.1600341796875,1253.300048828125,4310210000,1223.5508221231626,1235.3950487347104,False
1685,1286,2011-11-01,1,1251.0,1251.0,1215.4200439453125,1218.280029296875,5645540000,1223.0488418539924,1235.2247500338365,False
1686,1287,2011-11-02,1,1219.6199951171875,1242.47998046875,1219.6199951171875,1237.9000244140625,4110530000,1224.4632401930467,1235.2513696794108,False
1687,1288,2011-11-03,1,1238.25,1263.2099609375,1234.81005859375,1261.1500244140625,4849140000,1227.9572196426673,1235.5090677364722,False
1688,1289,2011-11-04,1,1260.8199462890625,1260.8199462890625,1238.9200439453125,1253.22998046875,3830650000,1230.3641492451513,1235.6853952263457,False
1689,1290,2011-11-07,1,1253.2099609375,1261.699951171875,1240.75,1261.1199951171875,3429740000,1233.2932774234405,1235.9384758222745,False
1690,1291,2011-11-08,1,1261.1199951171875,1277.550048828125,1254.989990234375,1275.9200439453125,3908490000,1237.3529694731426,1236.3363023707625,False
1691,1292,2011-11-09,1,1275.1800537109375,1275.1800537109375,1226.6400146484375,1229.0999755859375,4659740000,1236.5669700553135,1236.2642991191724,False
1692,1293,2011-11-10,1,1229.5899658203125,1246.219970703125,1227.699951171875,1239.699951171875,4002760000,1236.8653492092717,1236.2984847117366,False
1693,1294,2011-11-11,1,1240.1199951171875,1266.97998046875,1240.1199951171875,1263.8499755859375,3370180000,1239.435313626097,1236.5726288995397,False
1694,1295,2011-11-14,1,1263.8499755859375,1263.8499755859375,1246.6800537109375,1251.780029296875,3219680000,1240.6110008328376,1236.7239463164287,False
1695,1296,2011-11-15,1,1251.699951171875,1264.25,1244.3399658203125,1257.81005859375,3599300000,1242.2490063338769,1236.9337583788897,False
1696,1297,2011-11-16,1,1257.81005859375,1259.6099853515625,1235.6700439453125,1236.9100341796875,4085010000,1241.7405327953827,1236.933522317206,False
1697,1298,2011-11-17,1,1236.56005859375,1237.72998046875,1209.4300537109375,1216.1300048828125,4596450000,1239.3014348989473,1236.7265221437297,False
1698,1299,2011-11-18,1,1216.18994140625,1223.510009765625,1211.3599853515625,1215.6500244140625,3827610000,1237.0489196146725,1236.5168057484095,False
1699,1300,2011-11-21,1,1215.6199951171875,1215.6199951171875,1183.1600341796875,1192.97998046875,4050070000,1232.8518777912514,1236.083603506821,False
1700,1301,2011-11-22,1,1192.97998046875,1196.81005859375,1181.6500244140625,1188.0400390625,3911710000,1228.5840836266084,1235.6055580894645,False
1701,1302,2011-11-23,1,1187.47998046875,1187.47998046875,1161.7900390625,1161.7900390625,3798940000,1222.2227460490744,1234.8710753130767,False
1702,1303,2011-11-25,1,1161.4100341796875,1172.6600341796875,1158.6600341796875,1158.6700439453125,1664200000,1216.170107753478,1234.1128560954871,False
1703,1304,2011-11-28,1,1158.6700439453125,1197.3499755859375,1158.6700439453125,1192.550048828125,3920750000,1213.9205783320158,1233.6992958241701,False
1704,1305,2011-11-29,1,1192.56005859375,1203.6700439453125,1191.800048828125,1195.18994140625,3992650000,1212.1367081486096,1233.3161181682706,False
1705,1306,2011-11-30,1,1196.719970703125,1247.1099853515625,1196.719970703125,1246.9599609375,5801910000,1215.4532084142181,1233.451877797815,False
1706,1307,2011-12-01,1,1246.9100341796875,1251.0899658203125,1239.72998046875,1244.5799560546875,3818680000,1218.2271843799772,1233.5626049446496,False
1707,1308,2011-12-02,1,1246.030029296875,1260.0799560546875,1243.3499755859375,1244.280029296875,4144310000,1220.7084077053962,1233.6692459829803,False
1708,1309,2011-12-05,1,1244.3299560546875,1266.72998046875,1244.3299560546875,1257.0799560546875,4148060000,1224.172364691043,1233.9021883717537,False
1709,1310,2011-12-06,1,1257.18994140625,1266.030029296875,1253.030029296875,1258.469970703125,3734230000,1227.4388033588602,1234.1466439173396,False
1710,1311,2011-12-07,1,1258.1400146484375,1267.06005859375,1244.800048828125,1261.010009765625,4160540000,1230.6360611118855,1234.4139410899595,False
1711,1312,2011-12-08,1,1260.8699951171875,1260.8699951171875,1231.469970703125,1234.3499755859375,4298370000,1230.9897672522713,1234.4133046172828,False
1712,1313,2011-12-09,1,1234.47998046875,1258.25,1234.47998046875,1255.18994140625,3830610000,1233.2945457431265,1234.6200373216507,False
1713,1314,2011-12-12,1,1255.050048828125,1255.050048828125,1227.25,1236.469970703125,3600570000,1233.5969671678884,1234.6384446189788,False
1714,1315,2011-12-13,1,1236.8299560546875,1249.8599853515625,1219.4300537109375,1225.72998046875,4121570000,1232.8477303393988,1234.5498031846482,False
1715,1316,2011-12-14,1,1225.72998046875,1225.72998046875,1209.469970703125,1211.8199462890625,4298290000,1230.8450842393668,1234.323635454344,False
1716,1317,2011-12-15,1,1212.1199951171875,1225.5999755859375,1212.1199951171875,1215.75,3810340000,1229.407457168951,1234.138823161266,False
1717,1318,2011-12-16,1,1216.0899658203125,1231.0400390625,1215.199951171875,1219.6600341796875,5345800000,1228.4791311699735,1233.9947556092104,False
1718,1319,2011-12-19,1,1219.739990234375,1224.5699462890625,1202.3699951171875,1205.3499755859375,3659820000,1226.2763544476843,1233.7097329224118,False
1719,1320,2011-12-20,1,1205.719970703125,1242.8199462890625,1205.719970703125,1241.300048828125,4055590000,1227.7071824839168,1233.7852584538118,False
1720,1321,2011-12-21,1,1241.25,1245.0899658203125,1229.510009765625,1243.719970703125,2959020000,1229.232209933365,1233.884111312014,False
1721,1322,2011-12-22,1,1243.719970703125,1255.219970703125,1243.719970703125,1254.0,3492250000,1231.5910470825684,1234.084269408412,False
1722,1323,2011-12-23,1,1254.0,1265.4200439453125,1254.0,1265.3299560546875,2233830000,1234.8042765084845,1234.3951717631014,False
1723,1324,2011-12-27,1,1265.02001953125,1269.3699951171875,1262.300048828125,1265.4300537109375,2130590000,1237.7210171944323,1234.7039765586023,False
1724,1325,2011-12-28,1,1265.3800048828125,1265.8499755859375,1248.6400146484375,1249.6400146484375,2349980000,1238.8561598090996,1234.8525938530286,False
1725,1326,2011-12-29,1,1249.75,1263.5400390625,1249.75,1263.02001953125,2278130000,1241.1574797826377,1235.1328667453492,False
1726,1327,2011-12-30,1,1262.8199462890625,1264.1199951171875,1257.4599609375,1257.5999755859375,2271850000,1242.7234317639043,1235.3564200671462,False
1727,1328,2012-01-03,1,1258.8599853515625,1284.6199951171875,1258.8599853515625,1277.06005859375,3943710000,1245.99358670008,1235.7713816445253,False
1728,1329,2012-01-04,1,1277.030029296875,1278.72998046875,1268.0999755859375,1277.300048828125,3592580000,1248.9751545217987,1236.1846022135164,False
1729,1330,2012-01-05,1,1277.300048828125,1283.050048828125,1265.260009765625,1281.06005859375,4315950000,1252.0308596715083,1236.6311241675487,False
1730,1331,2012-01-06,1,1280.9300537109375,1281.8399658203125,1273.3399658203125,1277.81005859375,3656830000,1254.4860214736266,1237.0408648086056,False
1731,1332,2012-01-09,1,1277.8299560546875,1281.989990234375,1274.550048828125,1280.699951171875,3371600000,1256.982586206793,1237.4752835783895,False
1732,1333,2012-01-10,1,1280.77001953125,1296.4599609375,1280.77001953125,1292.0799560546875,4221960000,1260.3251928589734,1238.0186136527805,False
1733,1334,2012-01-11,1,1292.02001953125,1293.800048828125,1285.4100341796875,1292.47998046875,3968120000,1263.387553583714,1238.5605178002031,False
1734,1335,2012-01-12,1,1292.47998046875,1296.8199462890625,1285.77001953125,1295.5,4019890000,1266.4458818138364,1239.1270798121413,False
1735,1336,2012-01-13,1,1294.8199462890625,1294.8199462890625,1277.5799560546875,1289.0899658203125,3692370000,1268.6024612430247,1239.6242229565014,False
1736,1337,2012-01-17,1,1290.219970703125,1303.0,1290.219970703125,1293.6700439453125,4010490000,1270.989850071814,1240.161992319574,False
1737,1338,2012-01-18,1,1293.6500244140625,1308.1099853515625,1290.989990234375,1308.0400390625,4096160000,1274.5184394994985,1240.8373957697524,False
1738,1339,2012-01-19,1,1308.0699462890625,1315.489990234375,1308.0699462890625,1314.5,4465890000,1278.326207166213,1241.5703570058743,False
1739,1340,2012-01-20,1,1314.489990234375,1315.3800048828125,1309.1700439453125,1315.3800048828125,3912620000,1281.8551402820794,1242.3047813628589,False
1740,1341,2012-01-23,1,1315.2900390625,1322.280029296875,1309.8900146484375,1316.0,3770910000,1285.107031683786,1243.0380671204425,False
1741,1342,2012-01-24,1,1315.9599609375,1315.9599609375,1306.06005859375,1314.6500244140625,3693560000,1287.9206500390505,1243.750623909434,False
1742,1343,2012-01-25,1,1314.4000244140625,1328.300048828125,1307.6500244140625,1326.06005859375,4410910000,1291.5529746633076,1244.5696232595267,False
1743,1344,2012-01-26,1,1326.280029296875,1333.469970703125,1313.5999755859375,1318.4300537109375,4522070000,1294.1126964773675,1245.3045529157598,False
1744,1345,2012-01-27,1,1318.25,1320.06005859375,1311.719970703125,1316.3299560546875,4007380000,1296.2286259609218,1246.011273345003,False
1745,1346,2012-01-30,1,1316.1600341796875,1316.1600341796875,1300.489990234375,1313.010009765625,3659010000,1297.8268529899412,1246.6779274387407,False
1746,1347,2012-01-31,1,1313.530029296875,1321.4100341796875,1306.68994140625,1312.4100341796875,4235550000,1299.2157273889648,1247.3319782520834,False
1747,1348,2012-02-01,1,1312.449951171875,1330.52001953125,1312.449951171875,1324.0899658203125,4504360000,1301.5847024776645,1248.0957393224141,False
1748,1349,2012-02-02,1,1324.239990234375,1329.18994140625,1321.5699462890625,1325.5400390625,4120920000,1303.8661631047917,1248.8663293695793,False
1749,1350,2012-02-03,1,1326.2099609375,1345.3399658203125,1326.2099609375,1344.9000244140625,4608550000,1307.7741498961507,1249.8218885242509,False
1750,1351,2012-02-06,1,1344.3199462890625,1344.3599853515625,1337.52001953125,1344.3299560546875,3379700000,1311.2556552445828,1250.7622673056483,False
1751,1352,2012-02-07,1,1344.3299560546875,1349.239990234375,1335.9200439453125,1347.050048828125,3742460000,1314.6646451096822,1251.7203546839814,False
1752,1353,2012-02-08,1,1347.0400390625,1351.0,1341.949951171875,1349.9599609375,4096730000,1318.0261037599505,1252.697863203917,False
1753,1354,2012-02-09,1,1349.969970703125,1354.3199462890625,1344.6300048828125,1351.949951171875,4209890000,1321.25694637061,1253.6854461687724,False
1754,1355,2012-02-10,1,1351.2099609375,1351.2099609375,1337.3499755859375,1342.6400146484375,3877580000,1323.2934290637363,1254.5705662531473,False
1755,1356,2012-02-13,1,1343.06005859375,1353.3499755859375,1343.06005859375,1351.77001953125,3618040000,1326.0054852987375,1255.537724992233,False
1756,1357,2012-02-14,1,1351.300048828125,1351.300048828125,1340.8299560546875,1350.5,3889520000,1328.3382962226674,1256.482623251017,False
1757,1358,2012-02-15,1,1350.52001953125,1355.8699951171875,1340.800048828125,1343.22998046875,4080340000,1329.7565518651516,1257.345781034278,False
1758,1359,2012-02-16,1,1342.6099853515625,1359.02001953125,1341.219970703125,1358.0400390625,4108880000,1332.4502173125181,1258.3477139499817,False
1759,1360,2012-02-17,1,1358.06005859375,1363.4000244140625,1357.239990234375,1361.22998046875,3717640000,1335.191147136921,1259.371418094447,False
1760,1361,2012-02-21,1,1361.219970703125,1367.760009765625,1358.1099853515625,1362.2099609375,3795200000,1337.764367498881,1260.3946871774626,False
1761,1362,2012-02-22,1,1362.1099853515625,1362.699951171875,1355.530029296875,1357.6600341796875,3633710000,1339.6591928970531,1261.3625015754947,False
1762,1363,2012-02-23,1,1357.530029296875,1364.239990234375,1352.280029296875,1363.4599609375,3786450000,1341.925932710429,1262.3783966935246,False
1763,1364,2012-02-24,1,1363.4599609375,1368.9200439453125,1363.4599609375,1365.739990234375,3505360000,1344.1939381889001,1263.4068702610953,False
1764,1365,2012-02-27,1,1365.199951171875,1371.93994140625,1354.9200439453125,1367.5899658203125,3648890000,1346.4221312966536,1264.4435179781026,False
1765,1366,2012-02-28,1,1367.56005859375,1373.0899658203125,1365.969970703125,1372.1800537109375,3579120000,1348.8752667646806,1265.5155233087776,False
1766,1367,2012-02-29,1,1372.199951171875,1378.0400390625,1363.81005859375,1365.6800537109375,4482370000,1350.4757226643242,1266.512185302829,False
1767,1368,2012-03-01,1,1365.9000244140625,1376.1700439453125,1365.9000244140625,1374.0899658203125,3919240000,1352.7246982029897,1267.58261097962,False
1768,1369,2012-03-02,1,1374.0899658203125,1374.530029296875,1366.4200439453125,1369.6300048828125,3283490000,1354.3347274105918,1268.5980079338808,False
1769,1370,2012-03-05,1,1369.5899658203125,1369.5899658203125,1359.1300048828125,1364.3299560546875,3429480000,1355.2866539481247,1269.5505646316003,False
1770,1371,2012-03-06,1,1363.6300048828125,1363.6300048828125,1340.030029296875,1343.3599853515625,4191060000,1354.150780748452,1270.2849867283164,False
1771,1372,2012-03-07,1,1343.3900146484375,1354.8499755859375,1343.3900146484375,1352.6300048828125,3580380000,1354.0059449517244,1271.104340142789,False
1772,1373,2012-03-08,1,1352.6500244140625,1368.719970703125,1352.6500244140625,1365.9100341796875,3543060000,1355.1396677353398,1272.047680381962,False
1773,1374,2012-03-09,1,1365.969970703125,1374.760009765625,1365.969970703125,1370.8699951171875,3639470000,1356.6377941526587,1273.030986996243,False
1774,1375,2012-03-12,1,1370.780029296875,1373.0400390625,1366.68994140625,1371.0899658203125,3081870000,1358.01419145434,1274.0066982283233,False
1775,1376,2012-03-13,1,1371.9200439453125,1396.1300048828125,1371.9200439453125,1395.949951171875,4386470000,1361.6271209512481,1275.2200639292541,False
1776,1377,2012-03-14,1,1395.949951171875,1399.4200439453125,1389.969970703125,1394.280029296875,4502280000,1364.7369217460698,1276.404740201569,False
1777,1378,2012-03-15,1,1394.1700439453125,1402.6300048828125,1392.780029296875,1402.5999755859375,4271650000,1368.3429268736763,1277.6604141854932,False
1778,1379,2012-03-16,1,1402.550048828125,1405.8800048828125,1401.469970703125,1404.1700439453125,5163950000,1371.7550332614512,1278.9192164716608,False
1779,1380,2012-03-19,1,1404.1700439453125,1414.0,1402.4300537109375,1409.75,3932570000,1375.3736015222655,1280.221015312739,False
1780,1381,2012-03-20,1,1409.5899658203125,1409.5899658203125,1397.6800537109375,1405.52001953125,3695280000,1378.2446889516928,1281.4677715736198,False
1781,1382,2012-03-21,1,1405.52001953125,1407.75,1400.6400146484375,1402.8900146484375,3573590000,1380.5918628275733,1282.6759530967522,False
1782,1383,2012-03-22,1,1402.8900146484375,1402.8900146484375,1388.72998046875,1392.780029296875,3740590000,1381.7526405865544,1283.771516044017,False
1783,1384,2012-03-23,1,1392.780029296875,1399.1800537109375,1386.8699951171875,1397.1099853515625,3472950000,1383.2152448498884,1284.8992620072763,False
1784,1385,2012-03-26,1,1397.1099853515625,1416.5799560546875,1397.1099853515625,1416.510009765625,3576950000,1386.3861748418635,1286.208821686464,False
1785,1386,2012-03-27,1,1416.550048828125,1419.1500244140625,1411.949951171875,1412.52001953125,3513640000,1388.875112431329,1287.4656495257157,False
1786,1387,2012-03-28,1,1412.52001953125,1413.6500244140625,1397.199951171875,1405.5400390625,3892800000,1390.4622483009643,1288.6405190733453,False
1787,1388,2012-03-29,1,1405.3900146484375,1405.3900146484375,1391.56005859375,1403.280029296875,3832000000,1391.682989348194,1289.7812107173606,False
1788,1389,2012-03-30,1,1403.31005859375,1410.8900146484375,1401.4200439453125,1408.469970703125,3676890000,1393.281749477235,1290.9621934037862,False
1789,1390,2012-04-02,1,1408.469970703125,1422.3800048828125,1404.4599609375,1419.0400390625,3572010000,1395.7349199139271,1292.2365998282512,False
1790,1391,2012-04-03,1,1418.97998046875,1419.0,1404.6199951171875,1413.3800048828125,3822090000,1397.415404196678,1293.4420068437196,False
1791,1392,2012-04-04,1,1413.0899658203125,1413.0899658203125,1394.0899658203125,1398.9599609375,3938290000,1397.5625048386612,1294.4919367352,False
1792,1393,2012-04-05,1,1398.7900390625,1401.5999755859375,1392.9200439453125,1398.0799560546875,3303740000,1397.611785906854,1295.5226632955928,False
1793,1394,2012-04-09,1,1397.449951171875,1397.449951171875,1378.239990234375,1382.199951171875,3468980000,1396.1439921225704,1296.3851238714763,False
1794,1395,2012-04-10,1,1382.1800537109375,1383.010009765625,1357.3800048828125,1358.5899658203125,4631730000,1392.5674181890222,1297.0040775227085,False
1795,1396,2012-04-11,1,1358.97998046875,1374.7099609375,1358.97998046875,1368.7099609375,3743040000,1390.2952794031628,1297.71756889997,False
1796,1397,2012-04-12,1,1368.77001953125,1388.1300048828125,1368.77001953125,1387.5699462890625,3618280000,1390.0357238684865,1298.6116224063294,False
1797,1398,2012-04-13,1,1387.6099853515625,1387.6099853515625,1369.8499755859375,1370.260009765625,3631160000,1388.1523225253568,1299.3245416835364,False
1798,1399,2012-04-16,1,1370.27001953125,1379.6600341796875,1365.3800048828125,1369.5699462890625,3574780000,1386.3825724076146,1300.0235009333426,False
1799,1400,2012-04-17,1,1369.5699462890625,1392.760009765625,1369.5699462890625,1390.780029296875,3456200000,1386.8013778256395,1300.9265509668105,False
1800,1401,2012-04-18,1,1390.780029296875,1390.780029296875,1383.2900390625,1385.1400146484375,3463140000,1386.643152761144,1301.7644958790656,False
1801,1402,2012-04-19,1,1385.0799560546875,1390.4599609375,1370.300048828125,1376.9200439453125,4180020000,1385.7171423977315,1302.5123122777347,False
1802,1403,2012-04-20,1,1376.9599609375,1387.4000244140625,1376.9599609375,1378.530029296875,3833320000,1385.0326554357453,1303.2687074719552,False
1803,1404,2012-04-23,1,1378.530029296875,1378.530029296875,1358.7900390625,1366.93994140625,3654860000,1383.3095398138887,1303.902252088217,False
1804,1405,2012-04-24,1,1366.969970703125,1375.5699462890625,1366.8199462890625,1371.969970703125,3617100000,1382.2295808509589,1304.5795428207039,False
1805,1406,2012-04-25,1,1372.1099853515625,1391.3699951171875,1372.1099853515625,1390.68994140625,3998430000,1383.0353294752722,1305.4363627071273,False
1806,1407,2012-04-26,1,1390.6400146484375,1402.0899658203125,1387.280029296875,1399.97998046875,4034700000,1384.6491057603653,1306.3770952221682,False
1807,1408,2012-04-27,1,1400.18994140625,1406.6400146484375,1397.31005859375,1403.3599853515625,3645830000,1386.4310942928603,1307.3420991040527,False
1808,1409,2012-04-30,1,1403.260009765625,1403.260009765625,1394.0,1397.9100341796875,3574010000,1387.5243266630343,1308.2432725873923,False
1809,1410,2012-05-01,1,1397.8599853515625,1415.3199462890625,1395.72998046875,1405.8199462890625,3807950000,1389.266766627418,1309.2141847635285,False
1810,1411,2012-05-02,1,1405.5,1405.5,1393.9200439453125,1402.31005859375,3803860000,1390.5089849099259,1310.1405118663167,False
1811,1412,2012-05-03,1,1402.3199462890625,1403.0699462890625,1388.7099609375,1391.5699462890625,4004910000,1390.610028850796,1310.9507549949012,False
1812,1413,2012-05-04,1,1391.510009765625,1391.510009765625,1367.9599609375,1369.0999755859375,3975140000,1388.5614523493807,1311.5293542047623,False
1813,1414,2012-05-07,1,1368.7900390625,1373.9100341796875,1363.93994140625,1369.5799560546875,3559390000,1386.7536907975052,1312.1069721336175,False
1814,1415,2012-05-08,1,1369.1600341796875,1369.1600341796875,1347.75,1363.719970703125,4261670000,1384.5600031694692,1312.6205343084387,False
1815,1416,2012-05-09,1,1363.199951171875,1363.72998046875,1343.1300048828125,1354.5799560546875,4288540000,1381.704760587109,1313.038040992481,False
1816,1417,2012-05-10,1,1354.5799560546875,1365.8800048828125,1354.5799560546875,1357.989990234375,3727990000,1379.4462110297056,1313.4853240695147,False
1817,1418,2012-05-11,1,1358.1099853515625,1365.6600341796875,1348.8900146484375,1353.3900146484375,3869070000,1376.964668517204,1313.8823856673148,False
1818,1419,2012-05-14,1,1351.9300537109375,1351.9300537109375,1336.6099853515625,1338.3499755859375,3688120000,1373.2870787142263,1314.1258442734702,False
1819,1420,2012-05-15,1,1338.3599853515625,1344.93994140625,1328.4100341796875,1330.6600341796875,4114040000,1369.2273601871273,1314.2903635760197,False
1820,1421,2012-05-16,1,1330.780029296875,1341.780029296875,1324.7900390625,1324.800048828125,4280420000,1364.996187676746,1314.3949375586278,False
1821,1422,2012-05-17,1,1324.8199462890625,1326.3599853515625,1304.8599853515625,1304.8599853515625,4664280000,1359.268930312443,1314.300062412289,False
1822,1423,2012-05-18,1,1305.050048828125,1312.239990234375,1291.97998046875,1295.219970703125,4512470000,1353.16902939727,1314.1102107534914,False
1823,1424,2012-05-21,1,1295.72998046875,1316.3900146484375,1295.72998046875,1315.989990234375,3786750000,1349.628168524613,1314.128915026933,False
1824,1425,2012-05-22,1,1316.0899658203125,1328.489990234375,1310.0400390625,1316.6300048828125,4123680000,1346.485486273013,1314.153801493161,False
1825,1426,2012-05-23,1,1316.02001953125,1320.7099609375,1296.530029296875,1318.8599853515625,4108330000,1343.8544861852558,1314.2006291932446,False
1826,1427,2012-05-24,1,1318.719970703125,1324.1400146484375,1310.5,1320.6800537109375,3937670000,1341.6473973781779,1314.2651010789928,False
1827,1428,2012-05-25,1,1320.81005859375,1324.199951171875,1314.22998046875,1317.8199462890625,2872660000,1339.3781163220715,1314.3004726731228,False
1828,1429,2012-05-29,1,1318.9000244140625,1334.9300537109375,1318.9000244140625,1332.4200439453125,3441640000,1338.7154427623802,1314.4807669146371,False
1829,1430,2012-05-30,1,1331.25,1331.25,1310.760009765625,1313.3199462890625,3534290000,1336.2968240506357,1314.4692164606513,False
1830,1431,2012-05-31,1,1313.0899658203125,1319.739990234375,1298.9000244140625,1310.3299560546875,4557620000,1333.8237890034025,1314.4280297899452,False
1831,1432,2012-06-01,1,1309.8699951171875,1309.8699951171875,1277.25,1278.0400390625,4669350000,1328.5110509137926,1314.0659602304681,False
1832,1433,2012-06-04,1,1278.2900390625,1282.550048828125,1266.739990234375,1278.1800537109375,4011960000,1323.7176226087588,1313.7088865337566,False
1833,1434,2012-06-05,1,1277.8199462890625,1287.6199951171875,1274.1600341796875,1285.5,3403230000,1320.0778490269722,1313.42820109561,False
1834,1435,2012-06-06,1,1285.6099853515625,1315.1300048828125,1285.6099853515625,1315.1300048828125,4268360000,1319.6066257751474,1313.4451344666268,False
1835,1436,2012-06-07,1,1316.1500244140625,1329.050048828125,1312.6800537109375,1314.989990234375,4258140000,1319.1669461998358,1313.4605061658085,False
1836,1437,2012-06-08,1,1314.989990234375,1325.81005859375,1307.77001953125,1325.6600341796875,3497190000,1319.7853355312504,1313.5818945042552,False
1837,1438,2012-06-11,1,1325.719970703125,1335.52001953125,1307.72998046875,1308.9300537109375,3537530000,1318.751499167411,1313.5356075311875,False
1838,1439,2012-06-12,1,1309.4000244140625,1324.31005859375,1306.6199951171875,1324.1800537109375,3442920000,1319.2685043620327,1313.6415224185482,False
1839,1440,2012-06-13,1,1324.02001953125,1327.280029296875,1310.510009765625,1314.8800048828125,3506510000,1318.8505520306783,1313.6538456271478,False
1840,1441,2012-06-14,1,1314.8800048828125,1333.6800537109375,1314.1400146484375,1329.0999755859375,3687720000,1319.8266876073696,1313.8075384625586,False
1841,1442,2012-06-15,1,1329.18994140625,1343.3199462890625,1329.18994140625,1342.8399658203125,4401570000,1322.0184283895546,1314.096418336765,False
1842,1443,2012-06-18,1,1342.4200439453125,1348.219970703125,1334.4599609375,1344.780029296875,3259430000,1324.1861999045375,1314.4017278985573,False
1843,1444,2012-06-19,1,1344.8299560546875,1363.4599609375,1344.8299560546875,1357.97998046875,3815350000,1327.4046551963675,1314.835342351992,False
1844,1445,2012-06-20,1,1358.0400390625,1361.5699462890625,1346.449951171875,1355.68994140625,3695700000,1330.098491978261,1315.2418557754177,False
1845,1446,2012-06-21,1,1355.4300537109375,1358.27001953125,1324.4100341796875,1325.510009765625,4094470000,1329.6614936722958,1315.3440264618873,False
1846,1447,2012-06-22,1,1325.9200439453125,1337.8199462890625,1325.9200439453125,1335.02001953125,5271490000,1330.1718294683867,1315.5398074874531,False
1847,1448,2012-06-25,1,1334.9000244140625,1334.9000244140625,1309.27001953125,1313.719970703125,3501820000,1328.604985776457,1315.5216996587533,False
1848,1449,2012-06-26,1,1314.0899658203125,1324.239990234375,1310.300048828125,1319.989990234375,3412940000,1327.7845100105444,1315.5661602614957,False
1849,1450,2012-06-27,1,1320.7099609375,1334.4000244140625,1320.7099609375,1331.8499755859375,3286910000,1328.1716972082008,1315.7281882746743,False
1850,1451,2012-06-28,1,1331.52001953125,1331.52001953125,1313.2900390625,1329.0400390625,3969370000,1328.2543964324198,1315.8606445014188,False
1851,1452,2012-06-29,1,1330.1199951171875,1362.1700439453125,1330.1199951171875,1362.1600341796875,4590480000,1331.4835047893023,1316.3213349459788,False
1852,1453,2012-07-02,1,1362.3299560546875,1366.3499755859375,1355.699951171875,1365.510009765625,3301650000,1334.724124310857,1316.8107744964232,False
1853,1454,2012-07-03,1,1365.75,1374.81005859375,1363.530029296875,1374.02001953125,2116390000,1338.466590522323,1317.3800207156753,False
1854,1455,2012-07-05,1,1373.719970703125,1373.8499755859375,1363.02001953125,1367.5799560546875,3041520000,1341.2392920015957,1317.8795225598446,False
1855,1456,2012-07-06,1,1367.0899658203125,1367.0899658203125,1348.030029296875,1354.6800537109375,2745140000,1342.5193645453426,1318.245696999159,False
1856,1457,2012-07-09,1,1354.6600341796875,1354.8699951171875,1346.6500244140625,1352.4599609375,2904860000,1343.4660880112624,1318.5861374363565,False
1857,1458,2012-07-10,1,1352.9599609375,1361.5400390625,1336.27001953125,1341.469970703125,3470600000,1343.2759816009636,1318.8138372698568,False
1858,1459,2012-07-11,1,1341.4000244140625,1345.0,1333.25,1341.449951171875,3426290000,1343.1020739410503,1319.039072234056,False
1859,1460,2012-07-12,1,1341.2900390625,1341.2900390625,1325.4100341796875,1334.760009765625,3654440000,1342.3075916386288,1319.1954994731761,False
1860,1461,2012-07-13,1,1334.81005859375,1357.699951171875,1334.81005859375,1356.780029296875,3212930000,1343.6859190346522,1319.5694748943076,False
1861,1462,2012-07-16,1,1356.5,1357.260009765625,1348.510009765625,1353.6400146484375,2862720000,1344.6339281407272,1319.90848524012,False
1862,1463,2012-07-17,1,1353.6800537109375,1365.3599853515625,1345.0699462890625,1363.6700439453125,3566680000,1346.4468915506877,1320.3439236351967,False
1863,1464,2012-07-18,1,1363.5799560546875,1375.260009765625,1358.9599609375,1372.780029296875,3642630000,1348.954809431277,1320.8656759303378,False
1864,1465,2012-07-19,1,1373.010009765625,1380.3900146484375,1371.2099609375,1376.510009765625,4043360000,1351.5791142250243,1321.4193508938731,False
1865,1466,2012-07-20,1,1376.510009765625,1376.510009765625,1362.18994140625,1362.6600341796875,3925020000,1352.6344399349923,1321.8297059514434,False
1866,1467,2012-07-23,1,1362.3399658203125,1362.3399658203125,1337.56005859375,1350.52001953125,3717180000,1352.4330665632071,1322.1151817084565,False
1867,1468,2012-07-24,1,1350.52001953125,1351.530029296875,1329.239990234375,1338.31005859375,3891290000,1351.0880181851635,1322.2763247620414,False
1868,1469,2012-07-25,1,1338.3499755859375,1343.97998046875,1331.5,1337.8900146484375,3719170000,1349.83106546738,1322.4316848604135,False
1869,1470,2012-07-26,1,1338.1700439453125,1363.1300048828125,1338.1700439453125,1360.02001953125,4429300000,1350.8014420448915,1322.8056981407203,False
1870,1471,2012-07-27,1,1360.050048828125,1389.18994140625,1360.050048828125,1385.969970703125,4399010000,1354.150825726628,1323.4341983652218,False
1871,1472,2012-07-30,1,1385.93994140625,1391.739990234375,1381.3699951171875,1385.300048828125,3212060000,1357.117418402961,1324.049778966843,False
1872,1473,2012-07-31,1,1385.27001953125,1387.1600341796875,1379.1700439453125,1379.3199462890625,3821570000,1359.231944868304,1324.599730880497,False
1873,1474,2012-08-01,1,1379.3199462890625,1385.030029296875,1373.3499755859375,1375.3199462890625,4440920000,1360.764135479805,1325.1044096407813,False
1874,1475,2012-08-02,1,1375.1300048828125,1375.1300048828125,1354.6500244140625,1365.0,4193740000,1361.167551148395,1325.5013806891318,False
1875,1476,2012-08-03,1,1365.449951171875,1394.1600341796875,1365.449951171875,1390.989990234375,3751170000,1364.0077834422978,1326.1530086448058,False
1876,1477,2012-08-06,1,1391.0400390625,1399.6300048828125,1391.0400390625,1394.22998046875,3122050000,1366.8860879210074,1326.8303914490243,False
1877,1478,2012-08-07,1,1394.4599609375,1407.1400146484375,1394.4599609375,1401.3499755859375,3682490000,1370.168362936715,1327.5718798483965,False
1878,1479,2012-08-08,1,1401.22998046875,1404.1400146484375,1396.1300048828125,1402.219970703125,3221790000,1373.2208970097065,1328.314646921578,False
1879,1480,2012-08-09,1,1402.260009765625,1405.949951171875,1398.800048828125,1402.800048828125,3119610000,1376.0379590876512,1329.0557951992553,False
1880,1481,2012-08-10,1,1402.5799560546875,1405.97998046875,1395.6199951171875,1405.8699951171875,2767980000,1378.8791053761784,1329.8201155964487,False
1881,1482,2012-08-13,1,1405.8699951171875,1405.8699951171875,1397.3199462890625,1404.1099853515625,2499990000,1381.282046326215,1330.5593182805792,False
1882,1483,2012-08-14,1,1404.3599853515625,1410.030029296875,1400.5999755859375,1403.9300537109375,2930900000,1383.4389994104743,1331.289375349538,False
1883,1484,2012-08-15,1,1403.8900146484375,1407.72998046875,1401.8299560546875,1405.530029296875,2655750000,1385.5429070187029,1332.0280883241383,False
1884,1485,2012-08-16,1,1405.5699462890625,1417.43994140625,1404.1500244140625,1415.510009765625,3114100000,1388.3969168041242,1332.8587542091282,False
1885,1486,2012-08-17,1,1415.8399658203125,1418.7099609375,1414.6700439453125,1418.1600341796875,2922990000,1391.2314994113208,1333.7075231640592,False
1886,1487,2012-08-20,1,1417.8499755859375,1418.1300048828125,1412.1199951171875,1418.1300048828125,2766320000,1393.7932618371772,1334.5475478577782,False
1887,1488,2012-08-21,1,1418.1300048828125,1426.6800537109375,1410.8599853515625,1413.1700439453125,3282950000,1395.6386696569996,1335.3298612516842,False
1888,1489,2012-08-22,1,1413.0899658203125,1416.1199951171875,1406.780029296875,1413.489990234375,3062690000,1397.3387954262735,1336.1075739778803,False
1889,1490,2012-08-23,1,1413.489990234375,1413.489990234375,1400.5,1402.0799560546875,3008240000,1397.7903345337415,1336.764015590585,False
1890,1491,2012-08-24,1,1401.989990234375,1413.4599609375,1398.0400390625,1411.1300048828125,2598790000,1399.0607793288912,1337.503975683045,False
1891,1492,2012-08-27,1,1411.1300048828125,1416.1700439453125,1409.1099853515625,1410.43994140625,2472500000,1400.1445090505445,1338.229706685266,False
1892,1493,2012-08-28,1,1410.43994140625,1413.6300048828125,1405.5899658203125,1409.300048828125,2629090000,1401.0164652198378,1338.936874268777,False
1893,1494,2012-08-29,1,1409.3199462890625,1413.949951171875,1406.5699462890625,1410.489990234375,2571220000,1401.9187056974126,1339.6488455719175,False
1894,1495,2012-08-30,1,1410.0799560546875,1410.0799560546875,1397.010009765625,1399.47998046875,2530280000,1401.6864461518257,1340.244180247508,False
1895,1496,2012-08-31,1,1400.0699462890625,1413.0899658203125,1398.9599609375,1406.5799560546875,2938250000,1402.152494714003,1340.9042377182263,False
1896,1497,2012-09-04,1,1406.5400390625,1409.31005859375,1396.56005859375,1404.93994140625,3200310000,1402.4179658275502,1341.5414088992018,False
1897,1498,2012-09-05,1,1404.93994140625,1408.81005859375,1401.25,1403.43994140625,3389110000,1402.5152968350453,1342.157314695292,False
1898,1499,2012-09-06,1,1403.739990234375,1432.1199951171875,1403.739990234375,1432.1199951171875,3952870000,1405.334791909535,1343.052465744266,False
1899,1500,2012-09-07,1,1432.1199951171875,1437.9200439453125,1431.449951171875,1437.9200439453125,3717620000,1408.4381492462758,1343.9964217462666,False
1900,1501,2012-09-10,1,1437.9200439453125,1438.739990234375,1428.97998046875,1429.0799560546875,3223670000,1410.4040356089815,1344.8430240776936,False
1901,1502,2012-09-11,1,1429.1300048828125,1437.760009765625,1429.1300048828125,1433.56005859375,3509630000,1412.6093711313404,1345.7257806400423,False
1902,1503,2012-09-12,1,1433.56005859375,1439.1500244140625,1432.989990234375,1436.56005859375,3641200000,1414.8903889849032,1346.6296043012733,False
1903,1504,2012-09-13,1,1436.56005859375,1463.760009765625,1435.3399658203125,1459.989990234375,4606550000,1419.1855891039006,1347.7575683404086,False
1904,1505,2012-09-14,1,1460.0699462890625,1474.510009765625,1460.0699462890625,1465.77001953125,5041990000,1423.622201525553,1348.9318215860887,False
1905,1506,2012-09-17,1,1465.4200439453125,1465.6300048828125,1457.550048828125,1461.18994140625,3482430000,1427.2000815141907,1350.0488178032047,False
1906,1507,2012-09-18,1,1461.18994140625,1461.469970703125,1456.1300048828125,1459.3199462890625,3377390000,1430.2591162546548,1351.1360927135117,False
1907,1508,2012-09-19,1,1459.5,1465.1500244140625,1457.8800048828125,1461.050048828125,3451360000,1433.1915860235567,1352.2297639186324,False
1908,1509,2012-09-20,1,1461.050048828125,1461.22998046875,1449.97998046875,1460.260009765625,3382520000,1435.7695311418488,1353.3046917380057,False
1909,1510,2012-09-21,1,1460.3399658203125,1467.0699462890625,1459.510009765625,1460.1500244140625,4833870000,1438.0914828820596,1354.3678293765736,False
1910,1511,2012-09-24,1,1459.760009765625,1460.719970703125,1452.06005859375,1456.8900146484375,3008920000,1439.8818192407623,1355.3879506230599,False
1911,1512,2012-09-25,1,1456.93994140625,1463.239990234375,1441.5899658203125,1441.5899658203125,3739900000,1440.044499867386,1356.24568211756,False
1912,1513,2012-09-26,1,1441.5999755859375,1441.5999755859375,1430.530029296875,1433.3199462890625,3565380000,1439.40406619326,1357.012590218769,False
1913,1514,2012-09-27,1,1433.3599853515625,1450.199951171875,1433.3599853515625,1447.1500244140625,3150330000,1440.141776500003,1357.9094801112594,False
1914,1515,2012-09-28,1,1447.1300048828125,1447.1300048828125,1435.5999755859375,1440.6700439453125,3509230000,1440.1920876852705,1358.7329683086134,False
1915,1516,2012-10-01,1,1440.9000244140625,1457.1400146484375,1440.9000244140625,1444.489990234375,3505080000,1440.6014117375662,1359.5862720093673,False
1916,1517,2012-10-02,1,1444.989990234375,1451.52001953125,1439.010009765625,1445.75,3321790000,1441.0917534768455,1360.4436225366376,False
1917,1518,2012-10-03,1,1446.050048828125,1454.300048828125,1441.989990234375,1450.989990234375,3531640000,1442.0344426918482,1361.3445814192023,False
1918,1519,2012-10-04,1,1451.0799560546875,1463.1400146484375,1451.0799560546875,1461.4000244140625,3615860000,1443.8787838082496,1362.3401579664148,False
1919,1520,2012-10-05,1,1461.4000244140625,1470.9599609375,1456.8900146484375,1460.9300537109375,3172940000,1445.5027142751724,1363.3211519539227,False
1920,1521,2012-10-08,1,1460.9300537109375,1460.9300537109375,1453.0999755859375,1455.8800048828125,2328720000,1446.4910276663763,1364.2421355651554,False
1921,1522,2012-10-09,1,1455.9000244140625,1455.9000244140625,1441.1800537109375,1441.47998046875,3216320000,1446.0137850761262,1365.0106713353405,False
1922,1523,2012-10-10,1,1441.47998046875,1442.52001953125,1430.6400146484375,1432.56005859375,3225060000,1444.7324777920903,1365.6828045418918,False
1923,1524,2012-10-11,1,1432.8199462890625,1443.9000244140625,1432.8199462890625,1432.8399658203125,3672540000,1443.5998576043019,1366.3510350023735,False
1924,1525,2012-10-12,1,1432.8399658203125,1438.4300537109375,1425.530029296875,1428.5899658203125,3134750000,1442.1703441010648,1366.970327846333,False
1925,1526,2012-10-15,1,1428.75,1441.31005859375,1427.239990234375,1440.1300048828125,3483810000,1441.9760260802789,1367.6982848317707,False
1926,1527,2012-10-16,1,1440.31005859375,1455.510009765625,1440.31005859375,1454.9200439453125,3568770000,1443.2087896864725,1368.5661630319055,False
1927,1528,2012-10-17,1,1454.219970703125,1462.199951171875,1453.3499755859375,1460.9100341796875,3655320000,1444.8946224953502,1369.485007520938,False
1928,1529,2012-10-18,1,1460.93994140625,1464.02001953125,1452.6300048828125,1457.3399658203125,3880030000,1446.0798932882037,1370.3591862104843,False
1929,1530,2012-10-19,1,1457.3399658203125,1457.3399658203125,1429.8499755859375,1433.18994140625,3875170000,1444.8522788232558,1370.9843678542234,False
1930,1531,2012-10-22,1,1433.2099609375,1435.4599609375,1422.06005859375,1433.8199462890625,3216220000,1443.801580486666,1371.609597490391,False
1931,1532,2012-10-23,1,1433.739990234375,1433.739990234375,1407.56005859375,1413.1099853515625,3587670000,1440.8785714261799,1372.0225366730892,False
1932,1533,2012-10-24,1,1413.199951171875,1420.0400390625,1407.0999755859375,1408.75,3385970000,1437.8187074808295,1372.387984069377,False
1933,1534,2012-10-25,1,1409.739990234375,1421.1199951171875,1405.1400146484375,1412.969970703125,3512640000,1435.4521611210482,1372.7917849314044,False
1934,1535,2012-10-26,1,1412.969970703125,1417.0899658203125,1403.280029296875,1411.93994140625,3284910000,1433.2129021005912,1373.1813188266765,False
1935,1536,2012-10-31,1,1410.989990234375,1418.760009765625,1405.949951171875,1412.1600341796875,3577110000,1431.2078670605051,1373.569166740637,False
1936,1537,2012-11-01,1,1412.199951171875,1428.3499755859375,1412.199951171875,1427.5899658203125,3929890000,1430.8633050376297,1374.1066871294895,False
1937,1538,2012-11-02,1,1427.5899658203125,1434.27001953125,1412.9100341796875,1414.199951171875,3732480000,1429.276318955177,1374.5056250801601,False
1938,1539,2012-11-05,1,1414.02001953125,1419.9000244140625,1408.1300048828125,1417.260009765625,2921040000,1428.131908556172,1374.9310418431996,False
1939,1540,2012-11-06,1,1417.260009765625,1433.3800048828125,1417.260009765625,1428.3900146484375,3306970000,1428.1564900887686,1375.4629719208638,False
1940,1541,2012-11-07,1,1428.27001953125,1428.27001953125,1388.1400146484375,1394.530029296875,4356490000,1424.95397001335,1375.6526938848042,False
1941,1542,2012-11-08,1,1394.530029296875,1401.22998046875,1377.510009765625,1377.510009765625,3779520000,1420.4354976088048,1375.671174639837,False
1942,1543,2012-11-09,1,1377.550048828125,1391.3900146484375,1373.030029296875,1379.8499755859375,3647350000,1416.5702097971032,1375.7127547487537,False
1943,1544,2012-11-12,1,1379.8599853515625,1384.8699951171875,1377.18994140625,1380.030029296875,2567540000,1413.0901926066053,1375.7557127044565,False
1944,1545,2012-11-13,1,1380.030029296875,1388.81005859375,1371.3900146484375,1374.530029296875,3455550000,1409.4177961009168,1375.7435168496547,False
1945,1546,2012-11-14,1,1374.6400146484375,1380.1300048828125,1352.5,1355.489990234375,4109510000,1404.2818145898175,1375.541989221642,False
1946,1547,2012-11-15,1,1355.4100341796875,1360.6199951171875,1348.050048828125,1353.3299560546875,3928870000,1399.429256634091,1375.3209739662495,False
1947,1548,2012-11-16,1,1353.3599853515625,1362.030029296875,1343.3499755859375,1359.8800048828125,4045910000,1395.6626612292073,1375.1673324828323,False
1948,1549,2012-11-19,1,1359.8800048828125,1386.8900146484375,1359.8800048828125,1386.8900146484375,3374800000,1394.8271710786578,1375.2839760864704,False
1949,1550,2012-11-20,1,1386.8199462890625,1389.77001953125,1377.0400390625,1387.81005859375,3207160000,1394.1588746515238,1375.4086137233587,False
1950,1551,2012-11-21,1,1387.7900390625,1391.25,1386.3900146484375,1391.030029296875,2667090000,1393.8608893796525,1375.5640506942395,False
1951,1552,2012-11-23,1,1391.030029296875,1409.1600341796875,1391.030029296875,1409.1500244140625,1504960000,1395.3169974781679,1375.8982394874718,False
1952,1553,2012-11-26,1,1409.1500244140625,1409.1500244140625,1397.6800537109375,1406.2900390625,2948960000,1396.3620490576282,1376.2006454533926,False
1953,1554,2012-11-27,1,1406.2900390625,1409.010009765625,1398.030029296875,1398.93994140625,3323120000,1396.6075626146398,1376.426907104665,False
1954,1555,2012-11-28,1,1398.77001953125,1410.31005859375,1385.4300537109375,1409.9300537109375,3359250000,1397.8763712904777,1376.7602717475133,False
1955,1556,2012-11-29,1,1409.9599609375,1419.699951171875,1409.0400390625,1415.949951171875,3356850000,1399.5976646125155,1377.1502188064621,False
1956,1557,2012-11-30,1,1415.949951171875,1418.8599853515625,1411.6300048828125,1416.1800537109375,3966000000,1401.176939764746,1377.538575372676,False
1957,1558,2012-12-03,1,1416.3399658203125,1423.72998046875,1408.4599609375,1409.4599609375,3074280000,1401.9657989240561,1377.856201099689,False
1958,1559,2012-12-04,1,1409.4599609375,1413.1400146484375,1403.6500244140625,1407.050048828125,3247710000,1402.4500132006342,1378.1466871467383,False
1959,1560,2012-12-05,1,1407.050048828125,1415.56005859375,1398.22998046875,1409.280029296875,4253920000,1403.1004909240855,1378.4564716457446,False
1960,1561,2012-12-06,1,1409.4300537109375,1413.949951171875,1405.9300537109375,1413.93994140625,3229700000,1404.1328195414344,1378.8095409965954,False
1961,1562,2012-12-07,1,1413.949951171875,1420.3399658203125,1410.9000244140625,1418.0699462890625,3125160000,1405.4601649459703,1379.2001917955254,False
1962,1563,2012-12-10,1,1418.0699462890625,1421.6400146484375,1415.6400146484375,1418.550048828125,2999430000,1406.7068205537946,1379.5917326615213,False
1963,1564,2012-12-11,1,1418.550048828125,1434.27001953125,1418.550048828125,1427.8399658203125,3650230000,1408.7195010553678,1380.0718145834994,False
1964,1565,2012-12-12,1,1427.8399658203125,1438.5899658203125,1426.760009765625,1428.47998046875,3709050000,1410.6014514756898,1380.55348787589,False
1965,1566,2012-12-13,1,1428.47998046875,1431.3599853515625,1416.0,1419.449951171875,3349960000,1411.4441657324694,1380.940517361422,False
1966,1567,2012-12-14,1,1419.449951171875,1419.449951171875,1411.8800048828125,1413.5799560546875,3210170000,1411.6475743345854,1381.2652878956833,False
1967,1568,2012-12-17,1,1413.5400390625,1430.6700439453125,1413.5400390625,1430.3599853515625,3455610000,1413.4297087171549,1381.7537923479808,False
1968,1569,2012-12-18,1,1430.469970703125,1448.0,1430.469970703125,1446.7900390625,4302240000,1416.6068830357592,1382.4009191809612,False
1969,1570,2012-12-19,1,1446.7900390625,1447.75,1435.800048828125,1435.81005859375,3869800000,1418.435756898425,1382.932353403974,False
1970,1571,2012-12-20,1,1435.81005859375,1443.699951171875,1432.8199462890625,1443.68994140625,3686580000,1420.8409173277419,1383.5369065184248,False
1971,1572,2012-12-21,1,1443.6700439453125,1443.6700439453125,1422.5799560546875,1430.1500244140625,5229160000,1421.7274989550106,1384.0007186367895,False
1972,1573,2012-12-24,1,1430.1500244140625,1430.1500244140625,1424.6600341796875,1426.6600341796875,1248960000,1422.1972642145035,1384.4251894382116,False
1973,1574,2012-12-26,1,1426.6600341796875,1429.4200439453125,1416.4300537109375,1419.8299560546875,2285030000,1421.971806294521,1384.7774756732017,False
1974,1575,2012-12-27,1,1419.8299560546875,1422.800048828125,1401.800048828125,1418.0999755859375,2830180000,1421.6030605127512,1385.1090428365126,False
1975,1576,2012-12-28,1,1418.0999755859375,1418.0999755859375,1401.5799560546875,1402.4300537109375,2426680000,1419.7770598649593,1385.2813912034223,False
1976,1577,2012-12-31,1,1402.4300537109375,1426.739990234375,1398.1099853515625,1426.18994140625,3204330000,1420.3878104879393,1385.688441454197,False
1977,1578,2013-01-02,1,1426.18994140625,1462.4300537109375,1426.18994140625,1462.4200439453125,4202600000,1424.3908803410225,1386.4519399864469,False
1978,1579,2013-01-03,1,1462.4200439453125,1465.469970703125,1455.530029296875,1459.3699951171875,3829730000,1427.7222246054191,1387.1774927738174,False
1979,1580,2013-01-04,1,1459.3699951171875,1467.93994140625,1458.989990234375,1466.469970703125,3424290000,1431.412486138534,1387.966472653711,False
1980,1581,2013-01-07,1,1466.469970703125,1466.469970703125,1456.6199951171875,1461.8900146484375,3304970000,1434.315107901382,1388.7020302854994,False
1981,1582,2013-01-08,1,1461.8900146484375,1461.8900146484375,1451.6400146484375,1457.1500244140625,3601600000,1436.4898618549705,1389.3831048539428,False
1982,1583,2013-01-09,1,1457.1500244140625,1464.72998046875,1457.1500244140625,1461.02001953125,3674390000,1438.8260673479494,1390.09590997511,False
1983,1584,2013-01-10,1,1461.02001953125,1472.300048828125,1461.02001953125,1472.1199951171875,4081840000,1441.9969176116865,1390.9120700262752,False
1984,1585,2013-01-11,1,1472.1199951171875,1472.75,1467.5799560546875,1472.050048828125,3340650000,1444.8591205846808,1391.7194130989305,False
1985,1586,2013-01-14,1,1472.050048828125,1472.050048828125,1465.68994140625,1470.6800537109375,3003010000,1447.3182570728957,1392.5050911149706,False
1986,1587,2013-01-15,1,1470.6700439453125,1473.31005859375,1463.760009765625,1472.3399658203125,3135350000,1449.701276953602,1393.2994679777103,False
1987,1588,2013-01-16,1,1472.3299560546875,1473.9599609375,1467.5999755859375,1472.6300048828125,3384080000,1451.8849653278126,1394.0888265538806,False
1988,1589,2013-01-17,1,1472.6300048828125,1485.1600341796875,1472.6300048828125,1480.93994140625,3706710000,1454.6521059067115,1394.9530167514167,False
1989,1590,2013-01-18,1,1480.949951171875,1485.97998046875,1475.81005859375,1485.97998046875,3795740000,1457.6357130078582,1395.8587576839275,False
1990,1591,2013-01-22,1,1485.97998046875,1492.56005859375,1481.1600341796875,1492.56005859375,3570950000,1460.9618411588954,1396.8209596830304,False
1991,1592,2013-01-23,1,1492.56005859375,1496.1300048828125,1489.9000244140625,1494.81005859375,3552010000,1464.1854809145957,1397.79597559259,False
1992,1593,2013-01-24,1,1494.81005859375,1502.27001953125,1489.4599609375,1494.8199462890625,3699430000,1467.1030490454973,1398.761388236336,False
1993,1594,2013-01-25,1,1494.8199462890625,1503.260009765625,1494.8199462890625,1502.9599609375,3476290000,1470.517993035212,1399.7981899547556,False
1994,1595,2013-01-28,1,1502.9599609375,1503.22998046875,1496.3299560546875,1500.1800537109375,3388540000,1473.3429511948048,1400.7970144697426,False
1995,1596,2013-01-29,1,1500.1800537109375,1509.3499755859375,1498.0899658203125,1507.8399658203125,3949640000,1476.6283811591388,1401.8621184632807,False
1996,1597,2013-01-30,1,1507.8399658203125,1509.93994140625,1500.1099853515625,1501.9599609375,3726810000,1479.0409125666017,1402.85811689586,False
1997,1598,2013-01-31,1,1501.9599609375,1504.18994140625,1496.760009765625,1498.1099853515625,3999880000,1480.857014736598,1403.8058966814888,False
1998,1599,2013-02-01,1,1498.1099853515625,1514.4100341796875,1498.1099853515625,1513.1700439453125,3836320000,1483.934446089809,1404.8940971517757,False
1999,1600,2013-02-04,1,1513.1700439453125,1513.1700439453125,1495.02001953125,1495.7099609375,3390000000,1485.055923694351,1405.7977375874545,False
2000,1601,2013-02-05,1,1495.7099609375,1514.9599609375,1495.7099609375,1511.2900390625,3618360000,1487.55441087227,1406.8474122289974,False
2001,1602,2013-02-06,1,1511.2900390625,1512.530029296875,1504.7099609375,1512.1199951171875,3611570000,1489.893990324167,1407.8949006159446,False
2002,1603,2013-02-07,1,1512.1199951171875,1512.9000244140625,1498.489990234375,1509.3900146484375,3614580000,1491.750754545526,1408.9048022481088,False
2003,1604,2013-02-08,1,1509.3900146484375,1518.31005859375,1509.3900146484375,1517.9300537109375,2986150000,1494.244021132708,1409.9896306208732,False
2004,1605,2013-02-11,1,1517.9300537109375,1518.31005859375,1513.6099853515625,1517.010009765625,2684100000,1496.412210526319,1411.0545100153483,False
2005,1606,2013-02-12,1,1517.010009765625,1522.2900390625,1515.6099853515625,1519.4300537109375,3414370000,1498.6043860677112,1412.13287363421,False
2006,1607,2013-02-13,1,1519.4300537109375,1524.68994140625,1515.9300537109375,1520.3299560546875,3385880000,1500.6734879712326,1413.209461518991,False
2007,1608,2013-02-14,1,1520.3299560546875,1523.1400146484375,1514.02001953125,1521.3800048828125,3759740000,1502.6455372009068,1414.2857853335563,False
2008,1609,2013-02-15,1,1521.3800048828125,1524.239990234375,1514.1400146484375,1519.7900390625,3838510000,1504.278346902011,1415.3355789029986,False
2009,1610,2013-02-19,1,1519.7900390625,1530.93994140625,1519.7900390625,1530.93994140625,3748910000,1506.8175463786051,1416.4858710672102,False
2010,1611,2013-02-20,1,1530.93994140625,1530.93994140625,1511.4100341796875,1511.949951171875,4240570000,1507.306346835107,1417.4357624115353,False
2011,1612,2013-02-21,1,1511.949951171875,1511.949951171875,1497.2900390625,1502.4200439453125,4274600000,1506.8409846551265,1418.281377153165,False
2012,1613,2013-02-22,1,1502.4200439453125,1515.6400146484375,1502.4200439453125,1515.5999755859375,3419320000,1507.6751742675847,1419.2497214161779,False
2013,1614,2013-02-25,1,1515.5999755859375,1525.8399658203125,1487.8499755859375,1487.8499755859375,4011050000,1505.7870601074278,1419.9323110099067,False
2014,1615,2013-02-26,1,1487.8499755859375,1498.989990234375,1485.010009765625,1496.93994140625,3975280000,1504.9444773739822,1420.6985560884773,False
2015,1616,2013-02-27,1,1496.93994140625,1520.0799560546875,1494.8800048828125,1515.989990234375,3551850000,1505.9964309797338,1421.6467295625657,False
2016,1617,2013-02-28,1,1515.989990234375,1525.3399658203125,1514.4599609375,1514.6800537109375,3912320000,1506.8234426684198,1422.5724342804601,False
2017,1618,2013-03-01,1,1514.6800537109375,1519.989990234375,1501.47998046875,1518.199951171875,3695610000,1507.9069196687487,1423.5239518614692,False
2018,1619,2013-03-04,1,1518.199951171875,1525.27001953125,1512.2900390625,1525.199951171875,3414430000,1509.5538750499989,1424.535653347145,False
2019,1620,2013-03-05,1,1525.199951171875,1543.469970703125,1525.199951171875,1539.7900390625,3610690000,1512.4335097178562,1425.6824631552581,False
2020,1621,2013-03-06,1,1539.7900390625,1545.25,1538.1099853515625,1541.4599609375,3676890000,1515.1979336435365,1426.8344780585642,False
2021,1622,2013-03-07,1,1541.4599609375,1545.780029296875,1541.4599609375,1544.260009765625,3634710000,1517.9657504170686,1428.0028913093809,False
2022,1623,2013-03-08,1,1544.260009765625,1552.47998046875,1542.93994140625,1551.1800537109375,3652260000,1521.129017397437,1429.2285347163615,False
2023,1624,2013-03-11,1,1551.1500244140625,1556.27001953125,1547.3599853515625,1556.219970703125,3091080000,1524.4710129503599,1430.4921310943394,False
2024,1625,2013-03-12,1,1556.219970703125,1556.77001953125,1548.239990234375,1552.47998046875,3274910000,1527.138533666397,1431.7059405408509,False
2025,1626,2013-03-13,1,1552.47998046875,1556.3900146484375,1548.25,1554.52001953125,3073830000,1529.7462942249545,1432.9279711775714,False
2026,1627,2013-03-14,1,1554.52001953125,1563.3199462890625,1554.52001953125,1563.22998046875,3459260000,1532.9352167243637,1434.224508583454,False
2027,1628,2013-03-15,1,1563.2099609375,1563.6199951171875,1555.739990234375,1560.699951171875,5175850000,1535.5794771479364,1435.4829706987618,False
2028,1629,2013-03-18,1,1560.699951171875,1560.699951171875,1545.1300048828125,1552.0999755859375,3164560000,1537.1528579515555,1436.6433389065944,False
2029,1630,2013-03-19,1,1552.0999755859375,1557.25,1538.5699462890625,1548.3399658203125,3796210000,1538.218296796199,1437.7547481296165,False
2030,1631,2013-03-20,1,1548.3399658203125,1561.56005859375,1548.3399658203125,1558.7099609375,3349090000,1540.1698838572752,1438.9582825854163,False
2031,1632,2013-03-21,1,1558.7099609375,1558.7099609375,1543.550048828125,1545.800048828125,3243270000,1540.706090044975,1440.021384737085,False
2032,1633,2013-03-22,1,1545.9000244140625,1557.739990234375,1545.9000244140625,1556.8900146484375,2948380000,1542.2474161976857,1441.1842566765017,False
2033,1634,2013-03-25,1,1556.8900146484375,1564.9100341796875,1546.219970703125,1551.68994140625,3178170000,1543.146704312787,1442.283815728539,False
2034,1635,2013-03-26,1,1551.68994140625,1563.949951171875,1551.68994140625,1563.77001953125,2869260000,1545.1108295716883,1443.4926336768247,False
2035,1636,2013-03-27,1,1563.75,1564.0699462890625,1551.9000244140625,1562.8499755859375,2914210000,1546.800272049236,1444.6802689197013,False
2036,1637,2013-03-28,1,1562.8599853515625,1570.280029296875,1561.0799560546875,1569.18994140625,3304440000,1548.9326215118085,1445.919171133498,False
2037,1638,2013-04-01,1,1569.1800537109375,1570.5699462890625,1558.469970703125,1562.1700439453125,2753110000,1550.1933284102374,1447.0758962361033,False
2038,1639,2013-04-02,1,1562.1700439453125,1573.6600341796875,1562.1700439453125,1570.25,3312160000,1552.1034876092624,1448.3015092088783,False
2039,1640,2013-04-03,1,1570.25,1571.469970703125,1549.800048828125,1553.68994140625,4060610000,1552.2545784470708,1449.35015032527,False
2040,1641,2013-04-04,1,1553.68994140625,1562.5999755859375,1552.52001953125,1559.97998046875,3350670000,1552.990331020564,1450.450944655056,False
2041,1642,2013-04-05,1,1559.97998046875,1559.97998046875,1539.5,1553.280029296875,3515410000,1553.0179213325937,1451.4741196266166,False
2042,1643,2013-04-08,1,1553.260009765625,1563.0699462890625,1548.6300048828125,1563.0699462890625,2887120000,1553.9752570427336,1452.584525862064,False
2043,1644,2013-04-09,1,1563.1099853515625,1573.8900146484375,1560.9200439453125,1568.6099853515625,3252780000,1555.3690406911935,1453.739008046039,False
2044,1645,2013-04-10,1,1568.6099853515625,1589.0699462890625,1568.6099853515625,1587.72998046875,3453350000,1558.4510349557227,1455.072251552733,False
2045,1646,2013-04-11,1,1587.72998046875,1597.3499755859375,1586.1700439453125,1593.3699951171875,3393950000,1561.7766502091954,1456.448348503623,False
2046,1647,2013-04-12,1,1593.300048828125,1593.300048828125,1579.969970703125,1588.8499755859375,3206290000,1564.3550621498375,1457.7657776288204,False
2047,1648,2013-04-15,1,1588.8399658203125,1588.8399658203125,1552.280029296875,1552.3599853515625,4660130000,1563.2126738833351,1458.7070135265592,False
2048,1649,2013-04-16,1,1552.3599853515625,1575.3499755859375,1552.3599853515625,1574.5699462890625,3654700000,1564.2943188743568,1459.8598785291713,False
2049,1650,2013-04-17,1,1574.5699462890625,1574.5699462890625,1543.68994140625,1552.010009765625,4250310000,1563.1243846735254,1460.7767952578922,False
2050,1651,2013-04-18,1,1552.030029296875,1554.3800048828125,1536.030029296875,1541.6099853515625,3890800000,1561.0753942619099,1461.5811056070831,False
2051,1652,2013-04-19,1,1541.6099853515625,1555.8900146484375,1539.4000244140625,1555.25,3569870000,1560.5205948083947,1462.5131344070128,False
2052,1653,2013-04-22,1,1555.25,1565.550048828125,1548.18994140625,1562.5,2979880000,1560.7091095885476,1463.5080285920178,False
2053,1654,2013-04-23,1,1562.5,1579.5799560546875,1562.5,1578.780029296875,3565150000,1562.4301495607692,1464.6550136736582,False
2054,1655,2013-04-24,1,1578.780029296875,1583.0,1575.800048828125,1578.7900390625,3598240000,1563.9882342752198,1465.7906855680747,False
2055,1656,2013-04-25,1,1578.9300537109375,1592.6400146484375,1578.9300537109375,1585.1600341796875,3908580000,1566.0045961708834,1466.978440280628,False
2056,1657,2013-04-26,1,1585.1600341796875,1585.780029296875,1577.56005859375,1582.239990234375,3198620000,1567.55082417693,1468.1253213746952,False
2057,1658,2013-04-29,1,1582.3399658203125,1596.6500244140625,1582.3399658203125,1593.6099853515625,2891200000,1570.0326490507048,1469.3739249963558,False
2058,1659,2013-04-30,1,1593.5799560546875,1597.5699462890625,1586.5,1597.5699462890625,3745070000,1572.655248787691,1470.649507297776,False
2059,1660,2013-05-01,1,1597.550048828125,1597.550048828125,1581.280029296875,1582.699951171875,3530320000,1573.6118871099943,1471.764437087568,False
2060,1661,2013-05-02,1,1582.77001953125,1598.5999755859375,1582.77001953125,1597.5899658203125,3366950000,1575.895513653834,1473.0164323983415,False
2061,1662,2013-05-03,1,1597.5999755859375,1618.4599609375,1597.5999755859375,1614.4200439453125,3603910000,1579.5645165387368,1474.4234335082615,False
2062,1663,2013-05-06,1,1614.4000244140625,1619.77001953125,1614.2099609375,1617.5,3062240000,1583.1774197255238,1475.8470809360401,False
2063,1664,2013-05-07,1,1617.550048828125,1626.030029296875,1616.6400146484375,1625.9599609375,3309580000,1587.2519474599976,1477.340741433567,False
2064,1665,2013-05-08,1,1625.949951171875,1632.780029296875,1622.699951171875,1632.68994140625,3554700000,1591.5793754548786,1478.8865046173748,False
2065,1666,2013-05-09,1,1632.68994140625,1635.010009765625,1623.0899658203125,1626.6700439453125,3457400000,1594.9213438825388,1480.3569875957623,False
2066,1667,2013-05-10,1,1626.68994140625,1633.699951171875,1623.7099609375,1633.699951171875,3086470000,1598.6145445767615,1481.8827882283606,False
2067,1668,2013-05-13,1,1632.0999755859375,1636.0,1626.739990234375,1633.77001953125,2910600000,1601.9626850486177,1483.3941039627177,False
2068,1669,2013-05-14,1,1633.75,1651.0999755859375,1633.75,1650.3399658203125,3457790000,1606.5700451221126,1485.0552568170222,False
2069,1670,2013-05-15,1,1649.1300048828125,1661.489990234375,1646.6800537109375,1658.780029296875,3657440000,1611.542424567328,1486.7838615183143,False
2070,1671,2013-05-16,1,1658.0699462890625,1660.510009765625,1648.5999755859375,1650.469970703125,3513130000,1615.2498099135946,1488.4125790226408,False
2071,1672,2013-05-17,1,1652.449951171875,1667.469970703125,1652.449951171875,1667.469970703125,3440710000,1620.2231585602165,1490.1942446115013,False
2072,1673,2013-05-20,1,1665.7099609375,1672.8399658203125,1663.52001953125,1666.2900390625,3275080000,1624.610480512815,1491.9464415712127,False
2073,1674,2013-05-21,1,1666.199951171875,1674.9300537109375,1662.6700439453125,1669.1600341796875,3513560000,1628.8532951477553,1493.7097609006503,False
2074,1675,2013-05-22,1,1669.3900146484375,1687.1800537109375,1648.8599853515625,1655.3499755859375,4361020000,1631.37678852282,1495.3181212457775,False
2075,1676,2013-05-23,1,1651.6199951171875,1655.5,1635.530029296875,1650.510009765625,3945510000,1633.199000069754,1496.8623191414977,False
2076,1677,2013-05-24,1,1646.6700439453125,1649.780029296875,1636.8800048828125,1649.5999755859375,2758080000,1634.760997737962,1498.3820968175617,False
2077,1678,2013-05-28,1,1652.6300048828125,1674.2099609375,1652.6300048828125,1660.06005859375,3457400000,1637.1704321051798,1499.9908327556332,False
2078,1679,2013-05-29,1,1656.5699462890625,1656.5699462890625,1640.050048828125,1648.3599853515625,3587140000,1638.2361038429303,1501.467142731712,False
2079,1680,2013-05-30,1,1649.1400146484375,1661.9100341796875,1648.6099853515625,1654.4100341796875,3498620000,1639.7764781607166,1502.9889625471149,False
2080,1681,2013-05-31,1,1652.1300048828125,1658.989990234375,1630.739990234375,1630.739990234375,4099600000,1638.9158602629698,1504.2601170514658,False
2081,1682,2013-06-03,1,1631.7099609375,1640.4200439453125,1622.719970703125,1640.4200439453125,3952070000,1639.0591158517643,1505.6149421946882,False
2082,1683,2013-06-04,1,1640.72998046875,1646.530029296875,1623.6199951171875,1631.3800048828125,3653840000,1638.3277719499592,1506.8663358532765,False
2083,1684,2013-06-05,1,1629.050048828125,1629.31005859375,1607.0899658203125,1608.9000244140625,3632350000,1635.5251293274928,1507.881596435971,False
2084,1685,2013-06-06,1,1609.2900390625,1622.56005859375,1598.22998046875,1622.56005859375,3547380000,1634.290360686184,1509.0226756614215,False
2085,1686,2013-06-07,1,1625.27001953125,1644.4000244140625,1625.27001953125,1643.3800048828125,3371990000,1635.1560410858629,1510.3595645093956,False
2086,1687,2013-06-10,1,1644.6700439453125,1648.68994140625,1639.260009765625,1642.81005859375,2978730000,1635.884995134233,1511.677479873419,False
2087,1688,2013-06-11,1,1638.6400146484375,1640.1300048828125,1622.9200439453125,1626.1300048828125,3435710000,1634.9559484436213,1512.81631096804,False
2088,1689,2013-06-12,1,1629.93994140625,1637.7099609375,1610.9200439453125,1612.52001953125,3202550000,1632.8191933091098,1513.8083876701614,False
2089,1690,2013-06-13,1,1612.1500244140625,1639.25,1608.0699462890625,1636.3599853515625,3378620000,1633.1564115988672,1515.0278065525636,False
2090,1691,2013-06-14,1,1635.52001953125,1640.800048828125,1623.9599609375,1626.72998046875,2939400000,1632.5443705388561,1516.1392709696402,False
2091,1692,2013-06-17,1,1630.6400146484375,1646.5,1630.3399658203125,1639.0400390625,3137080000,1633.163005636346,1517.3621641844945,False
2092,1693,2013-06-18,1,1639.77001953125,1654.18994140625,1639.77001953125,1651.81005859375,3120980000,1634.9389154418132,1518.6999541786165,False
2093,1694,2013-06-19,1,1651.8299560546875,1652.449951171875,1628.9100341796875,1628.9300537109375,3545060000,1634.3666428960155,1519.796771089386,False
2094,1695,2013-06-20,1,1624.6199951171875,1624.6199951171875,1584.3199462890625,1588.18994140625,4858850000,1629.9688618017522,1520.4773001472654,False
2095,1696,2013-06-21,1,1588.6199951171875,1599.18994140625,1577.699951171875,1592.4300537109375,5797280000,1626.3937372216744,1521.193247943919,False
2096,1697,2013-06-24,1,1588.77001953125,1588.77001953125,1560.3299560546875,1573.0899658203125,4733660000,1621.3171875644018,1521.7096331964206,False
2097,1698,2013-06-25,1,1577.52001953125,1593.7900390625,1577.0899658203125,1588.030029296875,3761170000,1618.1469820151135,1522.369537635231,False
2098,1699,2013-06-26,1,1592.27001953125,1606.8299560546875,1592.27001953125,1603.260009765625,3558340000,1616.7291751342098,1523.1744179549364,False
2099,1700,2013-06-27,1,1606.43994140625,1620.0699462890625,1606.43994140625,1613.199951171875,3364540000,1616.3930585663684,1524.0701944048562,False
2100,1701,2013-06-28,1,1611.1199951171875,1615.93994140625,1601.06005859375,1606.280029296875,4977190000,1615.4299129216547,1524.8882027122397,False
2101,1702,2013-07-01,1,1609.780029296875,1626.6099853515625,1609.780029296875,1614.9599609375,3104690000,1615.3851555898304,1525.7844391124913,False
2102,1703,2013-07-02,1,1614.2900390625,1624.260009765625,1606.77001953125,1614.0799560546875,3317130000,1615.2608508721978,1526.6630014701252,False
2103,1704,2013-07-03,1,1611.47998046875,1618.969970703125,1604.5699462890625,1615.4100341796875,1966050000,1615.2750588062445,1527.5460565219616,False
2104,1705,2013-07-05,1,1618.6500244140625,1632.0699462890625,1614.7099609375,1631.8900146484375,2634140000,1616.85743555312,1528.5843048615286,False
2105,1706,2013-07-08,1,1634.199951171875,1644.6800537109375,1634.199951171875,1640.4599609375,3514590000,1619.1052951135373,1529.6974954692498,False
2106,1707,2013-07-09,1,1642.8900146484375,1654.1800537109375,1642.8900146484375,1652.3199462890625,3155360000,1622.2685952254922,1530.9176193580042,False
2107,1708,2013-07-10,1,1651.56005859375,1657.9200439453125,1647.6600341796875,1652.6199951171875,3011010000,1625.159204738987,1532.128588271031,False
2108,1709,2013-07-11,1,1657.4100341796875,1676.6300048828125,1657.4100341796875,1675.02001953125,3446340000,1629.9078537668215,1533.5503935572024,False
2109,1710,2013-07-12,1,1675.260009765625,1680.18994140625,1672.3299560546875,1680.18994140625,3039070000,1634.6966240181957,1535.0094935358,False
2110,1711,2013-07-15,1,1679.5899658203125,1684.510009765625,1677.8900146484375,1682.5,2623200000,1639.2493264926532,1536.4770607642995,False
2111,1712,2013-07-16,1,1682.699951171875,1683.72998046875,1671.8399658203125,1676.260009765625,3081710000,1642.7741534710315,1537.8679358787408,False
2112,1713,2013-07-17,1,1677.9100341796875,1684.75,1677.9100341796875,1680.9100341796875,3153440000,1646.4061421099511,1539.2912403394466,False
2113,1714,2013-07-18,1,1681.050048828125,1693.1199951171875,1681.050048828125,1689.3699951171875,3452370000,1650.4979376344497,1540.7845612825088,False
2114,1715,2013-07-19,1,1686.1500244140625,1692.0899658203125,1684.0799560546875,1692.0899658203125,3302580000,1654.4590831759604,1542.2900876958204,False
2115,1716,2013-07-22,1,1694.4100341796875,1697.6099853515625,1690.6700439453125,1695.530029296875,2779130000,1658.3706018541427,1543.8148632341395,False
2116,1717,2013-07-23,1,1696.6300048828125,1698.780029296875,1691.1300048828125,1692.3900146484375,3096180000,1661.6105459297899,1545.2932229497046,False
2117,1718,2013-07-24,1,1696.06005859375,1698.3800048828125,1682.5699462890625,1685.93994140625,3336120000,1663.9276312132622,1546.6926927850932,False
2118,1719,2013-07-25,1,1685.2099609375,1690.93994140625,1680.0699462890625,1690.25,3322500000,1666.4345234786656,1548.1211237026546,False
2119,1720,2013-07-26,1,1687.31005859375,1691.8499755859375,1676.030029296875,1691.6500244140625,2762770000,1668.8359997582272,1549.5492719684396,False
2120,1721,2013-07-29,1,1690.3199462890625,1690.9200439453125,1681.8599853515625,1685.3299560546875,2840520000,1670.4068527388424,1550.9003235513874,False
2121,1722,2013-07-30,1,1687.9200439453125,1693.18994140625,1682.4200439453125,1685.9599609375,3320530000,1671.8881011387145,1552.244200540304,False
2122,1723,2013-07-31,1,1687.760009765625,1698.4300537109375,1684.93994140625,1685.72998046875,3847390000,1673.2063753606226,1553.5724172560099,False
2123,1724,2013-08-01,1,1689.4200439453125,1707.8499755859375,1689.4200439453125,1706.8699951171875,3775170000,1676.4124343850574,1555.0977662894545,False
2124,1725,2013-08-02,1,1706.0999755859375,1709.6700439453125,1700.6800537109375,1709.6700439453125,3136630000,1679.5798257717483,1556.6357989029457,False
2125,1726,2013-08-05,1,1708.010009765625,1709.239990234375,1703.550048828125,1707.1400146484375,2529300000,1682.2046056647664,1558.133353288473,False
2126,1727,2013-08-06,1,1705.7900390625,1705.7900390625,1693.2900390625,1697.3699951171875,3141210000,1683.6489284697589,1559.5187925106495,False
2127,1728,2013-08-07,1,1695.300048828125,1695.300048828125,1684.9100341796875,1690.9100341796875,3010230000,1684.340462346895,1560.8261680496448,False
2128,1729,2013-08-08,1,1693.3499755859375,1700.1800537109375,1688.3800048828125,1697.47998046875,3271660000,1685.591845025167,1562.1859074767008,False
2129,1730,2013-08-09,1,1696.0999755859375,1699.4200439453125,1686.02001953125,1691.4200439453125,2957670000,1686.1469115889904,1563.4718192823586,False
2130,1731,2013-08-12,1,1688.3699951171875,1691.489990234375,1683.3499755859375,1689.469970703125,2789160000,1686.4633934093843,1564.725532231819,False
2131,1732,2013-08-13,1,1690.6500244140625,1696.81005859375,1682.6199951171875,1694.1600341796875,3035560000,1687.1964068160798,1566.0134377238376,False
2132,1733,2013-08-14,1,1693.8800048828125,1695.52001953125,1684.8299560546875,1685.3900146484375,2871430000,1687.0243694667806,1567.2012643599032,False
2133,1734,2013-08-15,1,1679.6099853515625,1679.6099853515625,1658.5899658203125,1661.3199462890625,3426690000,1684.5763291641408,1568.137768657706,False
2134,1735,2013-08-16,1,1661.219970703125,1663.5999755859375,1652.6099853515625,1655.8299560546875,3211450000,1681.8385793441928,1569.010327736283,False
2135,1736,2013-08-19,1,1655.25,1659.1800537109375,1645.8399658203125,1646.06005859375,2904530000,1678.431101177484,1569.7769917249148,False
2136,1737,2013-08-20,1,1646.81005859375,1658.9200439453125,1646.0799560546875,1652.3499755859375,2994090000,1675.9471844544796,1570.5986134548752,False
2137,1738,2013-08-21,1,1650.6600341796875,1656.989990234375,1639.4300537109375,1642.800048828125,2932180000,1672.790314394827,1571.3170356973953,False
2138,1739,2013-08-22,1,1645.030029296875,1659.550048828125,1645.030029296875,1656.9599609375,2537460000,1671.2826616846053,1572.169204107745,False
2139,1740,2013-08-23,1,1659.9200439453125,1664.8499755859375,1654.81005859375,1663.5,2582670000,1670.541455809881,1573.0779682459763,False
2140,1741,2013-08-26,1,1664.2900390625,1669.510009765625,1656.02001953125,1656.780029296875,2430670000,1669.2308437610234,1573.910824574841,False
2141,1742,2013-08-27,1,1652.5400390625,1652.5400390625,1629.050048828125,1630.47998046875,3219190000,1665.5402853522355,1574.4737017479147,False
2142,1743,2013-08-28,1,1630.25,1641.1800537109375,1627.469970703125,1634.9599609375,2784010000,1662.627873503213,1575.0755550731844,False
2143,1744,2013-08-29,1,1633.5,1646.4100341796875,1630.8800048828125,1638.1700439453125,2527550000,1660.2985564024607,1575.7033609326086,False
2144,1745,2013-08-30,1,1638.8900146484375,1640.0799560546875,1628.050048828125,1632.969970703125,2734300000,1657.6958339549049,1576.2731779452506,False
2145,1746,2013-09-03,1,1635.949951171875,1651.3499755859375,1633.4100341796875,1639.77001953125,3731610000,1655.9886135336046,1576.9049873142658,False
2146,1747,2013-09-04,1,1640.719970703125,1655.719970703125,1637.4100341796875,1653.0799560546875,3312150000,1655.7115985356127,1577.6629472022303,False
2147,1748,2013-09-05,1,1653.280029296875,1659.1700439453125,1653.0699462890625,1655.0799560546875,2957110000,1655.651442108858,1578.4332656982747,False
2148,1749,2013-09-06,1,1657.43994140625,1664.8299560546875,1640.6199951171875,1655.1700439453125,3123880000,1655.605594664711,1579.1968157305837,False
2149,1750,2013-09-09,1,1656.8499755859375,1672.4000244140625,1656.8499755859375,1671.7099609375,3102780000,1657.1393438335479,1580.1173445386128,False
2150,1751,2013-09-10,1,1675.1099853515625,1684.0899658203125,1675.1099853515625,1683.989990234375,3691800000,1659.6965482526741,1581.1509032022523,False
2151,1752,2013-09-11,1,1681.0400390625,1689.1300048828125,1678.699951171875,1689.1300048828125,3135460000,1662.4997345984016,1582.225322124447,False
2152,1753,2013-09-12,1,1689.2099609375,1689.969970703125,1681.9599609375,1683.4200439453125,3106290000,1664.4921450123932,1583.232234779381,False
2153,1754,2013-09-13,1,1685.0400390625,1688.72998046875,1682.219970703125,1687.989990234375,2736500000,1666.7300350335343,1584.2746005053014,False
2154,1755,2013-09-16,1,1691.699951171875,1704.949951171875,1691.699951171875,1697.5999755859375,3079800000,1669.6700293718584,1585.4022161777457,False
2155,1756,2013-09-17,1,1697.72998046875,1705.52001953125,1697.72998046875,1704.760009765625,2774240000,1673.011932266503,1586.5898559149384,False
2156,1757,2013-09-18,1,1705.739990234375,1729.43994140625,1700.3499755859375,1725.52001953125,3989760000,1678.0127024821932,1587.972245602663,False
2157,1758,2013-09-19,1,1727.3399658203125,1729.8599853515625,1720.199951171875,1722.3399658203125,3740130000,1682.2343466096331,1589.3092378436347,False
2158,1759,2013-09-20,1,1722.43994140625,1725.22998046875,1708.8900146484375,1709.9100341796875,5074030000,1684.8701263782098,1590.5092457673766,False
2159,1760,2013-09-23,1,1711.43994140625,1711.43994140625,1697.0999755859375,1701.8399658203125,3126950000,1686.486301563172,1591.6170141261123,False
2160,1761,2013-09-24,1,1702.5999755859375,1707.6300048828125,1694.9000244140625,1697.4200439453125,3268930000,1687.527610361471,1592.669780591975,False
2161,1762,2013-09-25,1,1698.02001953125,1701.7099609375,1691.8800048828125,1692.77001953125,3148730000,1688.0268874252597,1593.6658028699778,False
2162,1763,2013-09-26,1,1694.050048828125,1703.8499755859375,1693.1099853515625,1698.6700439453125,2813930000,1689.0405213795505,1594.7106211891355,False
2163,1764,2013-09-27,1,1695.52001953125,1695.52001953125,1687.1099853515625,1691.75,2951700000,1689.2985669624504,1595.6761871474525,False
2164,1765,2013-09-30,1,1687.260009765625,1687.260009765625,1674.989990234375,1681.550048828125,3308630000,1688.5606128544196,1596.5306534328327,False
2165,1766,2013-10-01,1,1682.4100341796875,1696.550048828125,1682.0699462890625,1695.0,3238690000,1689.1738878206652,1597.5104479260385,False
2166,1767,2013-10-02,1,1691.9000244140625,1693.8699951171875,1680.3399658203125,1693.8699951171875,3148600000,1689.6211361346197,1598.469249390627,False
2167,1768,2013-10-03,1,1692.3499755859375,1692.3499755859375,1670.3599853515625,1678.6600341796875,3279650000,1688.5772216627213,1599.2671676472348,False
2168,1769,2013-10-04,1,1678.7900390625,1691.93994140625,1677.3299560546875,1690.5,2880270000,1688.7603434091288,1600.1749570238794,False
2169,1770,2013-10-07,1,1687.1500244140625,1687.1500244140625,1674.699951171875,1676.1199951171875,2678490000,1687.5565007146581,1600.9306290447084,False
2170,1771,2013-10-08,1,1676.219970703125,1676.7900390625,1655.030029296875,1655.449951171875,3569230000,1684.4987340915359,1601.4731098618943,False
2171,1772,2013-10-09,1,1656.989990234375,1662.469970703125,1646.469970703125,1656.4000244140625,3577840000,1681.8226665032053,1602.0196463251,False
2172,1773,2013-10-10,1,1660.8800048828125,1692.56005859375,1660.8800048828125,1692.56005859375,3362300000,1682.8452752737335,1602.9205459496638,False
2173,1774,2013-10-11,1,1691.0899658203125,1703.43994140625,1688.52001953125,1703.199951171875,2944670000,1684.7838158354612,1603.9183509767506,False
2174,1775,2013-10-14,1,1699.8599853515625,1711.030029296875,1692.1300048828125,1710.1400146484375,2580580000,1687.1986919128874,1604.9752829535835,False
2175,1776,2013-10-15,1,1709.1700439453125,1711.5699462890625,1695.9300537109375,1698.06005859375,3327740000,1688.2331077872552,1605.90149962662,False
2176,1777,2013-10-16,1,1700.489990234375,1721.760009765625,1700.489990234375,1721.5400390625,3486180000,1691.4051964801356,1607.052131859813,False
2177,1778,2013-10-17,1,1720.1700439453125,1733.449951171875,1714.1199951171875,1733.1500244140625,3453590000,1695.3808943786048,1608.3068372583627,False
2178,1779,2013-10-18,1,1736.719970703125,1745.31005859375,1735.739990234375,1744.5,3664890000,1700.0589044377853,1609.6619931065384,False
2179,1780,2013-10-21,1,1745.199951171875,1747.7900390625,1740.6700439453125,1744.6600341796875,3052710000,1704.3066310798713,1611.0052571968185,False
2180,1781,2013-10-22,1,1746.47998046875,1759.3299560546875,1746.47998046875,1754.6700439453125,3850840000,1709.1031465908657,1612.4347575624754,False
2181,1782,2013-10-23,1,1752.27001953125,1752.27001953125,1740.5,1746.3800048828125,3713380000,1712.6533235710513,1613.767546093026,False
2182,1783,2013-10-24,1,1747.47998046875,1753.93994140625,1745.5,1752.0699462890625,3671700000,1716.4072876394332,1615.143689378559,False
2183,1784,2013-10-25,1,1756.010009765625,1759.8199462890625,1752.449951171875,1759.77001953125,3175720000,1720.53707162913,1616.5827573402773,False
2184,1785,2013-10-28,1,1759.4200439453125,1764.989990234375,1757.6700439453125,1762.1099853515625,3282300000,1724.4963967455521,1618.0307894597927,False
2185,1786,2013-10-29,1,1762.9300537109375,1772.0899658203125,1762.9300537109375,1771.949951171875,3358460000,1729.0157828813924,1619.5623234071768,False
2186,1787,2013-10-30,1,1772.27001953125,1775.219970703125,1757.239990234375,1763.31005859375,3523040000,1732.2819043778075,1620.9926491304263,False
2187,1788,2013-10-31,1,1763.239990234375,1768.530029296875,1755.719970703125,1756.5400390625,3826530000,1734.5922029192068,1622.3413793785066,False
2188,1789,2013-11-01,1,1758.699951171875,1765.6700439453125,1752.699951171875,1761.6400146484375,3686290000,1737.1681849886572,1623.7274354508445,False
2189,1790,2013-11-04,1,1763.4000244140625,1768.780029296875,1761.56005859375,1767.9300537109375,3194870000,1740.0978867717315,1625.1622873738306,False
2190,1791,2013-11-05,1,1765.6700439453125,1767.030029296875,1755.760009765625,1762.969970703125,3516680000,1742.2761804794832,1626.5335081034755,False
2191,1792,2013-11-06,1,1765.0,1773.739990234375,1764.4000244140625,1770.489990234375,3322100000,1744.9632099799492,1627.965910910748,False
2192,1793,2013-11-07,1,1770.739990234375,1774.5400390625,1746.199951171875,1747.1500244140625,4143200000,1745.1714780212933,1629.1518224878957,False
2193,1794,2013-11-08,1,1748.3699951171875,1770.780029296875,1747.6300048828125,1770.6099853515625,3837170000,1747.5941930051285,1630.559366396987,False
2194,1795,2013-11-11,1,1769.9599609375,1773.43994140625,1767.8499755859375,1771.8900146484375,2534060000,1749.9080807806818,1631.9656415039665,False
2195,1796,2013-11-12,1,1769.510009765625,1771.780029296875,1762.2900390625,1767.68994140625,3221030000,1751.6015913164501,1633.316132050258,False
2196,1797,2013-11-13,1,1764.3699951171875,1782.0,1760.6400146484375,1782.0,3327480000,1754.4966778577407,1634.7955735223948,False
2197,1798,2013-11-14,1,1782.75,1791.530029296875,1780.219970703125,1790.6199951171875,3139060000,1757.9369937872118,1636.346065279557,False
2198,1799,2013-11-15,1,1790.6600341796875,1798.219970703125,1790.6600341796875,1798.1800537109375,3254820000,1761.7696661608998,1637.9563537216604,False
2199,1800,2013-11-18,1,1798.8199462890625,1802.3299560546875,1788.0,1791.530029296875,3168520000,1764.603986459564,1639.484449996041,False
2200,1801,2013-11-19,1,1790.7900390625,1795.510009765625,1784.719970703125,1787.8699951171875,3224450000,1766.8197968079094,1640.9609230818237,False
2201,1802,2013-11-20,1,1789.5899658203125,1795.72998046875,1777.22998046875,1781.3699951171875,3109140000,1768.2055299802216,1642.3580282762057,False
2202,1803,2013-11-21,1,1783.52001953125,1797.1600341796875,1783.52001953125,1795.8499755859375,3256630000,1770.8383343236233,1643.885311334014,False
2203,1804,2013-11-22,1,1797.2099609375,1804.8399658203125,1794.699951171875,1804.760009765625,3055140000,1774.0689700800044,1645.4860546019904,False
2204,1805,2013-11-25,1,1806.3299560546875,1808.0999755859375,1800.5799560546875,1802.47998046875,2998540000,1776.7747805932183,1647.0481832175801,False
2205,1806,2013-11-26,1,1802.8699951171875,1808.4200439453125,1800.77001953125,1802.75,3427120000,1779.2486110129119,1648.5974550263604,False
2206,1807,2013-11-27,1,1803.47998046875,1808.27001953125,1802.77001953125,1807.22998046875,2613590000,1781.9135033420393,1650.1758881153396,False
2207,1808,2013-11-29,1,1808.68994140625,1813.550048828125,1803.97998046875,1805.81005859375,1598300000,1784.1893657469643,1651.7244868265677,False
2208,1809,2013-12-02,1,1806.550048828125,1810.02001953125,1798.5999755859375,1800.9000244140625,3095430000,1785.7808570485927,1653.2088205339062,False
2209,1810,2013-12-03,1,1800.0999755859375,1800.0999755859375,1787.8499755859375,1795.1500244140625,3475680000,1786.673158702447,1654.6211708212709,False
2210,1811,2013-12-04,1,1793.1500244140625,1799.800048828125,1779.0899658203125,1792.81005859375,3610540000,1787.2576253587615,1655.9961846299523,False
2211,1812,2013-12-05,1,1792.8199462890625,1792.8199462890625,1783.3800048828125,1785.030029296875,3336880000,1787.0454733528677,1657.2801034823597,False
2212,1813,2013-12-06,1,1788.3599853515625,1806.0400390625,1788.3599853515625,1805.0899658203125,3150030000,1788.7639964450052,1658.7508483812449,False
2213,1814,2013-12-09,1,1806.2099609375,1811.52001953125,1806.2099609375,1808.3699951171875,3129500000,1790.6312344137846,1660.2395961099608,False
2214,1815,2013-12-10,1,1807.5999755859375,1808.52001953125,1801.75,1802.6199951171875,3117150000,1791.7730211474418,1661.6563164980923,False
2215,1816,2013-12-11,1,1802.760009765625,1802.969970703125,1780.0899658203125,1782.219970703125,3472240000,1790.8632068194115,1662.8559548483913,False
2216,1817,2013-12-12,1,1781.7099609375,1782.989990234375,1772.280029296875,1775.5,3306640000,1789.4000442651818,1663.9767911185568,False
2217,1818,2013-12-13,1,1777.97998046875,1780.9200439453125,1772.449951171875,1775.3199462890625,3061070000,1788.0590825531706,1665.0846832098057,False
2218,1819,2013-12-16,1,1777.47998046875,1792.219970703125,1777.47998046875,1786.5400390625,3209890000,1787.9144117445353,1666.293194213315,False
2219,1820,2013-12-17,1,1786.469970703125,1786.77001953125,1777.050048828125,1781.0,3270030000,1787.255896340294,1667.434555464924,False
2220,1821,2013-12-18,1,1781.4599609375,1811.0799560546875,1767.989990234375,1810.6500244140625,4327770000,1789.4839085377957,1668.8595850067065,False
2221,1822,2013-12-19,1,1809.0,1810.8800048828125,1801.3499755859375,1809.5999755859375,3497210000,1791.3997244471425,1670.2599869030173,False
2222,1823,2013-12-20,1,1810.3900146484375,1823.75,1810.25,1818.3199462890625,5097700000,1793.963555098754,1671.7332203297442,False
2223,1824,2013-12-23,1,1822.9200439453125,1829.75,1822.9200439453125,1827.989990234375,2851540000,1797.204167968813,1673.2880140601387,False
2224,1825,2013-12-24,1,1828.02001953125,1833.3199462890625,1828.02001953125,1833.3199462890625,1307630000,1800.6437659040748,1674.880371594755,False
2225,1826,2013-12-26,1,1834.9599609375,1842.8399658203125,1834.9599609375,1842.02001953125,1982270000,1804.5843614876153,1676.54345266875,False
2226,1827,2013-12-27,1,1842.969970703125,1844.8900146484375,1839.81005859375,1841.4000244140625,2052920000,1808.0906150996577,1678.1838165667134,False
2227,1828,2013-12-30,1,1841.469970703125,1842.469970703125,1838.77001953125,1841.0699462890625,2293860000,1811.231503784363,1679.8045740763885,False
2228,1829,2013-12-31,1,1842.6099853515625,1849.43994140625,1842.4100341796875,1848.3599853515625,2312840000,1814.7675496479058,1681.4817423477832,False
2229,1830,2014-01-02,1,1845.8599853515625,1845.8599853515625,1827.739990234375,1831.97998046875,3080600000,1816.4068287737005,1682.9792372544596,False
2230,1831,2014-01-03,1,1833.2099609375,1838.239990234375,1829.1300048828125,1831.3699951171875,2774270000,1817.831892234985,1684.4557622083178,False
2231,1832,2014-01-06,1,1832.31005859375,1837.1600341796875,1823.72998046875,1826.77001953125,3294850000,1818.6831424536767,1685.8718244702375,False
2232,1833,2014-01-07,1,1828.7099609375,1840.0999755859375,1828.7099609375,1837.8800048828125,3511750000,1820.5114150659754,1687.384343678323,False
2233,1834,2014-01-08,1,1837.9000244140625,1840.02001953125,1831.4000244140625,1837.489990234375,3652140000,1822.1284222248705,1688.8779322012688,False
2234,1835,2014-01-09,1,1839.0,1843.22998046875,1830.3800048828125,1838.1300048828125,3581150000,1823.652382478008,1690.3630274518316,False
2235,1836,2014-01-10,1,1840.06005859375,1843.1500244140625,1832.4300537109375,1842.3699951171875,3335710000,1825.435012253168,1691.8755345927805,False
2236,1837,2014-01-13,1,1841.260009765625,1843.449951171875,1815.52001953125,1819.199951171875,3591350000,1824.8411969120925,1693.142444210483,False
2237,1838,2014-01-14,1,1821.3599853515625,1839.260009765625,1821.3599853515625,1838.8800048828125,3353270000,1826.1782262426373,1694.5925691922973,False
2238,1839,2014-01-15,1,1840.52001953125,1850.8399658203125,1840.52001953125,1848.3800048828125,3777800000,1828.2926813512254,1696.1227924329992,False
2239,1840,2014-01-16,1,1847.989990234375,1847.989990234375,1840.300048828125,1845.8900146484375,3491310000,1829.9686178557217,1697.6130135495707,False
2240,1841,2014-01-17,1,1844.22998046875,1846.0400390625,1835.22998046875,1838.699951171875,3626120000,1830.800173409641,1699.0168636751657,False
2241,1842,2014-01-21,1,1841.050048828125,1849.31005859375,1832.3800048828125,1843.800048828125,3782470000,1832.03825678283,1700.4574923831553,False
2242,1843,2014-01-22,1,1844.7099609375,1846.8699951171875,1840.8800048828125,1844.8599853515625,3374170000,1833.259373789376,1701.8943331092091,False
2243,1844,2014-01-23,1,1842.2900390625,1842.2900390625,1820.06005859375,1828.4599609375,3972250000,1832.802286851102,1703.1536925900878,False
2244,1845,2014-01-24,1,1826.9599609375,1826.9599609375,1790.2900390625,1790.2900390625,4618450000,1828.7535013474258,1704.0207209131963,False
2245,1846,2014-01-27,1,1791.030029296875,1795.97998046875,1772.8800048828125,1781.56005859375,4045200000,1824.2588877518376,1704.7922566115103,False
2246,1847,2014-01-28,1,1783.0,1793.8699951171875,1779.489990234375,1792.5,3437830000,1821.2342317754722,1705.6649704760725,False
2247,1848,2014-01-29,1,1790.1500244140625,1790.1500244140625,1770.449951171875,1774.199951171875,3964020000,1816.7547764798915,1706.3469105824986,False
2248,1849,2014-01-30,1,1777.1700439453125,1798.77001953125,1777.1700439453125,1794.18994140625,3547510000,1814.605744568116,1707.2209705906953,False
2249,1850,2014-01-31,1,1790.8800048828125,1793.8800048828125,1772.260009765625,1782.5899658203125,4059690000,1811.556622782611,1707.9709108417364,False
2250,1851,2014-02-03,1,1782.6800537109375,1784.8299560546875,1739.6600341796875,1741.8900146484375,4726040000,1804.9217077222136,1708.3084143622011,False
2251,1852,2014-02-04,1,1743.8199462890625,1758.72998046875,1743.8199462890625,1755.199951171875,4068410000,1800.186302336467,1708.774996818019,False
2252,1853,2014-02-05,1,1753.3800048828125,1755.7900390625,1737.9200439453125,1751.6400146484375,3984290000,1795.5628463661783,1709.2015144083716,False
2253,1854,2014-02-06,1,1752.989990234375,1774.06005859375,1752.989990234375,1773.4300537109375,3825410000,1793.4549613513936,1709.840604351681,False
2254,1855,2014-02-07,1,1776.010009765625,1798.030029296875,1776.010009765625,1797.02001953125,3775990000,1793.7944907018561,1710.7080612191394,False
2255,1856,2014-02-10,1,1796.199951171875,1799.93994140625,1791.8299560546875,1799.8399658203125,3312160000,1794.3702502369472,1711.5949458420369,False
2256,1857,2014-02-11,1,1800.449951171875,1823.5400390625,1800.4100341796875,1819.75,3699380000,1796.7873692619999,1712.6711155351509,False
2257,1858,2014-02-12,1,1820.1199951171875,1826.550048828125,1815.969970703125,1819.260009765625,3326380000,1798.9276207385358,1713.7317015473946,False
2258,1859,2014-02-13,1,1814.8199462890625,1830.25,1809.219970703125,1829.8299560546875,3289510000,1801.870700292455,1714.886908059905,False
2259,1860,2014-02-14,1,1828.4599609375,1841.6500244140625,1825.5899658203125,1838.6300048828125,3114750000,1805.3715864439177,1716.1181826551579,False
2260,1861,2014-02-18,1,1839.030029296875,1842.8699951171875,1835.010009765625,1840.760009765625,3421110000,1808.7419124745566,1717.3583998403367,False
2261,1862,2014-02-19,1,1838.9000244140625,1847.5,1826.989990234375,1828.75,3661570000,1810.647444619837,1718.4667739712786,False
2262,1863,2014-02-20,1,1829.239990234375,1842.7900390625,1824.5799560546875,1839.780029296875,3404980000,1813.4219764938405,1719.673871039195,False
2263,1864,2014-02-21,1,1841.0699462890625,1846.1300048828125,1835.5999755859375,1836.25,3403880000,1815.5960739706175,1720.8338325213922,False
2264,1865,2014-02-24,1,1836.780029296875,1858.7099609375,1836.780029296875,1847.6099853515625,4014530000,1818.6450179116598,1722.095286778409,False
2265,1866,2014-02-25,1,1847.6600341796875,1852.9100341796875,1840.18994140625,1845.1199951171875,3515560000,1821.1664443121863,1723.3194132295412,False
2266,1867,2014-02-26,1,1845.7900390625,1852.6500244140625,1840.6600341796875,1845.1600341796875,3716730000,1823.4515481090912,1724.5317577166074,False
2267,1868,2014-02-27,1,1844.9000244140625,1854.530029296875,1841.1300048828125,1854.2900390625,3547460000,1826.388547247511,1725.8228848941785,False
2268,1869,2014-02-28,1,1855.1199951171875,1867.9200439453125,1847.6700439453125,1859.449951171875,3917450000,1829.5372523831647,1727.1525074442054,False
2269,1870,2014-03-03,1,1857.6800537109375,1857.6800537109375,1834.43994140625,1845.72998046875,3428220000,1831.0794169627443,1728.3323827976835,False
2270,1871,2014-03-04,1,1849.22998046875,1876.22998046875,1849.22998046875,1873.9100341796875,3765770000,1835.158523364358,1729.7809166422805,False
2271,1872,2014-03-05,1,1874.050048828125,1876.530029296875,1871.1099853515625,1873.81005859375,3392990000,1838.8396219576334,1731.2140424328425,False
2272,1873,2014-03-06,1,1874.1800537109375,1881.93994140625,1874.1800537109375,1877.030029296875,3360450000,1842.4768036089897,1732.6649477747733,False
2273,1874,2014-03-07,1,1878.52001953125,1883.5699462890625,1870.56005859375,1878.0400390625,3564740000,1845.8637784140858,1734.1114660960443,False
2274,1875,2014-03-10,1,1877.8599853515625,1877.8699951171875,1867.0400390625,1877.1700439453125,3021350000,1848.845327512298,1735.5349345323555,False
2275,1876,2014-03-11,1,1878.260009765625,1882.3499755859375,1863.8800048828125,1867.6300048828125,3392400000,1850.634344404728,1736.8493133418128,False
2276,1877,2014-03-12,1,1866.1500244140625,1868.3800048828125,1854.3800048828125,1868.199951171875,3270860000,1852.3072593349325,1738.1562848625101,False
2277,1878,2014-03-13,1,1869.06005859375,1874.4000244140625,1841.8599853515625,1846.3399658203125,3670990000,1851.7389456668734,1739.2327393994037,False
2278,1879,2014-03-14,1,1845.0699462890625,1852.43994140625,1839.5699462890625,1841.1300048828125,3285460000,1850.7285703541056,1740.2466425385421,False
2279,1880,2014-03-17,1,1842.81005859375,1862.300048828125,1842.81005859375,1858.8299560546875,2860490000,1851.5001308970182,1741.4265760063645,False
2280,1881,2014-03-18,1,1858.9200439453125,1873.760009765625,1858.9200439453125,1872.25,2930190000,1853.476308906826,1742.7283016182416,False
2281,1882,2014-03-19,1,1872.25,1874.1400146484375,1850.3499755859375,1860.77001953125,3289210000,1854.1709480139139,1743.9028460750876,False
2282,1883,2014-03-20,1,1860.0899658203125,1873.489990234375,1854.6300048828125,1872.010009765625,3327540000,1855.8699062759815,1745.1775442212622,False
2283,1884,2014-03-21,1,1874.530029296875,1883.969970703125,1863.4599609375,1866.52001953125,5270710000,1856.884202776483,1746.384932035292,False
2284,1885,2014-03-24,1,1867.6700439453125,1873.3399658203125,1849.68994140625,1857.43994140625,3409000000,1856.9371302650322,1747.4899570041573,False
2285,1886,2014-03-25,1,1859.47998046875,1871.8699951171875,1855.9599609375,1865.6199951171875,3200560000,1857.7640697747613,1748.6653802689636,False
2286,1887,2014-03-26,1,1867.0899658203125,1875.9200439453125,1852.56005859375,1852.56005859375,3480850000,1857.2684496622842,1749.6991581627428,False
2287,1888,2014-03-27,1,1852.1099853515625,1855.550048828125,1842.1099853515625,1849.0400390625,3733430000,1856.4847915099238,1750.6876246393574,False
2288,1889,2014-03-28,1,1850.0699462890625,1866.6300048828125,1850.0699462890625,1857.6199951171875,2955520000,1856.592906139187,1751.751628325704,False
2289,1890,2014-03-31,1,1859.1600341796875,1875.1800537109375,1859.1600341796875,1872.3399658203125,3274300000,1858.0926261088182,1752.951512280874,False
2290,1891,2014-04-01,1,1873.9599609375,1885.8399658203125,1873.9599609375,1885.52001953125,3336190000,1860.7047588157163,1754.2706019052562,False
2291,1892,2014-04-02,1,1886.6099853515625,1893.1700439453125,1883.7900390625,1890.9000244140625,3131660000,1863.5804983965113,1755.6300986466374,False
2292,1893,2014-04-03,1,1891.4300537109375,1893.800048828125,1882.6500244140625,1888.77001953125,3055600000,1865.9795004093435,1756.9548739788227,False
2293,1894,2014-04-04,1,1890.25,1897.280029296875,1863.260009765625,1865.0899658203125,3583750000,1865.8947828294358,1758.030845041922,False
2294,1895,2014-04-07,1,1863.9200439453125,1864.0400390625,1841.47998046875,1845.0400390625,3801540000,1863.9086167563942,1758.8966081665048,False
2295,1896,2014-04-08,1,1845.47998046875,1854.949951171875,1837.489990234375,1851.9599609375,3721450000,1862.7706495355471,1759.822611676664,False
2296,1897,2014-04-09,1,1852.6400146484375,1872.4300537109375,1852.3800048828125,1872.1800537109375,3308650000,1863.6667832665366,1760.9405961745179,False
2297,1898,2014-04-10,1,1872.280029296875,1872.530029296875,1830.8699951171875,1833.0799560546875,3758780000,1860.7537521035035,1761.65840075044,False
2298,1899,2014-04-11,1,1830.6500244140625,1835.0699462890625,1814.3599853515625,1815.68994140625,3743460000,1856.461960608527,1762.196028020647,False
2299,1900,2014-04-14,1,1818.1800537109375,1834.18994140625,1815.800048828125,1830.6099853515625,3111540000,1853.9998677269114,1762.8767639144871,False
2300,1901,2014-04-15,1,1831.449951171875,1844.02001953125,1816.2900390625,1842.97998046875,3736440000,1852.9503546547055,1763.6738108453753,False
2301,1902,2014-04-16,1,1846.010009765625,1862.31005859375,1846.010009765625,1862.31005859375,3155080000,1853.8417550298525,1764.6552660468517,False
2302,1903,2014-04-17,1,1861.72998046875,1869.6300048828125,1856.719970703125,1864.8499755859375,3341430000,1854.8901569875748,1765.6522283308227,False
2303,1904,2014-04-21,1,1865.7900390625,1871.8900146484375,1863.1800537109375,1871.8900146484375,2642500000,1856.509191050514,1766.709320731993,False
2304,1905,2014-04-22,1,1872.5699462890625,1884.8900146484375,1872.5699462890625,1879.550048828125,3215440000,1858.7035584579053,1767.8321140463827,False
2305,1906,2014-04-23,1,1879.3199462890625,1879.75,1873.9100341796875,1875.3900146484375,3085720000,1860.2927447617656,1768.90234191307,False
2306,1907,2014-04-24,1,1881.969970703125,1884.06005859375,1870.239990234375,1878.6099853515625,3191830000,1862.0372438655559,1769.9939602557415,False
2307,1908,2014-04-25,1,1877.719970703125,1877.719970703125,1859.699951171875,1863.4000244140625,3213020000,1862.1670324892232,1770.923373829456,False
2308,1909,2014-04-28,1,1865.0,1877.010009765625,1850.6099853515625,1869.4300537109375,4034680000,1862.858748796053,1771.9035397984262,False
2309,1910,2014-04-29,1,1870.780029296875,1880.5999755859375,1870.780029296875,1878.3299560546875,3647820000,1864.3321971063992,1772.9625091144092,False
2310,1911,2014-04-30,1,1877.0999755859375,1885.199951171875,1872.68994140625,1883.949951171875,3779230000,1866.2005546364446,1774.0668617716974,False
2311,1912,2014-05-01,1,1884.3900146484375,1888.5899658203125,1878.0400390625,1883.6800537109375,3416740000,1867.8652688340155,1775.157540298456,False
2312,1913,2014-05-02,1,1885.300048828125,1891.3299560546875,1878.5,1881.1400146484375,3159560000,1869.129530340151,1776.2120922820382,False
2313,1914,2014-05-05,1,1879.449951171875,1885.510009765625,1866.77001953125,1884.6600341796875,2733730000,1870.6086259439164,1777.2911762810197,False
2314,1915,2014-05-06,1,1883.68994140625,1883.68994140625,1867.719970703125,1867.719970703125,3327260000,1870.333515920984,1778.1909652802447,False
2315,1916,2014-05-07,1,1868.530029296875,1878.8299560546875,1859.7900390625,1878.2099609375,3632950000,1871.0836535416045,1779.1861791673816,False
2316,1917,2014-05-08,1,1877.3900146484375,1889.0699462890625,1870.050048828125,1875.6300048828125,3393420000,1871.5166393836241,1780.1458192242517,False
2317,1918,2014-05-09,1,1875.27001953125,1878.5699462890625,1867.02001953125,1878.47998046875,3025020000,1872.1798147250647,1781.1242685898687,False
2318,1919,2014-05-12,1,1880.030029296875,1897.1300048828125,1880.030029296875,1896.6500244140625,3005740000,1874.5103108859216,1782.2737785980698,False
2319,1920,2014-05-13,1,1896.75,1902.1700439453125,1896.06005859375,1897.449951171875,2915680000,1876.695038532203,1783.4198101659686,False
2320,1921,2014-05-14,1,1897.1300048828125,1897.1300048828125,1885.77001953125,1888.530029296875,2822060000,1877.8221805097905,1784.4656829931419,False
2321,1922,2014-05-15,1,1888.1600341796875,1888.1600341796875,1862.3599853515625,1870.8499755859375,3552640000,1877.1581609932332,1785.3252281930702,False
2322,1923,2014-05-16,1,1871.18994140625,1878.280029296875,1864.8199462890625,1877.8599853515625,3173650000,1877.2250014083122,1786.2459720453937,False
2323,1924,2014-05-19,1,1876.6600341796875,1886.0,1872.4200439453125,1885.0799560546875,2664250000,1877.9730923270147,1787.2293947718545,False
2324,1925,2014-05-20,1,1884.8800048828125,1884.8800048828125,1868.1400146484375,1872.8299560546875,3007700000,1877.4832698248883,1788.0811416502906,False
2325,1926,2014-05-21,1,1873.3399658203125,1888.800048828125,1873.3399658203125,1888.030029296875,2777140000,1878.4877231079345,1789.0756579452816,False
2326,1927,2014-05-22,1,1888.18994140625,1896.3299560546875,1885.3900146484375,1892.489990234375,2759800000,1879.8212723580716,1790.1046562765164,False
2327,1928,2014-05-23,1,1893.3199462890625,1901.260009765625,1893.3199462890625,1900.530029296875,2396280000,1881.793534923672,1791.2034162070672,False
2328,1929,2014-05-27,1,1902.010009765625,1912.280029296875,1902.010009765625,1911.9100341796875,2911020000,1884.6617729480545,1792.4044770824169,False
2329,1930,2014-05-28,1,1911.77001953125,1914.4599609375,1907.300048828125,1909.780029296875,2976450000,1887.0539878384184,1793.5723930248494,False
2330,1931,2014-05-29,1,1910.5999755859375,1920.030029296875,1909.8199462890625,1920.030029296875,2709050000,1890.1945632154143,1794.8306779628795,False
2331,1932,2014-05-30,1,1920.3299560546875,1924.030029296875,1916.6400146484375,1923.5699462890625,3263490000,1893.3731711271903,1796.1116657074188,False
2332,1933,2014-06-02,1,1923.8699951171875,1925.8800048828125,1915.97998046875,1924.969970703125,2509020000,1896.3823901344222,1797.3938378964308,False
2333,1934,2014-06-03,1,1923.0699462890625,1925.0699462890625,1918.7900390625,1924.239990234375,2867180000,1899.0354949058462,1798.6559886659627,False
2334,1935,2014-06-04,1,1923.06005859375,1928.6300048828125,1918.5999755859375,1927.8800048828125,2793920000,1901.7825910941287,1799.941799772598,False
2335,1936,2014-06-05,1,1928.52001953125,1941.739990234375,1922.9300537109375,1940.4599609375,3113270000,1905.4661501268308,1801.3399904309551,False
2336,1937,2014-06-06,1,1942.4100341796875,1949.43994140625,1942.4100341796875,1949.43994140625,2864300000,1909.6541302486803,1802.8136217839433,False
2337,1938,2014-06-09,1,1948.969970703125,1955.550048828125,1947.1600341796875,1951.27001953125,2812180000,1913.6175482755916,1804.2907998709813,False
2338,1939,2014-06-10,1,1950.3399658203125,1950.8599853515625,1944.6400146484375,1950.7900390625,2702360000,1917.1577854933923,1805.748503743534,False
2339,1940,2014-06-11,1,1949.3699951171875,1949.3699951171875,1940.0799560546875,1943.8900146484375,2710620000,1919.7037120795871,1807.1230461405978,False
2340,1941,2014-06-12,1,1943.3499755859375,1943.3499755859375,1925.780029296875,1930.1099853515625,3040480000,1920.6947857245373,1808.346796779513,False
2341,1942,2014-06-13,1,1930.800048828125,1937.300048828125,1927.68994140625,1936.1600341796875,2598230000,1922.1676665297898,1809.6185702859825,False
2342,1943,2014-06-16,1,1934.8399658203125,1941.1500244140625,1930.9100341796875,1937.780029296875,2926130000,1923.6545582218932,1810.893808684101,False
2343,1944,2014-06-17,1,1937.1500244140625,1943.68994140625,1933.550048828125,1941.989990234375,2971260000,1925.4007898421296,1812.1982483015167,False
2344,1945,2014-06-18,1,1942.72998046875,1957.739990234375,1939.2900390625,1956.97998046875,3065220000,1928.4083318065695,1813.638862551937,False
2345,1946,2014-06-19,1,1957.5,1959.8699951171875,1952.260009765625,1959.47998046875,2952150000,1931.367536441063,1815.0900179540945,False
2346,1947,2014-06-20,1,1960.449951171875,1963.9100341796875,1959.1700439453125,1962.8699951171875,4336240000,1934.367770600694,1816.5604654880558,False
2347,1948,2014-06-23,1,1962.9200439453125,1963.739990234375,1958.8900146484375,1962.6099853515625,2717630000,1937.057505338872,1818.013694541424,False
2348,1949,2014-06-24,1,1961.969970703125,1968.1700439453125,1948.3399658203125,1949.97998046875,3089700000,1938.2882172560032,1819.3267919138352,False
2349,1950,2014-06-25,1,1949.27001953125,1960.8299560546875,1947.489990234375,1959.530029296875,3106710000,1940.3112469741814,1820.7218490022237,False
2350,1951,2014-06-26,1,1959.8900146484375,1959.8900146484375,1944.68994140625,1957.219970703125,2778840000,1941.921601615033,1822.0800392679043,False
2351,1952,2014-06-27,1,1956.56005859375,1961.469970703125,1952.1800537109375,1960.9599609375,4290590000,1943.7347786933633,1823.4619290357612,False
2352,1953,2014-06-30,1,1960.7900390625,1964.239990234375,1958.219970703125,1960.22998046875,3037350000,1945.3057502910192,1824.8228051694227,False
2353,1954,2014-07-01,1,1962.2900390625,1978.5799560546875,1962.2900390625,1973.3199462890625,3188240000,1947.9737689574995,1826.3003886631504,False
2354,1955,2014-07-02,1,1973.06005859375,1976.6700439453125,1972.5799560546875,1974.6199951171875,2851480000,1950.5115047822317,1827.7762056427925,False
2355,1956,2014-07-03,1,1975.8800048828125,1985.5899658203125,1975.8800048828125,1985.43994140625,1998090000,1953.8380225559479,1829.3449990334739,False
2356,1957,2014-07-07,1,1984.219970703125,1984.219970703125,1974.8800048828125,1977.6500244140625,2681260000,1956.1058322567208,1830.8206709278081,False
2357,1958,2014-07-08,1,1976.3900146484375,1976.3900146484375,1959.4599609375,1963.7099609375,3302430000,1956.8300349882236,1832.142952420442,False
2358,1959,2014-07-09,1,1965.0999755859375,1974.1500244140625,1965.0999755859375,1972.8299560546875,2858800000,1958.3538369945536,1833.54282310337,False
2359,1960,2014-07-10,1,1966.6700439453125,1969.8399658203125,1952.8599853515625,1964.6800537109375,3165690000,1958.9563338246853,1834.847671169117,False
2360,1961,2014-07-11,1,1965.760009765625,1968.6700439453125,1959.6300048828125,1967.5699462890625,2684630000,1959.7766778689117,1836.1682908220519,False
2361,1962,2014-07-14,1,1969.8599853515625,1979.8499755859375,1969.8599853515625,1977.0999755859375,2744920000,1961.4265157467237,1837.5705961430856,False
2362,1963,2014-07-15,1,1977.3599853515625,1982.52001953125,1965.3399658203125,1973.280029296875,3328740000,1962.5554217991191,1838.9209387615315,False
2363,1964,2014-07-16,1,1976.3499755859375,1983.93994140625,1975.6700439453125,1981.5699462890625,3390950000,1964.3663288933994,1840.340331871258,False
2364,1965,2014-07-17,1,1979.75,1981.800048828125,1955.5899658203125,1958.1199951171875,3381680000,1963.7714399623317,1841.5122688189788,False
2365,1966,2014-07-18,1,1961.5400390625,1979.9100341796875,1960.8199462890625,1978.219970703125,3106060000,1965.1474905090738,1842.872544459617,False
2366,1967,2014-07-21,1,1976.9300537109375,1976.9300537109375,1965.77001953125,1973.6300048828125,2611160000,1965.9553490208584,1844.1736137175594,False
2367,1968,2014-07-22,1,1975.6500244140625,1986.239990234375,1975.6500244140625,1983.530029296875,2890480000,1967.6291280947648,1845.5602447183487,False
2368,1969,2014-07-23,1,1985.3199462890625,1989.22998046875,1982.43994140625,1987.010009765625,2869720000,1969.4749263491324,1846.9677050670778,False
2369,1970,2014-07-24,1,1988.0699462890625,1991.3900146484375,1985.7900390625,1987.97998046875,3203530000,1971.2373124557625,1848.370812285005,False
2370,1971,2014-07-25,1,1984.5999755859375,1984.5999755859375,1974.3699951171875,1978.3399658203125,2638960000,1971.9137556333387,1849.6640376933165,False
2371,1972,2014-07-28,1,1978.25,1981.52001953125,1967.31005859375,1978.9100341796875,2803320000,1972.580067875848,1850.9500675091012,False
2372,1973,2014-07-29,1,1980.030029296875,1984.8499755859375,1969.949951171875,1969.949951171875,3183300000,1972.3295805707078,1852.1341459535072,False
2373,1974,2014-07-30,1,1973.2099609375,1978.9000244140625,1962.4200439453125,1970.0699462890625,3448250000,1972.1143773057893,1853.3076365041097,False
2374,1975,2014-07-31,1,1965.1400146484375,1965.1400146484375,1930.6700439453125,1930.6700439453125,4193000000,1968.1672979381249,1854.0774117025296,False
2375,1976,2014-08-01,1,1929.800048828125,1937.3499755859375,1916.3699951171875,1925.1500244140625,3789660000,1964.070414745357,1854.7846018787639,False
2376,1977,2014-08-04,1,1926.6199951171875,1942.9200439453125,1921.199951171875,1938.989990234375,3072920000,1961.6818028871685,1855.6224664395163,False
2377,1978,2014-08-05,1,1936.3399658203125,1936.3399658203125,1913.77001953125,1920.2099609375,3462520000,1957.7321036538667,1856.265128076312,False
2378,1979,2014-08-06,1,1917.2900390625,1927.9100341796875,1911.449951171875,1920.239990234375,3539150000,1954.1614261853435,1856.9016938689297,False
2379,1980,2014-08-07,1,1923.030029296875,1928.8900146484375,1904.780029296875,1909.5699462890625,3230520000,1949.914618576174,1857.4257560820654,False
2380,1981,2014-08-08,1,1910.3499755859375,1932.3800048828125,1909.010009765625,1931.5899658203125,2902280000,1948.1694135518062,1858.1637084177696,False
2381,1982,2014-08-11,1,1933.4300537109375,1944.9000244140625,1933.4300537109375,1936.9200439453125,2784890000,1947.0980450178545,1858.947353547397,False
2382,1983,2014-08-12,1,1935.72998046875,1939.6500244140625,1928.2900390625,1933.75,2611700000,1945.8268026352018,1859.6916584872238,False
2383,1984,2014-08-13,1,1935.5999755859375,1948.4100341796875,1935.5999755859375,1946.719970703125,2718020000,1945.9118662607184,1860.557611842606,False
2384,1985,2014-08-14,1,1947.4100341796875,1955.22998046875,1947.4100341796875,1955.1800537109375,2609460000,1946.7945507797867,1861.499128677117,False
2385,1986,2014-08-15,1,1958.8699951171875,1964.0400390625,1941.5,1955.06005859375,3023380000,1947.5817420001642,1862.4300832036506,False
2386,1987,2014-08-18,1,1958.3599853515625,1971.989990234375,1958.3599853515625,1971.739990234375,2638160000,1949.8825275462796,1863.5177439701256,False
2387,1988,2014-08-19,1,1972.72998046875,1982.5699462890625,1972.72998046875,1981.5999755859375,2656430000,1952.9032368833898,1864.6926915483925,False
2388,1989,2014-08-20,1,1980.4599609375,1988.5699462890625,1977.6800537109375,1986.510009765625,2579560000,1956.1038819197931,1865.9048041674696,False
2389,1990,2014-08-21,1,1986.8199462890625,1994.760009765625,1986.8199462890625,1992.3699951171875,2638920000,1959.557797462402,1867.163164276422,False
2390,1991,2014-08-22,1,1992.5999755859375,1993.5400390625,1984.760009765625,1988.4000244140625,2301860000,1962.304676219703,1868.3695011932148,False
2391,1992,2014-08-25,1,1991.739990234375,2001.949951171875,1991.739990234375,1997.9200439453125,2233880000,1965.6966160030943,1869.6585613201014,False
2392,1993,2014-08-26,1,1998.5899658203125,2005.0400390625,1998.5899658203125,2000.02001953125,2451950000,1968.9655115772043,1870.9556902575257,False
2393,1994,2014-08-27,1,2000.5400390625,2002.1400146484375,1996.199951171875,2000.1199951171875,2344350000,1971.9326052476788,1872.2409072213034,False
2394,1995,2014-08-28,1,1997.4200439453125,1998.550048828125,1990.52001953125,1996.739990234375,2282400000,1974.29521334165,1873.4797040672047,False
2395,1996,2014-08-29,1,1998.449951171875,2003.3800048828125,1994.6500244140625,2003.3699951171875,2259130000,1977.0642401774155,1874.7721447741699,False
2396,1997,2014-09-02,1,2004.0699462890625,2006.1199951171875,1994.8499755859375,2002.280029296875,2819980000,1979.4657439030784,1876.0408799435502,False
2397,1998,2014-09-03,1,2003.5699462890625,2009.280029296875,1998.1400146484375,2000.719970703125,2809980000,1981.4899559792732,1877.2814679113073,False
2398,1999,2014-09-04,1,2001.6700439453125,2011.1700439453125,1992.5400390625,1997.6500244140625,3072410000,1983.0290101159198,1878.4791649909369,False
2399,2000,2014-09-05,1,1998.0,2007.7099609375,1990.0999755859375,2007.7099609375,2818300000,1985.3795768608322,1879.7650435575695,False
2400,2001,2014-09-08,1,2007.1700439453125,2007.1700439453125,1995.5999755859375,2001.5400390625,2789090000,1986.9186684990862,1880.976735055131,False
2401,2002,2014-09-09,1,2000.72998046875,2001.010009765625,1984.6099853515625,1988.43994140625,2882830000,1987.0635516331017,1882.0460206904656,False
2402,2003,2014-09-10,1,1988.4100341796875,1996.6600341796875,1982.989990234375,1995.68994140625,2912430000,1987.8851125638778,1883.1768059712197,False
2403,2004,2014-09-11,1,1992.8499755859375,1997.6500244140625,1985.9300537109375,1997.449951171875,2941690000,1988.7960495741634,1884.3138521921219,False
2404,2005,2014-09-12,1,1996.739990234375,1996.739990234375,1980.260009765625,1985.5400390625,3206570000,1988.4859533349575,1885.3210779321257,False
2405,2006,2014-09-15,1,1986.0400390625,1987.1800537109375,1978.47998046875,1984.1300048828125,2776530000,1988.07110110142,1886.3042513346202,False
2406,2007,2014-09-16,1,1981.9300537109375,2002.280029296875,1979.06005859375,1998.97998046875,3160310000,1989.1100419935465,1887.4254028682933,False
2407,2008,2014-09-17,1,1999.300048828125,2010.739990234375,1993.2900390625,2001.5699462890625,3209420000,1990.2966995455004,1888.561169469495,False
2408,2009,2014-09-18,1,2003.0699462890625,2012.3399658203125,2003.0699462890625,2011.3599853515625,3235340000,1992.3027267651253,1889.783048234491,False
2409,2010,2014-09-19,1,2012.739990234375,2019.260009765625,2006.5899658203125,2010.4000244140625,4880220000,1994.0262789221667,1890.9832171517007,False
2410,2011,2014-09-22,1,2009.0799560546875,2009.0799560546875,1991.010009765625,1994.2900390625,3349670000,1994.0513989355318,1892.0111457279277,False
2411,2012,2014-09-23,1,1992.780029296875,1995.4100341796875,1982.77001953125,1982.77001953125,3279350000,1992.9769818494096,1892.9142190991051,False
2412,2013,2014-09-24,1,1983.3399658203125,1999.7900390625,1978.6300048828125,1998.300048828125,3313850000,1993.4839406092872,1893.9628343202896,False
2413,2014,2014-09-25,1,1997.3199462890625,1997.3199462890625,1965.989990234375,1965.989990234375,3273050000,1990.8654691450097,1894.679522438838,False
2414,2015,2014-09-26,1,1966.219970703125,1986.3699951171875,1966.219970703125,1982.8499755859375,2929440000,1990.1020888060505,1895.5568403806003,False
2415,2016,2014-09-29,1,1978.9599609375,1981.280029296875,1964.0400390625,1977.800048828125,3094440000,1988.9304659510099,1896.3751807631627,False
2416,2017,2014-09-30,1,1978.2099609375,1985.1700439453125,1968.9599609375,1972.2900390625,3951100000,1987.3456633901994,1897.1305524875343,False
2417,2018,2014-10-01,1,1971.43994140625,1971.43994140625,1941.719970703125,1946.1600341796875,4188590000,1983.4232225130079,1897.6184080267597,False
2418,2019,2014-10-02,1,1945.8299560546875,1952.3199462890625,1926.030029296875,1946.1700439453125,4012510000,1979.875300744656,1898.1015088816707,False
2419,2020,2014-10-03,1,1948.1199951171875,1971.18994140625,1948.1199951171875,1967.9000244140625,3560970000,1978.7347982369804,1898.7960214740328,False
2420,2021,2014-10-06,1,1970.010009765625,1977.8399658203125,1958.4300537109375,1964.8199462890625,3358220000,1977.4095742419406,1899.4529759498043,False
2421,2022,2014-10-07,1,1962.3599853515625,1962.3599853515625,1934.8699951171875,1935.0999755859375,3687870000,1973.3800886556546,1899.8076724635969,False
2422,2023,2014-10-08,1,1935.550048828125,1970.3599853515625,1925.25,1968.8900146484375,4441890000,1972.9524625597294,1900.4950589529983,False
2423,2024,2014-10-09,1,1967.6800537109375,1967.6800537109375,1927.56005859375,1928.2099609375,4344020000,1968.6912719290408,1900.7708291219985,False
2424,2025,2014-10-10,1,1925.6300048828125,1936.97998046875,1906.050048828125,1906.1300048828125,4550540000,1962.7330560198761,1900.824154253947,False
2425,2026,2014-10-13,1,1905.6500244140625,1912.0899658203125,1874.1400146484375,1874.739990234375,4352580000,1954.3527640403045,1900.5646103333543,False
2426,2027,2014-10-14,1,1877.1099853515625,1898.7099609375,1871.7900390625,1877.699951171875,4812010000,1947.052496148073,1900.3371012869716,False
2427,2028,2014-10-15,1,1874.1800537109375,1874.1800537109375,1820.6600341796875,1862.489990234375,6090800000,1938.998924156292,1899.960513117294,False
2428,2029,2014-10-16,1,1855.949951171875,1876.010009765625,1835.02001953125,1862.760009765625,5073150000,1931.738075166705,1899.5903588550884,False
2429,2030,2014-10-17,1,1864.9100341796875,1898.1600341796875,1864.9100341796875,1886.760009765625,4482120000,1927.4544498904115,1899.4626936900193,False
2430,2031,2014-10-20,1,1885.6199951171875,1905.030029296875,1882.300048828125,1904.010009765625,3331210000,1925.2216460690033,1899.5079406161447,False
2431,2032,2014-10-21,1,1909.3800048828125,1942.449951171875,1909.3800048828125,1941.280029296875,3987090000,1926.7510159002293,1899.923583289585,False
2432,2033,2014-10-22,1,1941.2900390625,1949.31005859375,1926.8299560546875,1927.1099853515625,3761930000,1926.785203467023,1900.1940947528883,False
2433,2034,2014-10-23,1,1931.02001953125,1961.949951171875,1931.02001953125,1950.8199462890625,3789250000,1929.0742265929316,1900.6978345691687,False
2434,2035,2014-10-24,1,1951.5899658203125,1965.27001953125,1946.27001953125,1964.5799560546875,3078380000,1932.4557246369084,1901.3334775690246,False
2435,2036,2014-10-27,1,1962.969970703125,1964.6400146484375,1951.3699951171875,1961.6300048828125,3538860000,1935.2342275174706,1901.9334430149331,False
2436,2037,2014-10-28,1,1964.1400146484375,1985.050048828125,1964.1400146484375,1985.050048828125,3653260000,1939.9785914518188,1902.760473918547,False
2437,2038,2014-10-29,1,1983.2900390625,1991.4000244140625,1969.0400390625,1982.300048828125,3740350000,1944.0092064400385,1903.5519124748612,False
2438,2039,2014-10-30,1,1979.489990234375,1999.4000244140625,1974.75,1994.6500244140625,3586150000,1948.8321414851835,1904.4583613498783,False
2439,2040,2014-10-31,1,2001.199951171875,2018.18994140625,2001.199951171875,2018.050048828125,4292290000,1955.4243231368923,1905.5886268969255,False
2440,2041,2014-11-03,1,2018.2099609375,2024.4599609375,2013.6800537109375,2017.81005859375,3555440000,1961.3658217518312,1906.705258058088,False
2441,2042,2014-11-04,1,2015.81005859375,2015.97998046875,2001.010009765625,2012.0999755859375,3956260000,1966.1976459265081,1907.7539617150817,False
2442,2043,2014-11-05,1,2015.2900390625,2023.77001953125,2014.4200439453125,2023.5699462890625,3766590000,1971.6616745324657,1908.9063595715393,False
2443,2044,2014-11-06,1,2023.3299560546875,2031.6099853515625,2015.8599853515625,2031.2099609375,3669770000,1977.3329399043737,1910.123310828912,False
2444,2045,2014-11-07,1,2032.3599853515625,2034.260009765625,2025.0699462890625,2031.9200439453125,3704280000,1982.5317117177963,1911.335218621115,False
2445,2046,2014-11-10,1,2032.010009765625,2038.699951171875,2030.1700439453125,2038.260009765625,3284940000,1987.8391686747323,1912.598151866334,False
2446,2047,2014-11-11,1,2038.199951171875,2041.280029296875,2035.280029296875,2039.6800537109375,2958320000,1992.7763958210373,1913.8626484021013,False
2447,2048,2014-11-12,1,2037.75,2040.3299560546875,2031.949951171875,2038.25,3246650000,1997.107215266653,1915.1003334926277,False
2448,2049,2014-11-13,1,2039.2099609375,2046.1800537109375,2030.43994140625,2039.3299560546875,3455270000,2001.1284286750372,1916.3364491400114,False
2449,2050,2014-11-14,1,2039.739990234375,2042.219970703125,2035.199951171875,2039.8199462890625,3227130000,2004.8133351144681,1917.5651406539325,False
2450,2051,2014-11-17,1,2038.2900390625,2043.0699462890625,2034.4599609375,2041.3199462890625,3152890000,2008.2901552263343,1918.7965317547796,False
2451,2052,2014-11-18,1,2041.47998046875,2056.080078125,2041.47998046875,2051.800048828125,3416190000,2012.4339546169808,1920.1199498351114,False
2452,2053,2014-11-19,1,2051.159912109375,2052.139892578125,2040.3699951171875,2048.719970703125,3390850000,2015.889765672804,1921.399552032803,False
2453,2054,2014-11-20,1,2045.8699951171875,2053.840087890625,2040.489990234375,2052.75,3128290000,2019.400264180156,1922.7065216643175,False
2454,2055,2014-11-21,1,2057.4599609375,2071.4599609375,2056.75,2063.5,3916420000,2023.600239020141,1924.1074517970108,False
2455,2056,2014-11-24,1,2065.070068359375,2070.169921875,2065.070068359375,2069.409912109375,3128060000,2027.9630650286397,1925.5532474220095,False
2456,2057,2014-11-25,1,2070.14990234375,2074.2099609375,2064.75,2067.030029296875,3392940000,2031.683728292281,1926.9609765948937,False
2457,2058,2014-11-26,1,2067.360107421875,2073.2900390625,2066.6201171875,2072.830078125,2745260000,2035.6024282763497,1928.4124104409645,False
2458,2059,2014-11-28,1,2074.780029296875,2075.760009765625,2065.06005859375,2067.56005859375,2504640000,2038.646012116102,1929.7969641539275,False
2459,2060,2014-12-01,1,2065.780029296875,2065.780029296875,2049.570068359375,2053.43994140625,4159010000,2040.0549577627826,1931.0272425345477,False
2460,2061,2014-12-02,1,2053.77001953125,2068.77001953125,2053.77001953125,2066.550048828125,3686650000,2042.5782997690055,1932.3757281693097,False
2461,2062,2014-12-03,1,2067.449951171875,2076.280029296875,2066.64990234375,2074.330078125,3612680000,2045.6022786600527,1933.788209263396,False
2462,2063,2014-12-04,1,2073.639892578125,2077.340087890625,2062.340087890625,2071.919921875,3408340000,2048.108720871,1935.1626541650044,False
2463,2064,2014-12-05,1,2072.780029296875,2079.469970703125,2070.81005859375,2075.3701171875,3419620000,2050.7050443297144,1936.5577532995567,False
2464,2065,2014-12-08,1,2074.840087890625,2075.780029296875,2054.27001953125,2060.31005859375,3800990000,2051.619807592956,1937.7891195213895,False
2465,2066,2014-12-09,1,2056.550048828125,2060.60009765625,2034.1700439453125,2059.820068359375,3970150000,2052.4007848088054,1939.003357818285,False
2466,2067,2014-12-10,1,2058.860107421875,2058.860107421875,2024.260009765625,2026.1400146484375,4114440000,2049.8997590792465,1939.8703892295302,False
2467,2068,2014-12-11,1,2027.9200439453125,2055.530029296875,2027.9200439453125,2035.3299560546875,3917950000,2048.512158791193,1940.8202356656016,False
2468,2069,2014-12-12,1,2030.3599853515625,2032.25,2002.3299560546875,2002.3299560546875,4157650000,2044.1138537686686,1941.4322726843986,False
2469,2070,2014-12-15,1,2005.030029296875,2018.68994140625,1982.260009765625,1989.6300048828125,4361990000,2038.9249157795393,1941.9118521092587,False
2470,2071,2014-12-16,1,1986.7099609375,2016.8900146484375,1972.56005859375,1972.739990234375,4958680000,2032.6215895371427,1942.218599752295,False
2471,2072,2014-12-17,1,1973.77001953125,2016.75,1973.77001953125,2012.8900146484375,4942370000,2030.7423919286946,1942.9217979104658,False
2472,2073,2014-12-18,1,2018.97998046875,2061.22998046875,2018.97998046875,2061.22998046875,4703380000,2033.6459717896523,1944.098993756817,False
2473,2074,2014-12-19,1,2061.0400390625,2077.85009765625,2061.030029296875,2070.64990234375,6465530000,2037.1701556519474,1945.3582067775826,False
2474,2075,2014-12-22,1,2069.280029296875,2078.760009765625,2069.280029296875,2078.5400390625,3369520000,2041.1101445481904,1946.6833991386268,False
2475,2076,2014-12-23,1,2081.47998046875,2086.72998046875,2079.77001953125,2082.169921875,3043950000,2045.020599531696,1948.0315237429688,False
2476,2077,2014-12-24,1,2083.25,2087.56005859375,2081.860107421875,2081.8798828125,1416980000,2048.531007463201,1949.3633482113225,False
2477,2078,2014-12-26,1,2084.300048828125,2092.699951171875,2084.300048828125,2088.77001953125,1735230000,2052.363294326825,1950.7504792692323,False
2478,2079,2014-12-29,1,2087.6298828125,2093.550048828125,2085.75,2090.570068359375,2452360000,2056.002034710877,1952.1417189616716,False
2479,2080,2014-12-30,1,2088.489990234375,2088.489990234375,2079.530029296875,2080.35009765625,2440280000,2058.320897848532,1953.4174242223141,False
2480,2081,2014-12-31,1,2082.110107421875,2085.580078125,2057.93994140625,2058.89990234375,2606070000,2058.3760411337907,1954.4670011190449,False
2481,2082,2015-01-02,1,2058.89990234375,2072.360107421875,2046.0400390625,2058.199951171875,2708700000,2058.359270661227,1955.499169776287,False
2482,2083,2015-01-05,1,2054.43994140625,2054.43994140625,2017.3399658203125,2020.5799560546875,3799120000,2054.7612406986996,1956.1467397890076,False
2483,2084,2015-01-06,1,2022.1500244140625,2030.25,1992.43994140625,2002.6099853515625,4460110000,2049.7944544751626,1956.6090606403764,False
2484,2085,2015-01-07,1,2005.550048828125,2029.6099853515625,2005.550048828125,2025.9000244140625,3805480000,2047.5187944693437,1957.2985229664828,False
2485,2086,2015-01-08,1,2030.6099853515625,2064.080078125,2030.6099853515625,2062.139892578125,3934010000,2048.911280003513,1958.3417206740614,False
2486,2087,2015-01-09,1,2063.449951171875,2064.429931640625,2038.3299560546875,2044.81005859375,3364140000,2048.5206874882974,1959.2021021458993,False
2487,2088,2015-01-12,1,2046.1300048828125,2049.300048828125,2022.5799560546875,2028.260009765625,3456460000,2046.5910991337573,1959.8892455052996,False
2488,2089,2015-01-13,1,2031.5799560546875,2056.929931640625,2008.25,2023.030029296875,4107300000,2044.3471877207207,1960.5175120106885,False
2489,2090,2015-01-14,1,2018.4000244140625,2018.4000244140625,1988.43994140625,2011.27001953125,4378680000,2041.1969812264854,1961.02251208552,False
2490,2091,2015-01-15,1,2013.75,2021.3499755859375,1991.469970703125,1992.6700439453125,4276720000,2036.575368152088,1961.3374129000454,False
2491,2092,2015-01-16,1,1992.25,2020.4599609375,1988.1199951171875,2019.4200439453125,4056410000,2034.9415277514427,1961.9153495273615,False
2492,2093,2015-01-20,1,2020.760009765625,2028.93994140625,2004.489990234375,2022.550048828125,3944340000,2033.761386901603,1962.5186798686627,False
2493,2094,2015-01-21,1,2020.18994140625,2038.2900390625,2012.0400390625,2032.1199951171875,3730070000,2033.6050638745157,1963.2112302691455,False
2494,2095,2015-01-22,1,2034.300048828125,2064.6201171875,2026.3800048828125,2063.14990234375,4176050000,2036.4188580144428,1964.2056449166541,False
2495,2096,2015-01-23,1,2062.97998046875,2062.97998046875,2050.5400390625,2051.820068359375,3573560000,2037.8856399520553,1965.077430224542,False
2496,2097,2015-01-26,1,2050.419921875,2057.6201171875,2040.969970703125,2057.090087890625,3465760000,2039.714634993824,1965.9929790570404,False
2497,2098,2015-01-27,1,2047.8599853515625,2047.8599853515625,2019.9100341796875,2029.550048828125,3329810000,2038.7465791685192,1966.6253877114793,False
2498,2099,2015-01-28,1,2032.3399658203125,2042.489990234375,2001.489990234375,2002.1600341796875,4067530000,2035.26214631244,1966.9789662833025,False
2499,2100,2015-01-29,1,2002.449951171875,2024.6400146484375,1989.1800537109375,2021.25,4127140000,2033.9276561874458,1967.518976569041,False
2500,2101,2015-01-30,1,2019.3499755859375,2023.3199462890625,1993.3800048828125,1994.989990234375,4568650000,2030.219307049058,1967.7923199885965,False
2501,2102,2015-02-02,1,1996.6700439453125,2021.6600341796875,1980.9000244140625,2020.8499755859375,4008330000,2029.326989766856,1968.3202568602119,False
2502,2103,2015-02-03,1,2022.7099609375,2050.300048828125,2022.7099609375,2050.030029296875,4615900000,2031.2987078173342,1969.1332894217708,False
2503,2104,2015-02-04,1,2048.860107421875,2054.739990234375,2036.719970703125,2041.510009765625,4141920000,2032.2712127647903,1969.8534557933515,False
2504,2105,2015-02-05,1,2043.449951171875,2063.550048828125,2043.449951171875,2062.52001953125,3821990000,2035.152051504453,1970.7755111539277,False
2505,2106,2015-02-06,1,2062.280029296875,2072.39990234375,2049.969970703125,2055.469970703125,4232970000,2037.087091428136,1971.618242094716,False
2506,2107,2015-02-09,1,2053.469970703125,2056.159912109375,2041.8800048828125,2046.739990234375,3549540000,2038.0064151239685,1972.3657221757078,False
2507,2108,2015-02-10,1,2049.3798828125,2070.860107421875,2048.6201171875,2068.590087890625,3669850000,2040.91914586365,1973.3231785509806,False
2508,2109,2015-02-11,1,2068.550048828125,2073.47998046875,2057.989990234375,2068.530029296875,3596860000,2043.5487538096716,1974.2705103991987,False
2509,2110,2015-02-12,1,2069.97998046875,2088.530029296875,2069.97998046875,2088.47998046875,3788350000,2047.8279182533934,1975.4069230367068,False
2510,2111,2015-02-13,1,2088.780029296875,2097.030029296875,2086.699951171875,2096.989990234375,3527450000,2052.51002034682,1976.6167047998679,False
2511,2112,2015-02-17,1,2096.469970703125,2101.300048828125,2089.800048828125,2100.340087890625,3361750000,2057.0652648748014,1977.847783238582,False
2512,2113,2015-02-18,1,2099.159912109375,2100.22998046875,2092.14990234375,2099.679931640625,3370020000,2061.1238045667847,1979.060043421687,False
2513,2114,2015-02-19,1,2099.25,2102.1298828125,2090.7900390625,2097.449951171875,3247100000,2064.583437576793,1980.2380524540272,False
2514,2115,2015-02-20,1,2097.64990234375,2110.610107421875,2085.43994140625,2110.300048828125,3281600000,2068.9374005531104,1981.53220167168,False
2515,2116,2015-02-23,1,2109.830078125,2110.050048828125,2103.0,2109.659912109375,3093680000,2072.8157349870403,1982.8071042631,False
2516,2117,2015-02-24,1,2109.10009765625,2117.93994140625,2105.8701171875,2115.47998046875,3199840000,2076.878996461489,1984.1272323845492,False
2517,2118,2015-02-25,1,2115.300048828125,2119.590087890625,2109.889892578125,2113.860107421875,3312340000,2080.4010070291447,1985.4181067630302,False
2518,2119,2015-02-26,1,2113.909912109375,2113.909912109375,2103.760009765625,2110.739990234375,3408690000,2083.2904340010714,1986.665090678168,False
2519,2120,2015-02-27,1,2110.8798828125,2112.739990234375,2103.75,2104.5,3547380000,2085.310392667636,1987.837577338087,False
2520,2121,2015-03-02,1,2105.22998046875,2117.52001953125,2104.5,2117.389892578125,3409490000,2088.365583135301,1989.1266551016695,False
2521,2122,2015-03-03,1,2115.760009765625,2115.760009765625,2098.260009765625,2107.780029296875,3262300000,2090.214578007832,1990.3072856906767,False
2522,2123,2015-03-04,1,2107.719970703125,2107.719970703125,2094.489990234375,2098.530029296875,3421110000,2091.006525749646,1991.384128910639,False
2523,2124,2015-03-05,1,2098.5400390625,2104.25,2095.219970703125,2101.0400390625,3103030000,2091.962098446108,1992.4752324942397,False
2524,2125,2015-03-06,1,2100.909912109375,2100.909912109375,2067.27001953125,2071.260009765625,3853570000,2089.9904709527286,1993.2591606262934,False
2525,2126,2015-03-09,1,2072.25,2083.489990234375,2072.2099609375,2079.429931640625,3349090000,2088.9847053039566,1994.1165812334013,False
2526,2127,2015-03-10,1,2076.139892578125,2076.139892578125,2044.1600341796875,2044.1600341796875,3668900000,2084.715689006407,1994.614526038837,False
2527,2128,2015-03-11,1,2044.68994140625,2050.080078125,2039.68994140625,2040.239990234375,3406570000,2080.4799081709752,1995.0685107572008,False
2528,2129,2015-03-12,1,2041.0999755859375,2066.409912109375,2041.0999755859375,2065.949951171875,3405860000,2079.0961027424896,1995.773798721526,False
2529,2130,2015-03-13,1,2064.56005859375,2064.56005859375,2041.1700439453125,2053.39990234375,3498560000,2076.6488455616573,1996.3471927874186,False
2530,2131,2015-03-16,1,2055.35009765625,2081.409912109375,2055.35009765625,2081.18994140625,3295600000,2077.08133088019,1997.1913992413374,False
2531,2132,2015-03-17,1,2080.590087890625,2080.590087890625,2065.080078125,2074.280029296875,3221840000,2076.8145402532073,1997.9584502866662,False
2532,2133,2015-03-18,1,2072.840087890625,2106.85009765625,2061.22998046875,2099.5,4128210000,2078.9750602290924,1998.9688139654058,False
2533,2134,2015-03-19,1,2098.68994140625,2098.68994140625,2085.56005859375,2089.27001953125,3305220000,2079.9555325435836,1999.8673334237726,False
2534,2135,2015-03-20,1,2090.320068359375,2113.919921875,2090.320068359375,2108.10009765625,5554120000,2082.6359673162183,2000.9442763514592,False
2535,2136,2015-03-23,1,2107.989990234375,2114.860107421875,2104.419921875,2104.419921875,3267960000,2084.71062965515,2001.9738847646288,False
2536,2137,2015-03-24,1,2103.93994140625,2107.6298828125,2091.5,2091.5,3189820000,2085.3572363546596,2002.8646918813988,False
2537,2138,2015-03-25,1,2093.10009765625,2097.429931640625,2061.050048828125,2061.050048828125,3521140000,2083.0422661140374,2003.4436506569882,False
2538,2139,2015-03-26,1,2059.93994140625,2067.14990234375,2045.5,2056.14990234375,3510670000,2080.4810886121054,2003.9680909722795,False
2539,2140,2015-03-27,1,2055.780029296875,2062.830078125,2052.9599609375,2061.02001953125,3008550000,2078.6276534615477,2004.5357718534635,False
2540,2141,2015-03-30,1,2064.110107421875,2088.969970703125,2064.110107421875,2086.239990234375,2917690000,2079.3526379161026,2005.348749150786,False
2541,2142,2015-03-31,1,2084.050048828125,2084.050048828125,2067.0400390625,2067.889892578125,3376550000,2078.260947883914,2005.9710490853865,False
2542,2143,2015-04-01,1,2067.6298828125,2067.6298828125,2048.3798828125,2059.68994140625,3543270000,2076.492280600327,2006.5055654268876,False
2543,2144,2015-04-02,1,2060.030029296875,2072.169921875,2057.320068359375,2066.9599609375,3095960000,2075.5844406324386,2007.1071017006252,False
2544,2145,2015-04-06,1,2064.8701171875,2086.989990234375,2056.52001953125,2080.6201171875,3302970000,2076.0640288757777,2007.8385744915395,False
2545,2146,2015-04-07,1,2080.7900390625,2089.81005859375,2076.10009765625,2076.330078125,3065510000,2076.089366899513,2008.52008199038,False
2546,2147,2015-04-08,1,2076.93994140625,2086.68994140625,2073.300048828125,2081.89990234375,3265330000,2076.642751227536,2009.2502294565827,False
2547,2148,2015-04-09,1,2081.2900390625,2093.31005859375,2074.2900390625,2091.179931640625,3172360000,2078.027244600211,2010.065450373837,False
2548,2149,2015-04-10,1,2091.510009765625,2102.610107421875,2091.510009765625,2102.06005859375,3156200000,2080.316084028167,2010.980819609856,False
2549,2150,2015-04-13,1,2102.030029296875,2107.64990234375,2092.330078125,2092.429931640625,2908420000,2081.469783800782,2011.7912585355355,False
2550,2151,2015-04-14,1,2092.280029296875,2098.6201171875,2083.239990234375,2095.840087890625,3301270000,2082.838384190291,2012.6275652952877,False
2551,2152,2015-04-15,1,2097.820068359375,2111.909912109375,2097.820068359375,2106.6298828125,4013760000,2085.10424120193,2013.5629117382452,False
2552,2153,2015-04-16,1,2105.9599609375,2111.300048828125,2100.02001953125,2104.989990234375,3434120000,2086.998122062163,2014.4726339123363,False
2553,2154,2015-04-17,1,2102.580078125,2102.580078125,2072.3701171875,2081.179931640625,3627600000,2086.4440086886834,2015.136388118588,False
2554,2155,2015-04-20,1,2084.110107421875,2103.93994140625,2084.110107421875,2100.39990234375,3000160000,2087.7731414177374,2015.9847812949579,False
2555,2156,2015-04-21,1,2102.820068359375,2109.639892578125,2094.3798828125,2097.2900390625,3243410000,2088.6795126220004,2016.7937888349334,False
2556,2157,2015-04-22,1,2098.27001953125,2109.97998046875,2091.050048828125,2107.9599609375,3348480000,2090.5157457949053,2017.7009149255064,False
2557,2158,2015-04-23,1,2107.2099609375,2120.489990234375,2103.18994140625,2112.929931640625,3636670000,2092.6504301611644,2018.648467330632,False
2558,2159,2015-04-24,1,2112.800048828125,2120.919921875,2112.800048828125,2117.68994140625,3375780000,2095.0351455178393,2019.6339546348672,False
2559,2160,2015-04-27,1,2119.2900390625,2125.919921875,2107.0400390625,2108.919921875,3438750000,2096.357505170902,2020.5223722193462,False
2560,2161,2015-04-28,1,2108.35009765625,2116.0400390625,2094.889892578125,2114.760009765625,3546270000,2098.110124656114,2021.4600601551301,False
2561,2162,2015-04-29,1,2112.489990234375,2113.64990234375,2097.409912109375,2106.85009765625,4074970000,2098.9425030370794,2022.3097122695692,False
2562,2163,2015-04-30,1,2105.52001953125,2105.52001953125,2077.590087890625,2085.510009765625,4509680000,2097.6632179636076,2022.9385709511223,False
2563,2164,2015-05-01,1,2087.3798828125,2108.409912109375,2087.3798828125,2108.2900390625,3379390000,2098.675296163502,2023.787839290539,False
2564,2165,2015-05-04,1,2110.22998046875,2120.949951171875,2110.22998046875,2114.489990234375,3091580000,2100.181457503585,2024.6903482551543,False
2565,2166,2015-05-05,1,2112.6298828125,2115.239990234375,2088.4599609375,2089.4599609375,3793950000,2099.1603625925295,2025.3348220131877,False
2566,2167,2015-05-06,1,2091.260009765625,2098.419921875,2067.929931640625,2080.14990234375,3792210000,2097.3498425688363,2025.880245698069,False
2567,2168,2015-05-07,1,2079.9599609375,2092.89990234375,2074.989990234375,2088.0,3676640000,2096.4593813718043,2026.4983527060488,False
2568,2169,2015-05-08,1,2092.1298828125,2117.659912109375,2092.1298828125,2116.10009765625,3399440000,2098.3299257798467,2027.3899123572946,False
2569,2170,2015-05-11,1,2115.56005859375,2117.68994140625,2104.580078125,2105.330078125,2992670000,2098.9966069555758,2028.1654363947844,False
2570,2171,2015-05-12,1,2102.8701171875,2105.06005859375,2085.570068359375,2099.1201171875,3139520000,2099.0083698348067,2028.8714531190901,False
2571,2172,2015-05-13,1,2099.6201171875,2110.18994140625,2096.0400390625,2098.47998046875,3374260000,2098.9580470380397,2029.5640752817735,False
2572,2173,2015-05-14,1,2100.429931640625,2121.449951171875,2100.429931640625,2121.10009765625,3225740000,2101.0668137635835,2030.4748814745544,False
2573,2174,2015-05-15,1,2122.070068359375,2123.889892578125,2116.81005859375,2122.72998046875,3092080000,2103.1299724974087,2031.3928426585762,False
2574,2175,2015-05-18,1,2121.300048828125,2131.780029296875,2120.010009765625,2129.199951171875,2888190000,2105.6128276092627,2032.36604771841,False
2575,2176,2015-05-19,1,2129.449951171875,2133.02001953125,2124.5,2127.830078125,3296030000,2107.7287562298093,2033.315938568227,False
2576,2177,2015-05-20,1,2127.7900390625,2134.719970703125,2122.590087890625,2125.85009765625,3025880000,2109.4545982704226,2034.2366764696003,False
2577,2178,2015-05-21,1,2125.550048828125,2134.280029296875,2122.949951171875,2130.820068359375,3070460000,2111.489404945561,2035.197705244623,False
2578,2179,2015-05-22,1,2130.360107421875,2132.14990234375,2126.06005859375,2126.06005859375,2571860000,2112.8770862453885,2036.1018082630223,False
2579,2180,2015-05-26,1,2125.340087890625,2125.340087890625,2099.179931640625,2104.199951171875,3342130000,2112.0506924288634,2036.779401724802,False
2580,2181,2015-05-27,1,2105.1298828125,2126.219970703125,2105.1298828125,2123.47998046875,3127960000,2113.13919605171,2037.6420940506125,False
2581,2182,2015-05-28,1,2122.27001953125,2122.27001953125,2112.860107421875,2120.7900390625,2980350000,2113.8678477670232,2038.4694367870493,False
2582,2183,2015-05-29,1,2120.659912109375,2120.659912109375,2104.889892578125,2107.389892578125,3927390000,2113.250899653795,2039.1552124665625,False
2583,2184,2015-06-01,1,2108.639892578125,2119.14990234375,2102.5400390625,2111.72998046875,3011710000,2113.1060502076,2039.8773494616091,False
2584,2185,2015-06-02,1,2110.409912109375,2117.590087890625,2099.139892578125,2109.60009765625,3049350000,2112.7721499646145,2040.571108150113,False
2585,2186,2015-06-03,1,2110.639892578125,2121.919921875,2109.610107421875,2114.070068359375,3099980000,2112.895761240306,2041.302441087519,False
2586,2187,2015-06-04,1,2112.35009765625,2112.889892578125,2093.22998046875,2095.840087890625,3200050000,2111.2714113974794,2041.8451042397887,False
2587,2188,2015-06-05,1,2095.090087890625,2100.989990234375,2085.669921875,2092.830078125,3243690000,2109.5150939429577,2042.352417412776,False
2588,2189,2015-06-08,1,2092.340087890625,2093.010009765625,2079.110107421875,2079.280029296875,2917150000,2106.6355639766643,2042.7198563369961,False
2589,2190,2015-06-09,1,2079.070068359375,2085.6201171875,2072.139892578125,2080.14990234375,3034580000,2104.1131200116247,2043.09229460572,False
2590,2191,2015-06-10,1,2081.1201171875,2108.5,2081.1201171875,2105.199951171875,3414320000,2104.2166277411725,2043.7102812382193,False
2591,2192,2015-06-11,1,2106.239990234375,2115.02001953125,2106.239990234375,2108.860107421875,3128600000,2104.6588639012393,2044.3585382151712,False
2592,2193,2015-06-12,1,2107.429931640625,2107.429931640625,2091.330078125,2094.110107421875,2719400000,2103.654220427014,2044.8535787047902,False
2593,2194,2015-06-15,1,2091.340087890625,2091.340087890625,2072.489990234375,2084.429931640625,3061570000,2101.823335780691,2045.2473732613657,False
2594,2195,2015-06-16,1,2084.260009765625,2097.39990234375,2082.10009765625,2096.2900390625,2919900000,2101.2963551408634,2045.7552604832676,False
2595,2196,2015-06-17,1,2097.39990234375,2106.7900390625,2088.860107421875,2100.43994140625,3222240000,2101.2147919280433,2046.299386661606,False
2596,2197,2015-06-18,1,2101.580078125,2126.64990234375,2101.580078125,2121.239990234375,3520360000,2103.1219536715034,2047.0450643090962,False
2597,2198,2015-06-19,1,2121.06005859375,2121.639892578125,2109.449951171875,2109.989990234375,4449810000,2103.776052391777,2047.6713819799945,False
2598,2199,2015-06-22,1,2112.5,2129.8701171875,2112.5,2122.85009765625,3030020000,2105.5926281312504,2048.4194289021466,False
2599,2200,2015-06-23,1,2123.159912109375,2128.030029296875,2119.889892578125,2124.199951171875,3091190000,2107.3647541351197,2049.1734639496067,False
2600,2201,2015-06-24,1,2123.64990234375,2125.10009765625,2108.580078125,2108.580078125,3102480000,2107.480499277013,2049.7645745384166,False
2601,2202,2015-06-25,1,2109.9599609375,2116.0400390625,2101.780029296875,2102.31005859375,3214610000,2106.9880763547976,2050.2874151757833,False
2602,2203,2015-06-26,1,2102.6201171875,2108.919921875,2095.3798828125,2101.489990234375,5025470000,2106.4644491052336,2050.7968935345752,False
2603,2204,2015-06-29,1,2098.6298828125,2098.6298828125,2056.639892578125,2057.639892578125,3678960000,2101.8144913407473,2050.8649830772974,False
2604,2205,2015-06-30,1,2061.18994140625,2074.280029296875,2056.320068359375,2063.110107421875,4078540000,2098.12835953895,2050.986825110577,False
2605,2206,2015-07-01,1,2067.0,2082.780029296875,2067.0,2077.419921875,3727260000,2096.1561273804787,2051.24984099878,False
2606,2207,2015-07-02,1,2078.030029296875,2085.06005859375,2071.02001953125,2076.780029296875,2996540000,2094.31078470585,2051.5038727231395,False
2607,2208,2015-07-06,1,2073.949951171875,2078.610107421875,2058.39990234375,2068.760009765625,3486360000,2091.877377568686,2051.6755755792838,False
2608,2209,2015-07-07,1,2069.52001953125,2083.739990234375,2044.02001953125,2081.340087890625,4458660000,2090.8738261707754,2051.9707448560134,False
2609,2210,2015-07-08,1,2077.659912109375,2077.659912109375,2044.6600341796875,2046.6800537109375,3608780000,2086.6648954603147,2051.9181011630276,False
2610,2211,2015-07-09,1,2049.72998046875,2074.280029296875,2049.72998046875,2051.31005859375,3446810000,2083.2977681396897,2051.912050988209,False
2611,2212,2015-07-10,1,2052.739990234375,2081.31005859375,2052.739990234375,2076.6201171875,3065070000,2082.661801382338,2052.157902393177,False
2612,2213,2015-07-13,1,2080.030029296875,2100.669921875,2080.030029296875,2099.60009765625,3096730000,2084.274972456044,2052.629964037586,False
2613,2214,2015-07-14,1,2099.719970703125,2111.97998046875,2098.179931640625,2108.949951171875,3002120000,2086.6249704289803,2053.190361919519,False
2614,2215,2015-07-15,1,2109.010009765625,2114.139892578125,2102.489990234375,2107.39990234375,3261810000,2088.603535373244,2053.7297603317006,False
2615,2216,2015-07-16,1,2110.550048828125,2124.419921875,2110.550048828125,2124.2900390625,3227080000,2092.002250010316,2054.43185265738,False
2616,2217,2015-07-17,1,2126.800048828125,2128.909912109375,2119.8798828125,2126.639892578125,3362750000,2095.301073112012,2055.150340616791,False
2617,2218,2015-07-20,1,2126.85009765625,2132.820068359375,2123.659912109375,2128.280029296875,3245870000,2098.441926081999,2055.877999210623,False
2618,2219,2015-07-21,1,2127.550048828125,2128.489990234375,2115.39990234375,2119.2099609375,3343690000,2100.419834163475,2056.5081679840246,False
2619,2220,2015-07-22,1,2118.2099609375,2118.510009765625,2110.0,2114.14990234375,3694070000,2101.7274597044534,2057.0817175796437,False
2620,2221,2015-07-23,1,2114.159912109375,2116.8701171875,2098.6298828125,2102.14990234375,3772810000,2101.767692336767,2057.530157229038,False
2621,2222,2015-07-24,1,2102.239990234375,2106.010009765625,2077.090087890625,2079.64990234375,3870040000,2099.661236146956,2057.7502541953536,False
2622,2223,2015-07-27,1,2078.18994140625,2078.18994140625,2063.52001953125,2067.639892578125,3836750000,2096.611584378496,2057.8486585573714,False
2623,2224,2015-07-28,1,2070.75,2095.60009765625,2069.090087890625,2093.25,4117740000,2096.291433485306,2058.2009107110293,False
2624,2225,2015-07-29,1,2094.699951171875,2110.60009765625,2094.080078125,2108.570068359375,4038900000,2097.4608272828364,2058.7020963592718,False
2625,2226,2015-07-30,1,2106.780029296875,2110.47998046875,2094.969970703125,2108.6298828125,3579410000,2098.52454685709,2059.198890254329,False
2626,2227,2015-07-31,1,2111.60009765625,2114.239990234375,2102.070068359375,2103.840087890625,3681340000,2099.030788860284,2059.6430812755857,False
2627,2228,2015-08-03,1,2104.489990234375,2105.699951171875,2087.31005859375,2098.0400390625,3476770000,2098.9364317366853,2060.0251405570475,False
2628,2229,2015-08-04,1,2097.679931640625,2102.510009765625,2088.60009765625,2093.320068359375,3546710000,2098.401539986465,2060.356433371001,False
2629,2230,2015-08-05,1,2095.27001953125,2112.659912109375,2095.27001953125,2099.840087890625,3968680000,2098.538544548766,2060.749305555276,False
2630,2231,2015-08-06,1,2100.75,2103.320068359375,2075.530029296875,2083.56005859375,4246570000,2097.1120220768594,2060.9762782223256,False
2631,2232,2015-08-07,1,2082.610107421875,2082.610107421875,2067.909912109375,2077.570068359375,3602320000,2095.250883627575,2061.141390561998,False
2632,2233,2015-08-10,1,2080.97998046875,2105.35009765625,2080.97998046875,2104.179931640625,3514460000,2096.1012691526275,2061.569634751835,False
2633,2234,2015-08-11,1,2102.659912109375,2102.659912109375,2076.489990234375,2084.070068359375,3708880000,2094.955440505651,2061.793519663353,False
2634,2235,2015-08-12,1,2081.10009765625,2089.06005859375,2052.090087890625,2086.050048828125,4269130000,2094.1073079649345,2062.034878162505,False
2635,2236,2015-08-13,1,2086.18994140625,2092.929931640625,2078.260009765625,2083.389892578125,3221300000,2093.0866017376193,2062.247365868133,False
2636,2237,2015-08-14,1,2083.14990234375,2092.449951171875,2080.610107421875,2091.5400390625,2795590000,2092.9393100542743,2062.5388352531513,False
2637,2238,2015-08-17,1,2089.699951171875,2102.8701171875,2079.300048828125,2102.43994140625,2867690000,2093.8441320877955,2062.935861185023,False
2638,2239,2015-08-18,1,2101.989990234375,2103.469970703125,2094.139892578125,2096.919921875,2949990000,2094.137064448482,2063.274011042635,False
2639,2240,2015-08-19,1,2095.68994140625,2096.169921875,2070.530029296875,2079.610107421875,3512920000,2092.7535447316623,2063.436559265314,False
2640,2241,2015-08-20,1,2076.610107421875,2076.610107421875,2035.72998046875,2035.72998046875,3922470000,2087.322729087575,2063.1608719141045,False
2641,2242,2015-08-21,1,2034.0799560546875,2034.0799560546875,1970.8900146484375,1970.8900146484375,5018240000,2076.2338991409906,2062.2427539313617,False
2642,2243,2015-08-24,1,1965.1500244140625,1965.1500244140625,1867.010009765625,1893.2099609375,6612690000,2058.8030478835153,2060.5608355931145,False
2643,2244,2015-08-25,1,1898.0799560546875,1948.0400390625,1867.0799560546875,1867.6099853515625,5183560000,2040.5941847852341,2058.640926635487,False
2644,2245,2015-08-26,1,1872.75,1943.0899658203125,1872.75,1940.510009765625,5338250000,2031.0623585928904,2057.465494626832,False
2645,2246,2015-08-27,1,1942.77001953125,1989.5999755859375,1942.77001953125,1987.6600341796875,5006390000,2026.9288038868713,2056.7709129308405,False
2646,2247,2015-08-28,1,1986.06005859375,1993.47998046875,1975.18994140625,1988.8699951171875,3949080000,2023.3041554326157,2056.0952819078193,False
2647,2248,2015-08-31,1,1986.72998046875,1986.72998046875,1965.97998046875,1972.1800537109375,3915100000,2018.4351933638845,2055.2603045128258,False
2648,2249,2015-09-01,1,1970.0899658203125,1970.0899658203125,1903.0699462890625,1913.8499755859375,4371850000,2008.4746964326516,2053.8532365633046,False
2649,2250,2015-09-02,1,1916.52001953125,1948.9100341796875,1916.52001953125,1948.8599853515625,3742620000,2002.7971049011194,2052.808527596024,False
2650,2251,2015-09-03,1,1950.7900390625,1975.010009765625,1944.719970703125,1951.1300048828125,3520700000,1997.8764287088998,2051.7968010018626,False
2651,2252,2015-09-04,1,1947.760009765625,1947.760009765625,1911.2099609375,1921.219970703125,3167090000,1990.5758136607308,2050.4975290585917,False
2652,2253,2015-09-08,1,1927.300048828125,1970.4200439453125,1927.300048828125,1969.4100341796875,3548650000,1988.5600251387266,2049.690688313528,False
2653,2254,2015-09-09,1,1971.449951171875,1988.6300048828125,1937.8800048828125,1942.0400390625,3652120000,1984.1295502743242,2048.619537574712,False
2654,2255,2015-09-10,1,1941.5899658203125,1965.2900390625,1937.18994140625,1952.2900390625,3626320000,1981.0972158731981,2047.6610351019538,False
2655,2256,2015-09-11,1,1951.449951171875,1961.050048828125,1939.18994140625,1961.050048828125,3218590000,1979.1879618689054,2046.799234243508,False
2656,2257,2015-09-14,1,1963.06005859375,1963.06005859375,1948.27001953125,1953.030029296875,3000200000,1976.6967301953787,2045.8662073286162,False
2657,2258,2015-09-15,1,1955.0999755859375,1983.18994140625,1954.300048828125,1978.0899658203125,3239860000,1976.8294193025151,2045.1918168658472,False
2658,2259,2015-09-16,1,1978.02001953125,1997.260009765625,1977.9300537109375,1995.31005859375,3630680000,1978.5894801873947,2044.6954809626423,False
2659,2260,2015-09-17,1,1995.3299560546875,2020.8599853515625,1986.72998046875,1990.199951171875,4183790000,1979.6952393287738,2044.1532368851224,False
2660,2261,2015-09-18,1,1989.6600341796875,1989.6600341796875,1953.449951171875,1958.030029296875,6021240000,1977.6318859924024,2043.2962895459361,False
2661,2262,2015-09-21,1,1960.8399658203125,1979.6400146484375,1955.800048828125,1966.969970703125,3269350000,1976.6164654886618,2042.5368236868037,False
2662,2263,2015-09-22,1,1961.3900146484375,1961.3900146484375,1929.219970703125,1942.739990234375,3808260000,1973.3901345120632,2041.543820368869,False
2663,2264,2015-09-23,1,1943.239990234375,1949.52001953125,1932.5699462890625,1938.760009765625,3190530000,1970.0920273933548,2040.5210958852547,False
2664,2265,2015-09-24,1,1934.81005859375,1937.1700439453125,1908.9200439453125,1932.239990234375,4091530000,1966.487071473452,2039.4436719484302,False
2665,2266,2015-09-25,1,1935.9300537109375,1952.8900146484375,1921.5,1931.3399658203125,3721870000,1963.1397280779152,2038.3680131809863,False
2666,2267,2015-09-28,1,1929.1800537109375,1929.1800537109375,1879.2099609375,1881.77001953125,4326660000,1955.3902320258517,2036.8098241894468,False
2667,2268,2015-09-29,1,1881.9000244140625,1899.47998046875,1871.9100341796875,1884.0899658203125,4132390000,1948.5997304824668,2035.2902236086595,False
2668,2269,2015-09-30,1,1887.1400146484375,1920.530029296875,1887.1400146484375,1920.030029296875,4525070000,1945.8788065600297,2034.1433560035673,False
2669,2270,2015-10-01,1,1919.6500244140625,1927.2099609375,1900.699951171875,1923.8199462890625,3983600000,1943.7779627246996,2033.0456106332738,False
2670,2271,2015-10-02,1,1921.77001953125,1951.3599853515625,1893.699951171875,1951.3599853515625,4378570000,1944.5000601177342,2032.2328183419136,False
2671,2272,2015-10-05,1,1954.3299560546875,1989.1700439453125,1954.3299560546875,1987.050048828125,4334490000,1948.5524399949143,2031.7832385457566,False
2672,2273,2015-10-06,1,1986.6300048828125,1991.6199951171875,1971.989990234375,1979.9200439453125,4202400000,1951.5398308473332,2031.26718685819,False
2673,2274,2015-10-07,1,1982.3399658203125,1999.31005859375,1976.43994140625,1995.8299560546875,4666470000,1955.7579380099385,2030.9145775964637,False
2674,2275,2015-10-08,1,1994.010009765625,2016.5,1987.530029296875,2013.4300537109375,3939140000,1961.2505204576526,2030.7406022344187,False
2675,2276,2015-10-09,1,2013.72998046875,2020.1300048828125,2007.6099853515625,2014.8900146484375,3706900000,1966.3590437139178,2030.5828849450058,False
2676,2277,2015-10-12,1,2015.6500244140625,2018.6600341796875,2010.550048828125,2017.4599609375,2893250000,1971.2257977352115,2030.4523085867222,False
2677,2278,2015-10-13,1,2015.0,2022.3399658203125,2001.780029296875,2003.68994140625,3401920000,1974.317620941977,2030.1860163759713,False
2678,2279,2015-10-14,1,2003.6600341796875,2009.56005859375,1990.72998046875,1994.239990234375,3644590000,1976.214989446015,2029.828344474065,False
2679,2280,2015-10-15,1,1996.469970703125,2024.1500244140625,1996.469970703125,2023.8599853515625,3746290000,1980.752608103686,2029.7689578161298,False
2680,2281,2015-10-16,1,2024.3699951171875,2033.5400390625,2020.4599609375,2033.1099853515625,3595430000,1985.7390249844361,2029.8022018712088,False
2681,2282,2015-10-19,1,2031.72998046875,2034.449951171875,2022.31005859375,2033.6600341796875,3287320000,1990.3029306220792,2029.8405882623379,False
2682,2283,2015-10-20,1,2033.1300048828125,2039.1199951171875,2026.6099853515625,2030.77001953125,3331500000,1994.1569390896193,2029.8498363346655,False
2683,2284,2015-10-21,1,2033.469970703125,2037.969970703125,2017.219970703125,2018.93994140625,3627790000,1996.5172250245366,2029.7412801662238,False
2684,2285,2015-10-22,1,2021.8800048828125,2055.199951171875,2021.8800048828125,2052.510009765625,4430850000,2001.8498711903544,2029.967834689601,False
2685,2286,2015-10-23,1,2058.18994140625,2079.739990234375,2058.18994140625,2075.14990234375,4108460000,2008.8308265382968,2030.4174075020803,False
2686,2287,2015-10-26,1,2075.080078125,2075.139892578125,2066.530029296875,2071.179931640625,3385800000,2014.7688365480424,2030.8230047571903,False
2687,2288,2015-10-27,1,2068.75,2070.3701171875,2058.840087890625,2065.889892578125,4216880000,2019.6375085509073,2031.1719290141152,False
2688,2289,2015-10-28,1,2066.47998046875,2090.35009765625,2063.110107421875,2090.35009765625,4698110000,2026.3720408466543,2031.760766513042,False
2689,2290,2015-10-29,1,2088.35009765625,2092.52001953125,2082.6298828125,2089.409912109375,4008940000,2032.37564763358,2032.334389852309,False
2690,2291,2015-10-30,1,2090.0,2094.320068359375,2079.340087890625,2079.360107421875,4256200000,2036.850358089608,2032.8023074400658,False
2691,2292,2015-11-02,1,2080.760009765625,2106.199951171875,2080.760009765625,2104.050048828125,3760020000,2043.2503286361336,2033.5112401901958,False
2692,2293,2015-11-03,1,2102.6298828125,2116.47998046875,2097.510009765625,2109.7900390625,4272060000,2049.587443914835,2034.270233213801,False
2693,2294,2015-11-04,1,2110.60009765625,2114.590087890625,2096.97998046875,2102.31005859375,4078870000,2054.6086453128273,2034.9472464016612,False
2694,2295,2015-11-05,1,2101.679931640625,2108.780029296875,2090.409912109375,2099.929931640625,4051890000,2058.924958296427,2035.5938402846361,False
2695,2296,2015-11-06,1,2098.60009765625,2101.909912109375,2083.739990234375,2099.199951171875,4369020000,2062.7606719036125,2036.22673691038,False
2696,2297,2015-11-09,1,2096.56005859375,2096.56005859375,2068.239990234375,2078.580078125,3882350000,2064.2672820199355,2036.6481631911226,False
2697,2298,2015-11-10,1,2077.18994140625,2083.669921875,2069.909912109375,2081.719970703125,3821440000,2065.9294428469057,2037.0966388877596,False
2698,2299,2015-11-11,1,2083.409912109375,2086.93994140625,2074.85009765625,2075.0,3692410000,2066.7933054329146,2037.4737867595234,False
2699,2300,2015-11-12,1,2072.2900390625,2072.2900390625,2045.6600341796875,2045.969970703125,4016370000,2064.810130696744,2037.558325903241,False
2700,2301,2015-11-13,1,2044.6400146484375,2044.6400146484375,2022.02001953125,2023.0400390625,4278750000,2060.832026731578,2037.4138653376617,False
2701,2302,2015-11-16,1,2022.0799560546875,2053.219970703125,2019.3900146484375,2053.18994140625,3741240000,2060.1042090815467,2037.5708412189413,False
2702,2303,2015-11-17,1,2053.669921875,2066.68994140625,2045.9000244140625,2050.43994140625,4427350000,2059.1838026362802,2037.6988919670737,False
2703,2304,2015-11-18,1,2051.989990234375,2085.31005859375,2051.989990234375,2083.580078125,3926390000,2061.50725744473,2038.1554211825755,False
2704,2305,2015-11-19,1,2083.699951171875,2086.739990234375,2078.760009765625,2081.239990234375,3628110000,2063.386565329458,2038.5841233621957,False
2705,2306,2015-11-20,1,2082.820068359375,2097.06005859375,2082.820068359375,2089.169921875,3929600000,2065.8421230957,2039.0874646409302,False
2706,2307,2015-11-23,1,2089.409912109375,2095.610107421875,2081.389892578125,2086.590087890625,3587980000,2067.8181197428357,2039.5601275588376,False
2707,2308,2015-11-24,1,2084.419921875,2094.1201171875,2070.2900390625,2089.139892578125,3884930000,2069.848764774768,2040.0534585540545,False
2708,2309,2015-11-25,1,2089.300048828125,2093.0,2086.300048828125,2088.8701171875,2852940000,2071.6603221474093,2040.5391964509047,False
2709,2310,2015-11-27,1,2088.820068359375,2093.2900390625,2084.1298828125,2090.110107421875,1466840000,2073.4174445545013,2041.0324393461383,False
2710,2311,2015-11-30,1,2090.949951171875,2093.81005859375,2080.409912109375,2080.409912109375,4275030000,2074.0833938454416,2041.4242549955238,False
2711,2312,2015-12-01,1,2082.929931640625,2103.3701171875,2082.929931640625,2102.6298828125,3712120000,2076.8021070803993,2042.0332662175833,False
2712,2313,2015-12-02,1,2101.7099609375,2104.27001953125,2077.110107421875,2079.510009765625,3950640000,2077.06000257423,2042.4061691384595,False
2713,2314,2015-12-03,1,2080.7099609375,2085.0,2042.3499755859375,2049.6201171875,4306490000,2074.4466801564463,2042.4779497160619,False
2714,2315,2015-12-04,1,2051.239990234375,2093.840087890625,2051.239990234375,2091.68994140625,4214910000,2076.0888955135706,2042.9676212751683,False
2715,2316,2015-12-07,1,2090.419921875,2090.419921875,2066.780029296875,2077.070068359375,4043820000,2076.1823405465043,2043.306949106852,False
2716,2317,2015-12-08,1,2073.389892578125,2073.85009765625,2052.320068359375,2063.590087890625,4173570000,2074.9830783888015,2043.5087713833075,False
2717,2318,2015-12-09,1,2061.169921875,2080.330078125,2036.530029296875,2047.6199951171875,4385250000,2072.3770704581716,2043.5496790821521,False
2718,2319,2015-12-10,1,2047.9300537109375,2067.64990234375,2045.6700439453125,2052.22998046875,3715150000,2070.4582999829886,2043.6360502402276,False
2719,2320,2015-12-11,1,2047.27001953125,2047.27001953125,2008.800048828125,2012.3699951171875,4301060000,2064.9260804719597,2043.3249452141279,False
2720,2321,2015-12-14,1,2013.3699951171875,2022.9200439453125,1993.260009765625,2021.93994140625,4612440000,2060.832162465702,2043.112159106587,False
2721,2322,2015-12-15,1,2025.550048828125,2053.8701171875,2025.550048828125,2043.4100341796875,4353540000,2059.1729121527483,2043.1151230376627,False
2722,2323,2015-12-16,1,2046.5,2076.719970703125,2042.4300537109375,2073.070068359375,4635450000,2060.4964508390935,2043.4131821950925,False
2723,2324,2015-12-17,1,2073.760009765625,2076.3701171875,2041.6600341796875,2041.8900146484375,4327390000,2058.7244092971264,2043.398026299106,False
2724,2325,2015-12-18,1,2040.81005859375,2040.81005859375,2005.3299560546875,2005.550048828125,6683070000,2053.660184490555,2043.0214295083501,False
2725,2326,2015-12-21,1,2010.27001953125,2022.9000244140625,2005.9300537109375,2021.1500244140625,3760280000,2050.5639787689843,2042.803803587014,False
2726,2327,2015-12-22,1,2023.1500244140625,2042.739990234375,2020.489990234375,2038.969970703125,3520860000,2049.459787524617,2042.7656559961297,False
2727,2328,2015-12-23,1,2042.199951171875,2064.72998046875,2042.199951171875,2064.2900390625,3484090000,2050.8721924329866,2042.9798289619641,False
2728,2329,2015-12-24,1,2063.52001953125,2067.360107421875,2058.72998046875,2060.989990234375,1411860000,2051.835792223595,2043.1590345467644,False
2729,2330,2015-12-28,1,2057.77001953125,2057.77001953125,2044.199951171875,2056.5,2492510000,2052.2800024880144,2043.2917804716722,False
2730,2331,2015-12-29,1,2060.5400390625,2081.56005859375,2060.5400390625,2078.360107421875,2542000000,2054.763822005525,2043.640719048291,False
2731,2332,2015-12-30,1,2077.340087890625,2077.340087890625,2061.969970703125,2063.360107421875,2367430000,2055.5825158547013,2043.8369318679288,False
2732,2333,2015-12-31,1,2060.590087890625,2062.5400390625,2043.6199951171875,2043.93994140625,2655330000,2054.4736992405633,2043.8379568384596,False
2733,2334,2016-01-04,1,2038.199951171875,2038.199951171875,1989.6800537109375,2012.6600341796875,4304880000,2050.491445425242,2043.5277287523027,False
2734,2335,2016-01-05,1,2013.780029296875,2021.93994140625,2004.1700439453125,2016.7099609375,3706620000,2047.2741611883143,2043.260885291459,False
2735,2336,2016-01-06,1,2011.7099609375,2011.7099609375,1979.050048828125,1990.260009765625,4336660000,2041.844242005201,2042.73351339568,False
2736,2337,2016-01-07,1,1985.3199462890625,1985.3199462890625,1938.8299560546875,1943.0899658203125,5076590000,2032.4390728447354,2041.742035310353,False
2737,2338,2016-01-08,1,1945.969970703125,1960.4000244140625,1918.4599609375,1922.030029296875,4664940000,2021.9239258401774,2040.550871071413,False
2738,2339,2016-01-11,1,1926.1199951171875,1935.6500244140625,1901.0999755859375,1923.6700439453125,4607290000,2012.5664132787615,2039.3878777666757,False
2739,2340,2016-01-12,1,1927.8299560546875,1947.3800048828125,1914.3499755859375,1938.6800537109375,4887260000,2005.529617129445,2038.3858098656237,False
2740,2341,2016-01-13,1,1940.3399658203125,1950.3299560546875,1886.4100341796875,1890.280029296875,5087030000,1994.5534659072953,2036.9121205067308,False
2741,2342,2016-01-14,1,1891.6800537109375,1934.469970703125,1878.9300537109375,1921.8399658203125,5241110000,1987.628370660916,2035.767123942687,False
2742,2343,2016-01-15,1,1916.6800537109375,1916.6800537109375,1857.8299560546875,1880.3299560546875,5468460000,1977.4094740317514,2034.2204854562392,False
2743,2344,2016-01-19,1,1888.6600341796875,1901.43994140625,1864.5999755859375,1881.3299560546875,4928350000,1968.2590437482215,2032.6991866562237,False
2744,2345,2016-01-20,1,1876.1800537109375,1876.1800537109375,1812.2900390625,1859.3299560546875,6416070000,1957.884844920266,2030.9741196850641,False
2745,2346,2016-01-21,1,1861.4599609375,1889.8499755859375,1848.97998046875,1868.989990234375,5078810000,1949.4186682835145,2029.3623373024702,False
2746,2347,2016-01-22,1,1877.4000244140625,1908.8499755859375,1877.4000244140625,1906.9000244140625,4901760000,1945.369273629281,2028.1438068259688,False
2747,2348,2016-01-25,1,1906.280029296875,1906.280029296875,1875.969970703125,1877.0799560546875,4401380000,1938.8655290983675,2026.6406839327224,False
2748,2349,2016-01-26,1,1878.7900390625,1906.72998046875,1878.7900390625,1903.6300048828125,4357940000,1935.5097648873623,2025.4166970765045,False
2749,2350,2016-01-27,1,1902.52001953125,1916.989990234375,1872.699951171875,1882.949951171875,4754040000,1930.5040683430302,2023.9991175152645,False
2750,2351,2016-01-28,1,1885.219970703125,1902.9599609375,1873.6500244140625,1893.3599853515625,4693010000,1926.9665366295571,2022.6992256529393,False
2751,2352,2016-01-29,1,1894.0,1940.239990234375,1894.0,1940.239990234375,5497570000,1928.2306750681112,2021.878735748277,False
2752,2353,2016-02-01,1,1936.93994140625,1947.199951171875,1920.300048828125,1939.3800048828125,4322530000,1929.2925160028446,2021.0578528540934,False
2753,2354,2016-02-02,1,1935.260009765625,1935.260009765625,1897.2900390625,1903.030029296875,4463190000,1926.7913267927522,2019.883446649544,False
2754,2355,2016-02-03,1,1907.0699462890625,1918.010009765625,1872.22998046875,1912.530029296875,5172950000,1925.433107983621,2018.8152534420549,False
2755,2356,2016-02-04,1,1911.6700439453125,1927.3499755859375,1900.52001953125,1915.449951171875,5193320000,1924.4823311444072,2017.7867429717048,False
2756,2357,2016-02-05,1,1913.0699462890625,1913.0699462890625,1872.6500244140625,1880.050048828125,4929940000,1920.250685209523,2016.416228602117,False
2757,2358,2016-02-08,1,1873.25,1873.25,1828.4599609375,1853.43994140625,5636460000,1913.8877572282588,2014.7945740031532,False
2758,2359,2016-02-09,1,1848.4599609375,1868.25,1834.93994140625,1852.2099609375,5183220000,1908.0136813910435,2013.1768166592165,False
2759,2360,2016-02-10,1,1857.0999755859375,1881.5999755859375,1850.3199462890625,1851.8599853515625,4471170000,1902.6657103396644,2011.5716740591404,False
2760,2361,2016-02-11,1,1847.0,1847.0,1810.0999755859375,1829.0799560546875,5500800000,1895.6575432649047,2009.7558360690466,False
2761,2362,2016-02-12,1,1833.4000244140625,1864.780029296875,1833.4000244140625,1864.780029296875,4696920000,1892.716827648902,2008.31329072803,False
2762,2363,2016-02-16,1,1871.43994140625,1895.77001953125,1871.43994140625,1895.5799560546875,4570670000,1892.989506544691,2007.1915660049124,False
2763,2364,2016-02-17,1,1898.800048828125,1930.6800537109375,1898.800048828125,1926.8199462890625,5011540000,1896.211453187012,2006.3918483957993,False
2764,2365,2016-02-18,1,1927.5699462890625,1930.0,1915.0899658203125,1917.8299560546875,4436490000,1898.2703582220286,2005.5106355366838,False
2765,2366,2016-02-19,1,1916.739990234375,1918.780029296875,1902.1700439453125,1917.780029296875,4142850000,1900.1284221339188,2004.637694181064,False
2766,2367,2016-02-22,1,1924.43994140625,1946.699951171875,1924.43994140625,1945.5,4054710000,1904.4495247878313,2004.0492594130935,False
2767,2368,2016-02-23,1,1942.3800048828125,1942.3800048828125,1919.43994140625,1921.27001953125,3890650000,1906.0514766681567,2003.2255853844188,False
2768,2369,2016-02-24,1,1917.56005859375,1932.0799560546875,1891.0,1929.800048828125,4317250000,1908.3132454452966,2002.494983030625,False
2769,2370,2016-02-25,1,1931.8699951171875,1951.8299560546875,1925.4100341796875,1951.699951171875,4118210000,1912.4453126573517,2001.9895598280505,False
2770,2371,2016-02-26,1,1954.949951171875,1962.9599609375,1945.780029296875,1948.050048828125,4348510000,1915.8362399117111,2001.4528482758126,False
2771,2372,2016-02-29,1,1947.1300048828125,1958.27001953125,1931.81005859375,1932.22998046875,4588180000,1917.3975485361912,2000.7640635215137,False
2772,2373,2016-03-01,1,1937.0899658203125,1978.3499755859375,1937.0899658203125,1978.3499755859375,4819750000,1923.202541588548,2000.541037770911,False
2773,2374,2016-03-02,1,1976.5999755859375,1986.510009765625,1968.800048828125,1986.449951171875,4666610000,1929.2261044060078,2000.4008279540053,False
2774,2375,2016-03-03,1,1985.5999755859375,1993.68994140625,1977.3699951171875,1993.4000244140625,5081700000,1935.337906311537,2000.3311682172896,False
2775,2376,2016-03-04,1,1994.010009765625,2009.1300048828125,1986.77001953125,1999.989990234375,6049930000,1941.4952476375215,2000.3277734114895,False
2776,2377,2016-03-07,1,1996.1099853515625,2006.1199951171875,1989.3800048828125,2001.760009765625,4968180000,1947.234748792579,2000.342024519491,False
2777,2378,2016-03-08,1,1996.8800048828125,1996.8800048828125,1977.4300537109375,1979.260009765625,4641650000,1950.284773647155,2000.1322532284078,False
2778,2379,2016-03-09,1,1981.43994140625,1992.68994140625,1979.8399658203125,1989.260009765625,4038120000,1953.996700896533,2000.024071701415,False
2779,2380,2016-03-10,1,1990.969970703125,2005.0799560546875,1969.25,1989.5699462890625,4376790000,1957.384629029155,1999.9200505530337,False
2780,2381,2016-03-11,1,1994.7099609375,2022.3699951171875,1994.7099609375,2022.18994140625,4078620000,1963.5565635412593,2000.141641506797,False
2781,2382,2016-03-14,1,2019.27001953125,2024.5699462890625,2012.050048828125,2019.6400146484375,3487850000,1968.8978445990858,2000.335655169898,False
2782,2383,2016-03-15,1,2015.27001953125,2015.93994140625,2005.22998046875,2015.9300537109375,3560280000,1973.3771026097384,2000.490823314585,False
2783,2384,2016-03-16,1,2014.239990234375,2032.02001953125,2010.0400390625,2027.219970703125,4057020000,1978.5049948091087,2000.7567849801428,False
2784,2385,2016-03-17,1,2026.9000244140625,2046.239990234375,2022.1600341796875,2040.5899658203125,4530480000,1984.417849191128,2001.153135038254,False
2785,2386,2016-03-18,1,2041.1600341796875,2052.360107421875,2041.1600341796875,2049.580078125,6503140000,1990.6237757562585,2001.6349951684704,False
2786,2387,2016-03-21,1,2047.8800048828125,2053.909912109375,2043.1400146484375,2051.60009765625,3376600000,1996.4310445086385,2002.132160367354,False
2787,2388,2016-03-22,1,2048.639892578125,2056.60009765625,2040.5699462890625,2049.800048828125,3418460000,2001.51380682478,2002.6064677152222,False
2788,2389,2016-03-23,1,2048.550048828125,2048.550048828125,2034.8599853515625,2036.7099609375,3639510000,2004.865821502182,2002.9458059562398,False
2789,2390,2016-03-24,1,2032.47998046875,2036.0400390625,2022.489990234375,2035.93994140625,3407720000,2007.8252614930454,2003.2741058114639,False
2790,2391,2016-03-28,1,2037.8900146484375,2042.6700439453125,2031.9599609375,2037.050048828125,2809090000,2010.6085745725768,2003.6101848464555,False
2791,2392,2016-03-29,1,2035.75,2055.909912109375,2028.31005859375,2055.010009765625,3822330000,2014.8372826862005,2004.1216258904274,False
2792,2393,2016-03-30,1,2058.27001953125,2072.2099609375,2058.27001953125,2063.949951171875,3590310000,2019.5146796848362,2004.716932609646,False
2793,2394,2016-03-31,1,2063.77001953125,2067.919921875,2057.4599609375,2059.739990234375,3715280000,2023.3456616419353,2005.2644257203397,False
2794,2395,2016-04-01,1,2056.6201171875,2075.070068359375,2043.97998046875,2072.780029296875,3749990000,2028.0536966566915,2005.9362227708525,False
2795,2396,2016-04-04,1,2073.18994140625,2074.02001953125,2062.570068359375,2066.1298828125,3485710000,2031.6800001001018,2006.5351646618142,False
2796,2397,2016-04-05,1,2062.5,2062.5,2042.56005859375,2045.1700439453125,4154920000,2032.964766180598,2006.9195913213516,False
2797,2398,2016-04-06,1,2045.56005859375,2067.330078125,2043.0899658203125,2066.659912109375,3750800000,2036.1738276976243,2007.5140223739688,False
2798,2399,2016-04-07,1,2063.010009765625,2063.010009765625,2033.800048828125,2041.9100341796875,3801250000,2036.7201330768685,2007.8562712476576,False
2799,2400,2016-04-08,1,2045.5400390625,2060.6298828125,2041.68994140625,2047.5999755859375,3359530000,2037.7563085539227,2008.251730992317,False
2800,2401,2016-04-11,1,2050.22998046875,2062.929931640625,2041.8800048828125,2041.989990234375,3567840000,2038.1595163330135,2008.5874350643776,False
2801,2402,2016-04-12,1,2043.719970703125,2065.050048828125,2039.739990234375,2061.719970703125,4239740000,2040.403369130167,2009.116117011032,False
2802,2403,2016-04-13,1,2065.919921875,2083.179931640625,2065.919921875,2082.419921875,4191830000,2044.404945582056,2009.845508104206,False
2803,2404,2016-04-14,1,2082.889892578125,2087.840087890625,2078.1298828125,2082.780029296875,3765870000,2048.0597154596576,2010.5712247329889,False
2804,2405,2016-04-15,1,2083.10009765625,2083.219970703125,2076.31005859375,2080.72998046875,3701450000,2051.1711692700474,2011.2693218049865,False
2805,2406,2016-04-18,1,2078.830078125,2094.659912109375,2073.64990234375,2094.340087890625,3316880000,2055.2824948529596,2012.0958965919085,False
2806,2407,2016-04-19,1,2096.050048828125,2104.050048828125,2091.679931640625,2100.800048828125,3896830000,2059.6174999934515,2012.9785249723686,False
2807,2408,2016-04-20,1,2101.52001953125,2111.050048828125,2096.320068359375,2102.39990234375,4184880000,2063.692014503004,2013.8682899213377,False
2808,2409,2016-04-21,1,2102.090087890625,2103.780029296875,2088.52001953125,2091.47998046875,4175290000,2066.3384874521225,2014.6405455486752,False
2809,2410,2016-04-22,1,2091.489990234375,2094.320068359375,2081.199951171875,2091.580078125,3790580000,2068.742448468587,2015.4061130369969,False
2810,2411,2016-04-25,1,2089.3701171875,2089.3701171875,2077.52001953125,2087.7900390625,3319740000,2070.5565047156265,2016.1263511069026,False
2811,2412,2016-04-26,1,2089.840087890625,2096.8701171875,2085.800048828125,2091.699951171875,3557190000,2072.5701662828883,2016.8783272269523,False
2812,2413,2016-04-27,1,2092.330078125,2099.889892578125,2082.31005859375,2095.14990234375,4100110000,2074.720617336304,2017.6571488699055,False
2813,2414,2016-04-28,1,2090.929931640625,2099.300048828125,2071.6201171875,2075.81005859375,4309840000,2074.824373646537,2018.2357847875558,False
2814,2415,2016-04-29,1,2071.820068359375,2073.85009765625,2052.280029296875,2065.300048828125,4704720000,2073.9172950924026,2018.704085922288,False
2815,2416,2016-05-02,1,2067.169921875,2083.419921875,2066.110107421875,2081.429931640625,3841110000,2074.632784287471,2019.3282236906296,False
2816,2417,2016-05-03,1,2077.179931640625,2077.179931640625,2054.889892578125,2063.3701171875,4173390000,2073.560149325569,2019.7664514866183,False
2817,2418,2016-05-04,1,2060.300048828125,2060.300048828125,2045.550048828125,2051.1201171875,4058560000,2071.4230034076577,2020.0784282597615,False
2818,2419,2016-05-05,1,2052.949951171875,2060.22998046875,2045.77001953125,2050.6298828125,4008530000,2069.4427062081186,2020.3824228324256,False
2819,2420,2016-05-06,1,2047.77001953125,2057.719970703125,2039.449951171875,2057.139892578125,3796350000,2068.271009671929,2020.7481688000446,False
2820,2421,2016-05-09,1,2057.550048828125,2064.14990234375,2054.31005859375,2058.68994140625,3788620000,2067.3585269799596,2021.1256988757282,False
2821,2422,2016-05-10,1,2062.6298828125,2084.8701171875,2062.6298828125,2084.389892578125,3600200000,2068.9805617988327,2021.7551933404286,False
2822,2423,2016-05-11,1,2083.2900390625,2083.2900390625,2064.4599609375,2064.4599609375,3821980000,2068.5500283834676,2022.1801164010963,False
2823,2424,2016-05-12,1,2067.169921875,2073.989990234375,2053.1298828125,2064.110107421875,3782390000,2068.127178768078,2022.5973302420991,False
2824,2425,2016-05-13,1,2062.5,2066.7900390625,2043.1300048828125,2046.6099853515625,3579880000,2066.077922252219,2022.8362621337355,False
2825,2426,2016-05-16,1,2046.530029296875,2071.8798828125,2046.530029296875,2066.659912109375,3501360000,2066.133349857663,2023.2723183523988,False
2826,2427,2016-05-17,1,2065.0400390625,2065.68994140625,2040.8199462890625,2047.2099609375,4108960000,2064.3311223414566,2023.510503850758,False
2827,2428,2016-05-18,1,2044.3800048828125,2060.610107421875,2034.489990234375,2047.6300048828125,4101320000,2062.740539726348,2023.7504988859027,False
2828,2429,2016-05-19,1,2044.2099609375,2044.2099609375,2025.9100341796875,2040.0400390625,3846770000,2060.5785872821716,2023.9125838627845,False
2829,2430,2016-05-20,1,2041.8800048828125,2058.35009765625,2041.8800048828125,2052.320068359375,3507650000,2059.792061670477,2024.195245400064,False
2830,2431,2016-05-23,1,2052.22998046875,2055.580078125,2047.260009765625,2048.0400390625,3055480000,2058.672821422098,2024.432507028546,False
2831,2432,2016-05-24,1,2052.64990234375,2079.669921875,2052.64990234375,2076.06005859375,3627340000,2060.3287487717794,2024.9462140092944,False
2832,2433,2016-05-25,1,2078.929931640625,2094.72998046875,2078.929931640625,2090.5400390625,3859160000,2063.2060145137525,2025.5988888854458,False
2833,2434,2016-05-26,1,2091.43994140625,2094.300048828125,2087.080078125,2090.10009765625,3230990000,2065.767355765419,2026.240691957792,False
2834,2435,2016-05-27,1,2090.06005859375,2099.06005859375,2090.06005859375,2099.06005859375,3079150000,2068.9380893681173,2026.9652627700902,False
2835,2436,2016-05-31,1,2100.1298828125,2103.47998046875,2088.659912109375,2096.949951171875,4514410000,2071.60588573038,2027.6616278288145,False
2836,2437,2016-06-01,1,2093.93994140625,2100.969970703125,2085.10009765625,2099.330078125,3525170000,2074.2462850060583,2028.3747467372343,False
2837,2438,2016-06-02,1,2097.7099609375,2105.260009765625,2088.590087890625,2105.260009765625,3632720000,2077.1999730783978,2029.1397742300542,False
2838,2439,2016-06-03,1,2104.070068359375,2104.070068359375,2085.360107421875,2099.1298828125,3627780000,2079.288535910217,2029.8361932209243,False
2839,2440,2016-06-06,1,2100.830078125,2113.360107421875,2100.830078125,2109.409912109375,3442020000,2082.1572384053748,2030.6279715183218,False
2840,2441,2016-06-07,1,2110.179931640625,2119.219970703125,2110.179931640625,2112.1298828125,3534730000,2085.011775967958,2031.4389358098063,False
2841,2442,2016-06-08,1,2112.7099609375,2120.550048828125,2112.7099609375,2119.1201171875,3562060000,2088.260189417438,2032.3113853757536,False
2842,2443,2016-06-09,1,2115.64990234375,2117.639892578125,2107.72998046875,2115.47998046875,3290320000,2090.852550469944,2033.1389335856343,False
2843,2444,2016-06-10,1,2109.570068359375,2109.570068359375,2089.9599609375,2096.070068359375,3515010000,2091.349456935604,2033.765114031144,False
2844,2445,2016-06-13,1,2091.75,2098.1201171875,2078.4599609375,2079.06005859375,3392030000,2090.179038045904,2034.2158099969413,False
2845,2446,2016-06-14,1,2076.64990234375,2081.300048828125,2064.10009765625,2075.320068359375,3759770000,2088.7638980757583,2034.6248075925876,False
2846,2447,2016-06-15,1,2077.60009765625,2085.64990234375,2069.800048828125,2071.5,3544720000,2087.1197173066384,2034.991724929975,False
2847,2448,2016-06-16,1,2066.360107421875,2079.6201171875,2050.3701171875,2077.989990234375,3628280000,2086.2502194902327,2035.4195683658395,False
2848,2449,2016-06-17,1,2078.199951171875,2078.199951171875,2062.840087890625,2071.219970703125,4952630000,2084.818767224794,2035.775791274668,False
2849,2450,2016-06-20,1,2075.580078125,2100.659912109375,2075.580078125,2083.25,3467440000,2084.6693608224327,2036.2481714609899,False
2850,2451,2016-06-21,1,2085.18994140625,2093.659912109375,2083.02001953125,2088.89990234375,3232880000,2085.0722695387485,2036.772069280719,False
2851,2452,2016-06-22,1,2089.75,2099.7099609375,2084.360107421875,2085.449951171875,3168160000,2085.108239218094,2037.2564263144618,False
2852,2453,2016-06-23,1,2092.800048828125,2113.320068359375,2092.800048828125,2113.320068359375,3297940000,2087.795080088692,2038.0132784741127,False
2853,2454,2016-06-24,1,2103.81005859375,2103.81005859375,2032.5699462890625,2037.4100341796875,7597450000,2082.9965042878343,2038.0072760433225,False
2854,2455,2016-06-27,1,2031.449951171875,2031.449951171875,1991.6800537109375,2000.5400390625,5431220000,2075.1435075997074,2037.634467715155,False
2855,2456,2016-06-28,1,2006.6700439453125,2036.0899658203125,2006.6700439453125,2036.0899658203125,4385810000,2071.424122668336,2037.619099537097,False
2856,2457,2016-06-29,1,2042.68994140625,2073.1298828125,2042.68994140625,2070.77001953125,4241740000,2071.361827131471,2037.9489594375366,False
2857,2458,2016-06-30,1,2073.169921875,2098.93994140625,2070.0,2098.860107421875,4622820000,2073.980710968652,2038.5550405120077,False
2858,2459,2016-07-01,1,2099.340087890625,2108.7099609375,2097.89990234375,2102.949951171875,3458890000,2076.739686226102,2039.195785891708,False
2859,2460,2016-07-05,1,2095.050048828125,2095.050048828125,2080.860107421875,2088.550048828125,3658380000,2077.86448266439,2039.6868730851054,False
2860,2461,2016-07-06,1,2084.429931640625,2100.719970703125,2074.02001953125,2099.72998046875,3909380000,2079.94691102671,2040.284316939669,False
2861,2462,2016-07-07,1,2100.419921875,2109.080078125,2089.389892578125,2097.89990234375,3604550000,2081.656719723571,2040.8576063466749,False
2862,2463,2016-07-08,1,2106.969970703125,2131.7099609375,2106.969970703125,2129.89990234375,3607500000,2086.2513085445403,2041.7435993416707,False
2863,2464,2016-07-11,1,2131.719970703125,2143.159912109375,2131.719970703125,2137.159912109375,3253340000,2091.0997469792865,2042.6930153891105,False
2864,2465,2016-07-12,1,2139.5,2155.39990234375,2139.5,2152.139892578125,4097820000,2096.913094179176,2043.7820390427325,False
2865,2466,2016-07-13,1,2153.81005859375,2156.449951171875,2146.2099609375,2152.429931640625,3502320000,2102.2004120326474,2044.8631126009207,False
2866,2467,2016-07-14,1,2157.8798828125,2168.989990234375,2157.8798828125,2163.75,3465610000,2108.0622775533475,2046.0460667043942,False
2867,2468,2016-07-15,1,2165.1298828125,2169.050048828125,2155.7900390625,2161.739990234375,3122600000,2113.1744406658263,2047.1972500231007,False
2868,2469,2016-07-18,1,2162.0400390625,2168.35009765625,2159.6298828125,2166.889892578125,3009310000,2118.290197990807,2048.3882215908125,False
2869,2470,2016-07-19,1,2163.7900390625,2164.6298828125,2159.010009765625,2163.780029296875,2968340000,2122.6225628770994,2049.536398781918,False
2870,2471,2016-07-20,1,2166.10009765625,2175.6298828125,2164.889892578125,2173.02001953125,3211860000,2127.4223206536853,2050.7650915256922,False
2871,2472,2016-07-21,1,2172.909912109375,2174.56005859375,2159.75,2165.169921875,3438900000,2131.0173302938106,2051.903448046581,False
2872,2473,2016-07-22,1,2166.469970703125,2175.110107421875,2163.239990234375,2175.030029296875,3023280000,2135.20901591315,2053.1285881585245,False
2873,2474,2016-07-25,1,2173.7099609375,2173.7099609375,2161.949951171875,2168.47998046875,3057240000,2138.3776792041594,2054.2763632063875,False
2874,2475,2016-07-26,1,2168.969970703125,2173.5400390625,2160.179931640625,2169.179931640625,3442350000,2141.3112270552515,2055.4196822952854,False
2875,2476,2016-07-27,1,2169.81005859375,2174.97998046875,2159.070068359375,2166.580078125,3995500000,2143.7177842999895,2056.525755885631,False
2876,2477,2016-07-28,1,2166.050048828125,2172.85009765625,2159.739990234375,2170.06005859375,3664240000,2146.226572327967,2057.655450439941,False
2877,2478,2016-07-29,1,2168.830078125,2177.090087890625,2163.489990234375,2173.60009765625,4038840000,2148.8335747401843,2058.8091285216956,False
2878,2479,2016-08-01,1,2173.14990234375,2178.2900390625,2166.2099609375,2170.840087890625,3505990000,2150.9294331354645,2059.9238644358143,False
2879,2480,2016-08-02,1,2169.93994140625,2170.199951171875,2147.580078125,2157.030029296875,3848750000,2151.5104422936943,2060.890094931944,False
2880,2481,2016-08-03,1,2156.81005859375,2163.7900390625,2152.56005859375,2163.7900390625,3786530000,2152.6799277002474,2061.9139749730443,False
2881,2482,2016-08-04,1,2163.510009765625,2168.18994140625,2159.070068359375,2164.25,3709200000,2153.781839347843,2062.9322438787854,False
2882,2483,2016-08-05,1,2168.7900390625,2182.8701171875,2168.7900390625,2182.8701171875,3663070000,2156.5521515230485,2064.125655553499,False
2883,2484,2016-08-08,1,2183.760009765625,2185.43994140625,2177.85009765625,2180.889892578125,3327550000,2158.8700316235318,2065.2874887577245,False
2884,2485,2016-08-09,1,2182.239990234375,2187.659912109375,2178.610107421875,2181.739990234375,3334300000,2161.0481229198026,2066.446220115701,False
2885,2486,2016-08-10,1,2182.81005859375,2183.409912109375,2172.0,2175.489990234375,3254950000,2162.423538854524,2067.531232753698,False
2886,2487,2016-08-11,1,2177.969970703125,2188.449951171875,2177.969970703125,2185.7900390625,3423160000,2164.6489198267122,2068.7079372940843,False
2887,2488,2016-08-12,1,2183.739990234375,2186.280029296875,2179.419921875,2184.050048828125,3000660000,2166.4966463982755,2069.8556199959157,False
2888,2489,2016-08-15,1,2186.080078125,2193.81005859375,2186.080078125,2190.14990234375,3078530000,2168.7493374407018,2071.052578029228,False
2889,2490,2016-08-16,1,2186.239990234375,2186.239990234375,2178.139892578125,2178.14990234375,3196400000,2169.64462933623,2072.1182230472828,False
2890,2491,2016-08-17,1,2177.840087890625,2183.080078125,2168.5,2182.219970703125,3388910000,2170.8422808949817,2073.213762824953,False
2891,2492,2016-08-18,1,2181.89990234375,2187.030029296875,2180.4599609375,2187.02001953125,3300570000,2172.3830179079596,2074.3461633891948,False
2892,2493,2016-08-19,1,2184.239990234375,2185.0,2175.1298828125,2183.8701171875,3084800000,2173.477027363154,2075.4359539742527,False
2893,2494,2016-08-22,1,2181.580078125,2185.14990234375,2175.9599609375,2182.639892578125,2777550000,2174.3496811931514,2076.502659831008,False
2894,2495,2016-08-23,1,2187.81005859375,2193.419921875,2186.800048828125,2186.89990234375,3041490000,2175.544940350351,2077.6011398560104,False
2895,2496,2016-08-24,1,2185.090087890625,2186.659912109375,2171.25,2175.43994140625,3148280000,2175.534940450913,2078.5746602694458,False
2896,2497,2016-08-25,1,2173.2900390625,2179.0,2169.739990234375,2172.469970703125,2969310000,2175.2430385701714,2079.5089419653036,False
2897,2498,2016-08-26,1,2175.10009765625,2187.93994140625,2160.389892578125,2169.0400390625,3342340000,2174.652276712298,2080.399798652838,False
2898,2499,2016-08-29,1,2170.18994140625,2183.47998046875,2170.18994140625,2180.3798828125,2654780000,2175.1977630075553,2081.3946253608947,False
2899,2500,2016-08-30,1,2179.449951171875,2182.27001953125,2170.409912109375,2176.1201171875,3006800000,2175.285606262788,2082.3371675681246,False
2900,2501,2016-08-31,1,2173.56005859375,2173.7900390625,2161.35009765625,2170.949951171875,3766390000,2174.8726867303203,2083.218886807963,False
2901,2502,2016-09-01,1,2171.330078125,2173.56005859375,2157.090087890625,2170.860107421875,3392120000,2174.4905363199923,2084.09093875437,False
2902,2503,2016-09-02,1,2177.489990234375,2184.8701171875,2173.590087890625,2179.97998046875,3091120000,2175.0133405246356,2085.045058572424,False
2903,2504,2016-09-06,1,2181.610107421875,2186.570068359375,2175.10009765625,2186.47998046875,3447650000,2176.105401471694,2086.0543612778597,False
2904,2505,2016-09-07,1,2185.169921875,2187.8701171875,2179.070068359375,2186.159912109375,3319420000,2177.0629739133783,2087.050436410512,False
2905,2506,2016-09-08,1,2182.760009765625,2184.93994140625,2177.489990234375,2181.300048828125,3727840000,2177.46650485764,2087.988243499244,False
2906,2507,2016-09-09,1,2169.080078125,2169.080078125,2127.81005859375,2127.81005859375,4233960000,2172.737319499174,2088.384480465359,False
2907,2508,2016-09-12,1,2120.860107421875,2163.300048828125,2119.1201171875,2159.0400390625,4010480000,2171.4328166004434,2089.0875208494103,False
2908,2509,2016-09-13,1,2150.469970703125,2150.469970703125,2120.27001953125,2127.02001953125,4141670000,2167.2030264033774,2089.4649586472397,False
2909,2510,2016-09-14,1,2127.860107421875,2141.330078125,2119.89990234375,2125.77001953125,3664100000,2163.257025748889,2089.8262030341452,False
2910,2511,2016-09-15,1,2125.360107421875,2151.31005859375,2122.360107421875,2147.260009765625,3373720000,2161.7335004171496,2090.39768369814,False
2911,2512,2016-09-16,1,2146.47998046875,2146.47998046875,2131.199951171875,2139.159912109375,5014360000,2159.583634864028,2090.8828800007395,False
2912,2513,2016-09-19,1,2143.989990234375,2153.610107421875,2135.909912109375,2139.1201171875,3141820000,2157.6347284186445,2091.3628525100607,False
2913,2514,2016-09-20,1,2145.93994140625,2150.800048828125,2139.169921875,2139.760009765625,3117380000,2155.932374261214,2091.844416263848,False
2914,2515,2016-09-21,1,2144.580078125,2165.110107421875,2139.570068359375,2163.1201171875,3685450000,2156.6169212065747,2092.553627218312,False
2915,2516,2016-09-22,1,2170.93994140625,2179.989990234375,2170.93994140625,2177.179931640625,3523860000,2158.5753031526747,2093.3956799986336,False
2916,2517,2016-09-23,1,2173.2900390625,2173.75,2163.969970703125,2164.68994140625,3289860000,2159.157649653015,2094.1050756345303,False
2917,2518,2016-09-26,1,2158.5400390625,2158.5400390625,2145.0400390625,2146.10009765625,3199910000,2157.914073272371,2094.622439037732,False
2918,2519,2016-09-27,1,2146.0400390625,2161.1298828125,2141.550048828125,2159.929931640625,3414090000,2158.106059783633,2095.272264834776,False
2919,2520,2016-09-28,1,2161.85009765625,2172.39990234375,2151.7900390625,2171.3701171875,3860390000,2159.3693033459062,2096.0294573954993,False
2920,2521,2016-09-29,1,2168.89990234375,2172.669921875,2145.199951171875,2151.1298828125,4215620000,2158.584596628439,2096.577720334972,False
2921,2522,2016-09-30,1,2156.510009765625,2175.300048828125,2156.510009765625,2168.27001953125,4158800000,2159.5070178572782,2097.2910765458805,False
2922,2523,2016-10-03,1,2164.330078125,2164.409912109375,2154.77001953125,2161.199951171875,3113850000,2159.6682496015255,2097.926985746139,False
2923,2524,2016-10-04,1,2163.3701171875,2165.4599609375,2144.010009765625,2150.489990234375,3716100000,2158.794129661797,2098.4500007161714,False
2924,2525,2016-10-05,1,2155.14990234375,2163.949951171875,2155.14990234375,2159.72998046875,3883710000,2158.883258310078,2099.0597517584856,False
2925,2526,2016-10-06,1,2158.219970703125,2162.929931640625,2150.280029296875,2160.77001953125,3438040000,2159.0629498549515,2099.6737842736375,False
2926,2527,2016-10-07,1,2164.18994140625,2165.860107421875,2144.85009765625,2153.739990234375,3578770000,2158.5560013196587,2100.211756472252,False
2927,2528,2016-10-10,1,2160.389892578125,2169.60009765625,2160.389892578125,2163.659912109375,2881970000,2159.0420880615366,2100.843081403965,False
2928,2529,2016-10-11,1,2161.35009765625,2161.56005859375,2128.840087890625,2136.72998046875,3393060000,2156.917125433652,2101.200164976749,False
2929,2530,2016-10-12,1,2137.669921875,2145.360107421875,2132.77001953125,2139.179931640625,2959510000,2155.227868881935,2101.5780731027576,False
2930,2531,2016-10-13,1,2130.260009765625,2138.18994140625,2114.719970703125,2132.550048828125,3538030000,2153.068076495858,2101.8862519656964,False
2931,2532,2016-10-14,1,2139.679931640625,2149.18994140625,2132.97998046875,2132.97998046875,3187910000,2151.154924493276,2102.19564229906,False
2932,2533,2016-10-17,1,2132.949951171875,2135.610107421875,2124.429931640625,2126.5,2832440000,2148.8068364462974,2102.4374767040445,False
2933,2534,2016-10-18,1,2138.31005859375,2144.3798828125,2135.489990234375,2139.60009765625,3172940000,2147.9300041805786,2102.807254026952,False
2934,2535,2016-10-19,1,2140.81005859375,2148.43994140625,2138.14990234375,2144.2900390625,3364990000,2147.583340836,2103.2200180571563,False
2935,2536,2016-10-20,1,2142.510009765625,2147.179931640625,2133.43994140625,2141.340087890625,3339320000,2146.988745317393,2103.599322234604,False
2936,2537,2016-10-21,1,2139.429931640625,2142.6298828125,2130.090087890625,2141.159912109375,3456390000,2146.4336183452006,2103.9730594472885,False
2937,2538,2016-10-24,1,2148.5,2154.7900390625,2146.909912109375,2151.330078125,3359950000,2146.8999478480387,2104.444273563485,False
2938,2539,2016-10-25,1,2149.719970703125,2151.43994140625,2141.929931640625,2143.159912109375,3756200000,2146.543753968166,2104.8295037977723,False
2939,2540,2016-10-26,1,2136.969970703125,2145.72998046875,2131.590087890625,2139.429931640625,3778120000,2145.866247079829,2105.17378666188,False
2940,2541,2016-10-27,1,2144.06005859375,2147.1298828125,2132.52001953125,2133.0400390625,4209400000,2144.644703459131,2105.45106280517,False
2941,2542,2016-10-28,1,2132.22998046875,2140.719970703125,2119.360107421875,2126.409912109375,4028270000,2142.9080566639163,2105.659608569391,False
2942,2543,2016-10-31,1,2129.780029296875,2133.25,2125.530029296875,2126.14990234375,3926560000,2141.3120419667575,2105.863492089534,False
2943,2544,2016-11-01,1,2128.679931640625,2131.449951171875,2097.85009765625,2111.719970703125,4539190000,2138.493749465459,2105.921765508575,False
2944,2545,2016-11-02,1,2109.429931640625,2111.760009765625,2094.0,2097.93994140625,4289120000,2134.6314820312487,2105.8423443732286,False
2945,2546,2016-11-03,1,2098.800048828125,2102.56005859375,2085.22998046875,2088.659912109375,3892100000,2130.2532372767846,2105.671374897967,False
2946,2547,2016-11-04,1,2083.7900390625,2099.070068359375,2083.7900390625,2085.179931640625,3841910000,2125.9605415019123,2105.467479940183,False
2947,2548,2016-11-07,1,2100.590087890625,2132.0,2100.590087890625,2131.52001953125,3739720000,2126.4900155999444,2105.726709189845,False
2948,2549,2016-11-08,1,2129.919921875,2146.8701171875,2123.56005859375,2139.56005859375,3921850000,2127.7347815993544,2106.0633594326705,False
2949,2550,2016-11-09,1,2131.56005859375,2170.10009765625,2125.35009765625,2163.260009765625,6267590000,2131.118136662809,2106.632480331506,False
2950,2551,2016-11-10,1,2167.489990234375,2182.300048828125,2151.169921875,2167.47998046875,6458450000,2134.5811694062318,2107.237928094066,False
2951,2552,2016-11-11,1,2162.7099609375,2165.919921875,2152.489990234375,2164.449951171875,4993990000,2137.425815288674,2107.8072019555366,False
2952,2553,2016-11-14,1,2165.639892578125,2171.360107421875,2156.080078125,2164.199951171875,5373670000,2139.975732991836,2108.3683238382864,False
2953,2554,2016-11-15,1,2168.2900390625,2180.840087890625,2166.3798828125,2180.389892578125,4548110000,2143.8247005714825,2109.0849563630613,False
2954,2555,2016-11-16,1,2177.530029296875,2179.219970703125,2172.199951171875,2176.93994140625,3847900000,2146.9785330319364,2109.760130343591,False
2955,2556,2016-11-17,1,2178.610107421875,2188.06005859375,2176.64990234375,2187.1201171875,3811730000,2150.801541046752,2110.5298814564653,False
2956,2557,2016-11-18,1,2186.85009765625,2189.889892578125,2180.3798828125,2181.89990234375,3580900000,2153.7632897417043,2111.2400309180307,False
2957,2558,2016-11-21,1,2186.429931640625,2198.699951171875,2186.429931640625,2198.179931640625,3611500000,2157.99344611303,2112.1051045570616,False
2958,2559,2016-11-22,1,2201.56005859375,2204.800048828125,2194.510009765625,2202.93994140625,3960520000,2162.2740647123846,2113.0089337794416,False
2959,2560,2016-11-23,1,2198.550048828125,2204.719970703125,2194.510009765625,2204.719970703125,3419850000,2166.316531949598,2113.9214814105235,False
2960,2561,2016-11-25,1,2206.27001953125,2213.35009765625,2206.27001953125,2213.35009765625,1584590000,2170.795919159755,2114.910820875655,False
2961,2562,2016-11-28,1,2210.2099609375,2211.139892578125,2200.360107421875,2201.719970703125,3515100000,2173.7410669257906,2115.7745935107546,False
2962,2563,2016-11-29,1,2200.760009765625,2210.4599609375,2198.14990234375,2204.659912109375,3709190000,2176.6857188480367,2116.659024541587,False
2963,2564,2016-11-30,1,2204.969970703125,2214.10009765625,2198.81005859375,2198.81005859375,5538400000,2178.792798823819,2117.476447765987,False
2964,2565,2016-12-01,1,2200.169921875,2202.60009765625,2187.43994140625,2191.080078125,5067470000,2179.9630159001217,2118.20882219742,False
2965,2566,2016-12-02,1,2191.1201171875,2197.949951171875,2188.3701171875,2191.949951171875,3782370000,2181.104628783146,2118.9425647742805,False
2966,2567,2016-12-05,1,2200.64990234375,2209.419921875,2199.969970703125,2204.7099609375,3898530000,2183.3527556549893,2119.795971701278,False
2967,2568,2016-12-06,1,2207.260009765625,2212.780029296875,2202.2099609375,2212.22998046875,3857290000,2186.102967542014,2120.715713082049,False
2968,2569,2016-12-07,1,2210.719970703125,2241.6298828125,2208.929931640625,2241.35009765625,4504070000,2191.364598981465,2121.916055217116,False
2969,2570,2016-12-08,1,2241.1298828125,2251.68994140625,2237.570068359375,2246.18994140625,4203270000,2196.586060164778,2123.1526112986003,False
2970,2571,2016-12-09,1,2249.72998046875,2259.800048828125,2249.22998046875,2259.530029296875,3886460000,2202.580723891644,2124.509600532414,False
2971,2572,2016-12-12,1,2258.830078125,2264.030029296875,2252.3701171875,2256.9599609375,4038850000,2207.7596988483924,2125.827514566295,False
2972,2573,2016-12-13,1,2263.320068359375,2277.530029296875,2263.320068359375,2271.719970703125,3875630000,2213.851153310748,2127.2791807965123,False
2973,2574,2016-12-14,1,2268.35009765625,2276.199951171875,2248.43994140625,2253.280029296875,4409670000,2217.6062843570458,2128.5329205825856,False
2974,2575,2016-12-15,1,2253.77001953125,2272.1201171875,2253.77001953125,2262.030029296875,4173360000,2221.837117208458,2129.8612500225286,False
2975,2576,2016-12-16,1,2266.81005859375,2268.050048828125,2254.239990234375,2258.070068359375,5928980000,2225.2878744609266,2131.136959657721,False
2976,2577,2016-12-19,1,2259.239990234375,2267.469970703125,2258.2099609375,2262.530029296875,3252840000,2228.8347463500645,2132.4443533854737,False
2977,2578,2016-12-20,1,2266.5,2272.56005859375,2266.139892578125,2270.760009765625,3306250000,2232.827628580118,2133.820628573336,False
2978,2579,2016-12-21,1,2270.5400390625,2271.22998046875,2265.14990234375,2265.179931640625,2854880000,2235.908800300166,2135.127686315299,False
2979,2580,2016-12-22,1,2262.929931640625,2263.179931640625,2256.080078125,2260.9599609375,2880670000,2238.2946251227695,2136.3797487493507,False
2980,2581,2016-12-23,1,2260.25,2263.7900390625,2258.840087890625,2263.7900390625,2021230000,2240.7227597836963,2137.6475128320685,False
2981,2582,2016-12-27,1,2266.22998046875,2273.820068359375,2266.14990234375,2268.8798828125,1989730000,2243.4043905483445,2138.953307558242,False
2982,2583,2016-12-28,1,2270.22998046875,2271.31005859375,2249.110107421875,2249.919921875,2402750000,2244.0249173413595,2140.0574529743294,False
2983,2584,2016-12-29,1,2249.5,2254.510009765625,2244.56005859375,2249.260009765625,2338700000,2244.523497572242,2141.144045579218,False
2984,2585,2016-12-30,1,2251.610107421875,2253.580078125,2233.6201171875,2238.830078125,2671550000,2243.9812671486948,2142.1160459030566,False
2985,2586,2017-01-03,1,2251.570068359375,2263.8798828125,2245.1298828125,2257.830078125,3773010000,2245.3002015273905,2143.2674293082505,False
2986,2587,2017-01-04,1,2261.60009765625,2272.820068359375,2261.60009765625,2270.75,3768890000,2247.7239918581154,2144.5359125987156,False
2987,2588,2017-01-05,1,2268.179931640625,2271.5,2260.449951171875,2269.0,3785080000,2249.7502783478185,2145.774361229574,False
2988,2589,2017-01-06,1,2271.139892578125,2282.10009765625,2264.06005859375,2276.97998046875,3342080000,2252.3435833117164,2147.079889779218,False
2989,2590,2017-01-09,1,2273.590087890625,2275.489990234375,2268.89990234375,2268.89990234375,3219730000,2253.9203756004817,2148.2920292077206,False
2990,2591,2017-01-10,1,2269.719970703125,2279.27001953125,2265.27001953125,2268.89990234375,3640560000,2255.346997195079,2149.4921075473826,False
2991,2592,2017-01-11,1,2268.60009765625,2275.320068359375,2260.830078125,2275.320068359375,3625080000,2257.2491944488215,2150.7441270579498,False
2992,2593,2017-01-12,1,2271.139892578125,2271.780029296875,2254.25,2270.43994140625,3466220000,2258.5054560638146,2151.9351301857937,False
2993,2594,2017-01-13,1,2272.739990234375,2278.679931640625,2271.510009765625,2274.639892578125,3090680000,2260.0420690651777,2153.1560730951705,False
2994,2595,2017-01-17,1,2269.139892578125,2272.080078125,2262.81005859375,2267.889892578125,3586950000,2260.7894808283154,2154.2977031397772,False
2995,2596,2017-01-18,1,2269.139892578125,2272.010009765625,2263.35009765625,2271.889892578125,3317670000,2261.8466628997257,2155.4677746764773,False
2996,2597,2017-01-19,1,2271.89990234375,2274.330078125,2258.409912109375,2263.68994140625,3168390000,2262.0222132336803,2156.5446121563755,False
2997,2598,2017-01-20,1,2269.9599609375,2276.9599609375,2265.010009765625,2271.31005859375,3536850000,2262.906769934639,2157.686556897046,False
2998,2599,2017-01-23,1,2267.780029296875,2271.780029296875,2257.02001953125,2265.199951171875,3155240000,2263.1251681477092,2158.756341914706,False
2999,2600,2017-01-24,1,2267.8798828125,2284.6298828125,2266.679931640625,2280.070068359375,3816950000,2264.738968167868,2159.9634436703745,False
3000,2601,2017-01-25,1,2288.8798828125,2299.550048828125,2288.8798828125,2298.3701171875,3849340000,2267.9419347411663,2161.3406245013907,False
3001,2602,2017-01-26,1,2298.6298828125,2300.989990234375,2294.080078125,2296.679931640625,3611510000,2270.678886826829,2162.687284273921,False
3002,2603,2017-01-27,1,2299.02001953125,2299.02001953125,2291.6201171875,2294.68994140625,3137420000,2272.965653929631,2164.000743548869,False
3003,2604,2017-01-30,1,2286.010009765625,2286.010009765625,2268.0400390625,2280.89990234375,3595040000,2273.721296635738,2165.163919258271,False
3004,2605,2017-01-31,1,2274.02001953125,2279.090087890625,2267.2099609375,2278.8701171875,4089730000,2274.2116604978105,2166.295324212791,False
3005,2606,2017-02-01,1,2285.590087890625,2289.139892578125,2272.43994140625,2279.550048828125,3919190000,2274.720078434031,2167.4222368955307,False
3006,2607,2017-02-02,1,2276.68994140625,2283.969970703125,2271.64990234375,2280.85009765625,3809760000,2275.303889788528,2168.5508723259854,False
3007,2608,2017-02-03,1,2288.5400390625,2298.31005859375,2287.8798828125,2297.419921875,3605970000,2277.410178558668,2169.8331514259758,False
3008,2609,2017-02-06,1,2294.280029296875,2296.179931640625,2288.570068359375,2292.56005859375,3112390000,2278.853024276295,2171.0543146813766,False
3009,2610,2017-02-07,1,2295.8701171875,2299.39990234375,2290.159912109375,2293.080078125,3452460000,2280.2079817856957,2172.2685013823084,False
3010,2611,2017-02-08,1,2289.550048828125,2295.909912109375,2285.3798828125,2294.669921875,3611950000,2281.5853094132485,2173.4864259643255,False
3011,2612,2017-02-09,1,2296.699951171875,2311.080078125,2296.610107421875,2307.8701171875,3681600000,2284.088624439368,2174.823577120775,False
3012,2613,2017-02-10,1,2312.27001953125,2319.22998046875,2311.10009765625,2316.10009765625,3496600000,2287.137336174309,2176.2293136435164,False
3013,2614,2017-02-13,1,2321.719970703125,2331.580078125,2321.419921875,2328.25,3352370000,2291.052827967232,2177.7419572888543,False
3014,2615,2017-02-14,1,2326.1201171875,2337.580078125,2322.169921875,2337.580078125,3528040000,2295.483994648924,2179.332386351901,False
3015,2616,2017-02-15,1,2335.580078125,2351.300048828125,2334.81005859375,2349.25,3785870000,2300.604566587122,2181.023108875763,False
3016,2617,2017-02-16,1,2349.639892578125,2351.31005859375,2338.8701171875,2347.219970703125,3675900000,2305.0441288838842,2182.676808993448,False
3017,2618,2017-02-17,1,2343.010009765625,2351.159912109375,2339.580078125,2351.159912109375,3516830000,2309.4361082386927,2184.3532577806714,False
3018,2619,2017-02-21,1,2354.909912109375,2366.7099609375,2354.909912109375,2365.3798828125,3587520000,2314.764086769532,2186.154517731237,False
3019,2620,2017-02-22,1,2361.110107421875,2365.1298828125,2358.340087890625,2362.820068359375,3473170000,2319.3408469209453,2187.9123839066415,False
3020,2621,2017-02-23,1,2367.5,2368.260009765625,2355.090087890625,2363.81005859375,4021770000,2323.576009937403,2189.6626095254187,False
3021,2622,2017-02-24,1,2355.72998046875,2367.340087890625,2352.8701171875,2367.340087890625,3832410000,2327.744017361519,2191.43054463353,False
3022,2623,2017-02-27,1,2365.22998046875,2371.5400390625,2361.8701171875,2369.75,3584680000,2331.7445871366126,2193.2048675725005,False
3023,2624,2017-02-28,1,2366.080078125,2367.7900390625,2358.9599609375,2363.639892578125,4212460000,2334.7822352738995,2194.900738468079,False
3024,2625,2017-03-01,1,2380.1298828125,2400.97998046875,2380.1298828125,2395.9599609375,4347630000,2340.6086853370994,2196.9013277463814,False
3025,2626,2017-03-02,1,2394.75,2394.75,2380.169921875,2381.919921875,3824030000,2344.5430888168994,2198.7423087824873,False
3026,2627,2017-03-03,1,2380.919921875,2383.889892578125,2375.389892578125,2383.1201171875,3556670000,2348.2170915188613,2200.576913841244,False
3027,2628,2017-03-06,1,2375.22998046875,2378.800048828125,2367.97998046875,2375.31005859375,3251800000,2350.797374097422,2202.315552097488,False
3028,2629,2017-03-07,1,2370.739990234375,2375.1201171875,2365.510009765625,2368.389892578125,3526300000,2352.4728520479653,2203.9680330972956,False
3029,2630,2017-03-08,1,2369.81005859375,2373.090087890625,2361.010009765625,2362.97998046875,3814080000,2353.473530945183,2205.5502415288524,False
3030,2631,2017-03-09,1,2363.489990234375,2369.080078125,2354.5400390625,2364.8701171875,3718450000,2354.558920111118,2207.135513923466,False
3031,2632,2017-03-10,1,2372.52001953125,2376.860107421875,2363.0400390625,2372.60009765625,3434400000,2356.2771274963684,2208.7819276919518,False
3032,2633,2017-03-13,1,2371.56005859375,2374.419921875,2368.52001953125,2373.469970703125,3166650000,2357.9145411351074,2210.420614687088,False
3033,2634,2017-03-14,1,2368.550048828125,2368.550048828125,2358.179931640625,2365.449951171875,3173760000,2358.632199233847,2211.963195149623,False
3034,2635,2017-03-15,1,2370.340087890625,2390.010009765625,2368.93994140625,2385.260009765625,3909490000,2361.1681811892545,2213.687541563713,False
3035,2636,2017-03-16,1,2387.7099609375,2388.10009765625,2377.179931640625,2381.3798828125,3368880000,2363.093105153373,2215.356122073651,False
3036,2637,2017-03-17,1,2383.7099609375,2385.7099609375,2377.639892578125,2378.25,5179820000,2364.5366189482897,2216.9769566798836,False
3037,2638,2017-03-20,1,2378.239990234375,2379.550048828125,2369.659912109375,2373.469970703125,3061560000,2365.387414353512,2218.5341010980255,False
3038,2639,2017-03-21,1,2379.320068359375,2381.929931640625,2341.89990234375,2344.02001953125,4278890000,2363.3524243704396,2219.7827172018388,False
3039,2640,2017-03-22,1,2343.0,2351.81005859375,2336.449951171875,2348.449951171875,3575160000,2361.9331412086717,2221.0629881866153,False
3040,2641,2017-03-23,1,2345.969970703125,2358.919921875,2342.1298828125,2345.9599609375,3262400000,2360.411885944751,2222.3057441343853,False
3041,2642,2017-03-24,1,2350.419921875,2356.219970703125,2335.739990234375,2343.97998046875,2978530000,2358.846942566084,2223.516433053135,False
3042,2643,2017-03-27,1,2329.110107421875,2344.89990234375,2322.25,2341.590087890625,3242300000,2357.203432596993,2224.691295290324,False
3043,2644,2017-03-28,1,2339.7900390625,2363.780029296875,2337.6298828125,2358.570068359375,3369120000,2357.3335883838863,2226.0234223855387,False
3044,2645,2017-03-29,1,2356.5400390625,2363.360107421875,2352.93994140625,2361.1298828125,3107670000,2357.6951402342306,2227.367765275359,False
3045,2646,2017-03-30,1,2361.31005859375,2370.419921875,2358.580078125,2368.06005859375,3159680000,2358.6822753160895,2228.76768859196,False
3046,2647,2017-03-31,1,2364.820068359375,2370.35009765625,2362.60009765625,2362.719970703125,3356740000,2359.0668177339026,2230.1005471204294,False
3047,2648,2017-04-03,1,2362.340087890625,2365.8701171875,2344.72998046875,2358.840087890625,3418730000,2359.0452244154953,2231.3815375758545,False
3048,2649,2017-04-04,1,2354.760009765625,2360.530029296875,2350.719970703125,2360.159912109375,3208340000,2359.151385148246,2232.662914436885,False
3049,2650,2017-04-05,1,2366.590087890625,2378.360107421875,2350.52001953125,2352.949951171875,3780650000,2358.5607723885914,2233.8598003745465,False
3050,2651,2017-04-06,1,2353.7900390625,2364.159912109375,2348.89990234375,2357.489990234375,3203250000,2358.458793135809,2235.0899515174306,False
3051,2652,2017-04-07,1,2356.590087890625,2363.760009765625,2350.739990234375,2355.5400390625,3054700000,2358.1808165573984,2236.2884598512123,False
3052,2653,2017-04-10,1,2357.159912109375,2366.3701171875,2351.5,2357.159912109375,2792570000,2358.0835875623484,2237.4911608687066,False
3053,2654,2017-04-11,1,2353.919921875,2355.219970703125,2337.25,2353.780029296875,3120900000,2357.6737248703985,2238.6482640371464,False
3054,2655,2017-04-12,1,2352.14990234375,2352.719970703125,2341.179931640625,2344.929931640625,3201300000,2356.460030277087,2239.705793068027,False
3055,2656,2017-04-13,1,2341.97998046875,2348.260009765625,2328.949951171875,2328.949951171875,3146380000,2353.840022743257,2240.5937946412,False
3056,2657,2017-04-17,1,2332.6201171875,2349.139892578125,2332.510009765625,2349.010009765625,2826890000,2353.3800215072924,2241.672562950896,False
3057,2658,2017-04-18,1,2342.530029296875,2348.35009765625,2334.5400390625,2342.18994140625,3272210000,2352.3142995929074,2242.67273587085,False
3058,2659,2017-04-19,1,2346.7900390625,2352.6298828125,2335.050048828125,2338.169921875,3521160000,2350.967216000726,2243.6229566271104,False
3059,2660,2017-04-20,1,2342.68994140625,2361.3701171875,2340.909912109375,2355.840087890625,3648990000,2351.431299037859,2244.7395449978917,False
3060,2661,2017-04-21,1,2354.739990234375,2356.179931640625,2344.510009765625,2348.68994140625,3524160000,2351.1702173586577,2245.7738773004626,False
3061,2662,2017-04-24,1,2370.330078125,2376.97998046875,2369.18994140625,2374.14990234375,3711170000,2353.358758785809,2247.0512506839777,False
3062,2663,2017-04-25,1,2381.510009765625,2392.47998046875,2381.14990234375,2388.610107421875,4005820000,2356.716030084482,2248.459796522166,False
3063,2664,2017-04-26,1,2388.97998046875,2398.159912109375,2386.780029296875,2387.449951171875,4111350000,2359.643070188043,2249.842783135596,False
3064,2665,2017-04-27,1,2389.699951171875,2392.10009765625,2382.679931640625,2388.77001953125,4099940000,2362.4170653635865,2251.2251436967467,False
3065,2666,2017-04-28,1,2393.679931640625,2393.679931640625,2382.360107421875,2384.199951171875,3721350000,2364.4916259167567,2252.5482761094345,False
3066,2667,2017-05-01,1,2388.5,2394.489990234375,2384.830078125,2388.330078125,3201500000,2366.7619546984943,2253.899338816057,False
3067,2668,2017-05-02,1,2391.050048828125,2392.929931640625,2385.820068359375,2391.169921875,3861360000,2369.0865230010186,2255.265215264405,False
3068,2669,2017-05-03,1,2386.5,2389.820068359375,2379.75,2388.1298828125,3896760000,2370.900176316398,2256.5872517574207,False
3069,2670,2017-05-04,1,2389.7900390625,2391.429931640625,2380.35009765625,2389.52001953125,4367860000,2372.6734947178124,2257.9099658646232,False
3070,2671,2017-05-05,1,2392.3701171875,2399.2900390625,2389.3798828125,2399.2900390625,3543240000,2375.208403703021,2259.3167327621145,False
3071,2672,2017-05-08,1,2399.93994140625,2401.360107421875,2393.919921875,2399.3798828125,3429990000,2377.5104493324948,2260.710395946696,False
3072,2673,2017-05-09,1,2401.580078125,2403.8701171875,2392.43994140625,2396.919921875,3657840000,2379.3589705270188,2262.065714612649,False
3073,2674,2017-05-10,1,2396.7900390625,2399.739990234375,2392.7900390625,2399.6298828125,3649370000,2381.2895336018264,2263.4345123061803,False
3074,2675,2017-05-11,1,2394.840087890625,2395.719970703125,2381.739990234375,2394.43994140625,3727710000,2382.541953392724,2264.7380489141415,False
3075,2676,2017-05-12,1,2392.43994140625,2392.43994140625,2387.18994140625,2390.89990234375,3304620000,2383.3379485309165,2265.9933907393115,False
3076,2677,2017-05-15,1,2393.97998046875,2404.050048828125,2393.93994140625,2402.320068359375,3490080000,2385.1457694669602,2267.34987509374,False
3077,2678,2017-05-16,1,2404.550048828125,2405.77001953125,2396.050048828125,2400.669921875,3421810000,2386.624260172488,2268.6764427234048,False
3078,2679,2017-05-17,1,2382.949951171875,2384.8701171875,2356.2099609375,2357.030029296875,4164760000,2383.805761993858,2269.555582888315,False
3079,2680,2017-05-18,1,2354.68994140625,2375.739990234375,2352.719970703125,2365.719970703125,4319440000,2382.083305680455,2270.512442468562,False
3080,2681,2017-05-19,1,2371.3701171875,2389.06005859375,2370.429931640625,2381.72998046875,3831700000,2382.0496556602925,2271.619084637718,False
3081,2682,2017-05-22,1,2387.2099609375,2395.4599609375,2386.919921875,2394.02001953125,3176580000,2383.1896903146694,2272.8370043879027,False
3082,2683,2017-05-23,1,2397.0400390625,2400.85009765625,2393.8798828125,2398.419921875,3216560000,2384.6401885585105,2274.0865856564315,False
3083,2684,2017-05-24,1,2401.409912109375,2405.580078125,2397.989990234375,2404.389892578125,3389240000,2386.5211127508546,2275.38313597406,False
3084,2685,2017-05-25,1,2409.5400390625,2418.7099609375,2408.010009765625,2415.070068359375,3538210000,2389.2400609040474,2276.7730556992874,False
3085,2686,2017-05-26,1,2414.5,2416.679931640625,2412.199951171875,2415.820068359375,2806930000,2391.771490185507,2278.1566080640646,False
3086,2687,2017-05-30,1,2411.669921875,2415.260009765625,2409.429931640625,2412.909912109375,3205860000,2393.7846732258754,2279.497436960038,False
3087,2688,2017-05-31,1,2415.6298828125,2415.989990234375,2403.590087890625,2411.800048828125,4518040000,2395.5004232832325,2280.813880859223,False
3088,2689,2017-06-01,1,2415.64990234375,2430.06005859375,2413.5400390625,2430.06005859375,3860620000,2398.791817122329,2282.2989174535965,False
3089,2690,2017-06-02,1,2431.280029296875,2440.22998046875,2427.7099609375,2439.070068359375,3465500000,2402.627841049667,2283.8588294029078,False
3090,2691,2017-06-05,1,2437.830078125,2439.550048828125,2434.320068359375,2436.10009765625,2916720000,2405.815675012199,2285.373667892991,False
3091,2692,2017-06-06,1,2431.919921875,2436.2099609375,2428.1201171875,2429.330078125,3376750000,2408.055141975323,2286.806069984852,False
3092,2693,2017-06-07,1,2432.030029296875,2435.280029296875,2424.75,2433.139892578125,3576220000,2410.4441658422566,2288.2621279211035,False
3093,2694,2017-06-08,1,2434.27001953125,2439.27001953125,2427.93994140625,2433.7900390625,3735980000,2412.6675823394226,2289.7101668379332,False
3094,2695,2017-06-09,1,2436.389892578125,2446.199951171875,2415.699951171875,2431.77001953125,4029860000,2414.4868620719776,2291.1236977105036,False
3095,2696,2017-06-12,1,2425.8798828125,2430.3798828125,2419.969970703125,2429.389892578125,4031840000,2415.9061983106585,2292.499480744012,False
3096,2697,2017-06-13,1,2434.14990234375,2441.489990234375,2431.280029296875,2440.35009765625,3278240000,2418.2341887245243,2293.9706311610494,False
3097,2698,2017-06-14,1,2443.75,2443.75,2428.340087890625,2437.919921875,3558640000,2420.109020453141,2295.4029624119344,False
3098,2699,2017-06-15,1,2424.139892578125,2433.949951171875,2418.530029296875,2432.4599609375,3371980000,2421.2853004992703,2296.7667136410446,False
3099,2700,2017-06-16,1,2431.239990234375,2433.14990234375,2422.8798828125,2433.14990234375,5299380000,2422.415262579697,2298.123760294803,False
3100,2701,2017-06-19,1,2442.550048828125,2453.820068359375,2441.7900390625,2453.4599609375,3271480000,2425.371900518535,2299.669394132044,False
3101,2702,2017-06-20,1,2450.659912109375,2450.659912109375,2436.60009765625,2437.030029296875,3422700000,2426.4821984974246,2301.0361666212466,False
3102,2703,2017-06-21,1,2439.31005859375,2442.22998046875,2430.739990234375,2435.610107421875,3599190000,2427.3515231568963,2302.3752108083177,False
3103,2704,2017-06-22,1,2437.39990234375,2441.6201171875,2433.27001953125,2434.5,3477250000,2428.032330475287,2303.689885327638,False
3104,2705,2017-06-23,1,2434.64990234375,2441.39990234375,2431.110107421875,2438.300048828125,5282460000,2429.0102084136524,2305.0292899395836,False
3105,2706,2017-06-26,1,2443.320068359375,2450.419921875,2437.030029296875,2439.070068359375,3243660000,2429.9682903132452,2306.3630290283377,False
3106,2707,2017-06-27,1,2436.340087890625,2440.14990234375,2419.3798828125,2419.3798828125,3564770000,2428.9598705512694,2307.4875748371355,False
3107,2708,2017-06-28,1,2428.699951171875,2442.969970703125,2428.02001953125,2440.68994140625,3479980000,2430.077020156506,2308.8129715194154,False
3108,2709,2017-06-29,1,2442.3798828125,2442.72998046875,2405.699951171875,2419.699951171875,3869560000,2429.0887278722557,2309.9163245507834,False
3109,2710,2017-06-30,1,2429.199951171875,2432.7099609375,2421.64990234375,2423.409912109375,3366030000,2428.5478882757907,2311.0456139792273,False
3110,2711,2017-07-03,1,2431.389892578125,2439.169921875,2428.68994140625,2429.010009765625,1901480000,2428.591899846251,2312.219389061679,False
3111,2712,2017-07-05,1,2430.780029296875,2434.89990234375,2422.050048828125,2432.5400390625,3368150000,2428.9679131049415,2313.416609459697,False
3112,2713,2017-07-06,1,2423.43994140625,2424.280029296875,2407.699951171875,2409.75,3368710000,2427.137635666376,2314.3751506591034,False
3113,2714,2017-07-07,1,2413.52001953125,2426.919921875,2413.52001953125,2425.179931640625,2929390000,2426.9511876639235,2315.4776857932484,False
3114,2715,2017-07-10,1,2424.510009765625,2432.0,2422.27001953125,2427.429931640625,3009880000,2426.996782328371,2316.5916384882476,False
3115,2716,2017-07-11,1,2427.35009765625,2429.300048828125,2412.7900390625,2425.530029296875,3108800000,2426.857091563467,2317.675602575896,False
3116,2717,2017-07-12,1,2435.75,2445.760009765625,2435.75,2443.25,3176900000,2428.4183209383746,2318.925099067678,False
3117,2718,2017-07-13,1,2444.989990234375,2449.320068359375,2441.68994140625,2447.830078125,3068510000,2430.267059718053,2320.2077356752134,False
3118,2719,2017-07-14,1,2449.159912109375,2463.5400390625,2446.68994140625,2459.27001953125,2738460000,2433.0292463669293,2321.591439992189,False
3119,2720,2017-07-17,1,2459.5,2462.820068359375,2457.159912109375,2459.139892578125,2800580000,2435.515974577519,2322.960081311452,False
3120,2721,2017-07-18,1,2455.8798828125,2460.919921875,2450.340087890625,2460.610107421875,2974090000,2437.9058919912673,2324.329733312551,False
3121,2722,2017-07-19,1,2463.85009765625,2473.830078125,2463.85009765625,2473.830078125,3063810000,2441.327243051623,2325.817298932576,False
3122,2723,2017-07-20,1,2475.56005859375,2477.6201171875,2468.429931640625,2473.449951171875,3223820000,2444.3865485868855,2327.286280546897,False
3123,2724,2017-07-21,1,2467.39990234375,2472.5400390625,2465.06005859375,2472.5400390625,3066880000,2447.067833394087,2328.731591576903,False
3124,2725,2017-07-24,1,2472.0400390625,2473.10009765625,2466.320068359375,2469.909912109375,3019920000,2449.2432694622094,2330.1363509851863,False
3125,2726,2017-07-25,1,2477.8798828125,2481.239990234375,2474.909912109375,2477.1298828125,4116360000,2451.899137400332,2331.5989731924233,False
3126,2727,2017-07-26,1,2479.969970703125,2481.68994140625,2474.93994140625,2477.830078125,3597830000,2454.3687508026815,2333.054009062399,False
3127,2728,2017-07-27,1,2482.760009765625,2484.0400390625,2459.929931640625,2475.419921875,4035740000,2456.3736242381406,2334.4705853092905,False
3128,2729,2017-07-28,1,2469.1201171875,2473.530029296875,2464.659912109375,2472.10009765625,3302850000,2457.871383611294,2335.84003319334,False
3129,2730,2017-07-31,1,2475.93994140625,2477.9599609375,2468.530029296875,2470.300048828125,3475930000,2459.0550660128965,2337.177943796671,False
3130,2731,2017-08-01,1,2477.10009765625,2478.510009765625,2471.139892578125,2476.35009765625,3470260000,2460.702211883692,2338.5627413475127,False
3131,2732,2017-08-02,1,2480.3798828125,2480.3798828125,2466.47998046875,2477.570068359375,3487150000,2462.3086744051857,2339.945898830218,False
3132,2733,2017-08-03,1,2476.030029296875,2476.030029296875,2468.85009765625,2472.159912109375,3662410000,2463.2468875198706,2341.261461151404,False
3133,2734,2017-08-04,1,2476.8798828125,2480.0,2472.080078125,2476.830078125,3239980000,2464.5405247203594,2342.6104026138282,False
3134,2735,2017-08-07,1,2477.139892578125,2480.949951171875,2475.8798828125,2480.909912109375,2935130000,2466.099513995504,2343.986517136172,False
3135,2736,2017-08-08,1,2478.35009765625,2490.8701171875,2470.320068359375,2474.919921875,3347480000,2466.93955284117,2345.2893370838224,False
3136,2737,2017-08-09,1,2465.35009765625,2474.409912109375,2462.080078125,2474.02001953125,3310960000,2467.61388300213,2346.570239396732,False
3137,2738,2017-08-10,1,2465.3798828125,2465.3798828125,2437.75,2438.2099609375,3635820000,2464.813509472165,2347.482077422014,False
3138,2739,2017-08-11,1,2441.0400390625,2448.090087890625,2437.85009765625,2441.320068359375,3161830000,2462.576038889995,2348.4157887746246,False
3139,2740,2017-08-14,1,2454.9599609375,2468.219970703125,2454.9599609375,2465.840087890625,2824320000,2462.8869006995787,2349.5841897608534,False
3140,2741,2017-08-15,1,2468.659912109375,2468.89990234375,2461.610107421875,2464.610107421875,2922430000,2463.051015625512,2350.728726254993,False
3141,2742,2017-08-16,1,2468.6298828125,2474.929931640625,2463.860107421875,2468.110107421875,2956570000,2463.532833891832,2351.8967001969518,False
3142,2743,2017-08-17,1,2462.949951171875,2465.02001953125,2430.010009765625,2430.010009765625,3164950000,2460.3401839750504,2352.6739470583316,False
3143,2744,2017-08-18,1,2427.639892578125,2440.27001953125,2420.68994140625,2425.550048828125,3426970000,2457.0268377705816,2353.3990823993245,False
3144,2745,2017-08-21,1,2425.5,2430.580078125,2417.35009765625,2428.3701171875,2803650000,2454.2976262864786,2354.145062844978,False
3145,2746,2017-08-22,1,2433.75,2454.77001953125,2433.669921875,2452.510009765625,2780990000,2454.127377094016,2355.1238185357306,False
3146,2747,2017-08-23,1,2444.8798828125,2448.909912109375,2441.419921875,2444.0400390625,2796950000,2453.1666782338716,2356.008557048435,False
3147,2748,2017-08-24,1,2447.909912109375,2450.389892578125,2436.18994140625,2438.969970703125,2849680000,2451.814610849991,2356.8340437514667,False
3148,2749,2017-08-25,1,2444.719970703125,2453.9599609375,2442.219970703125,2443.050048828125,2593350000,2450.9798906574324,2357.691914448747,False
3149,2750,2017-08-28,1,2447.35009765625,2449.1201171875,2439.030029296875,2444.239990234375,2682920000,2450.337995379046,2358.553089332186,False
3150,2751,2017-08-29,1,2431.93994140625,2449.18994140625,2428.199951171875,2446.300048828125,2739460000,2449.953429040863,2359.4261934067727,False
3151,2752,2017-08-30,1,2446.06005859375,2460.31005859375,2443.77001953125,2457.590087890625,2637780000,2450.6807298836975,2360.4029485757665,False
3152,2753,2017-08-31,1,2462.64990234375,2475.010009765625,2462.64990234375,2471.64990234375,3353860000,2452.6777939275116,2361.5098834391297,False
3153,2754,2017-09-01,1,2474.419921875,2480.3798828125,2473.85009765625,2476.550048828125,2712780000,2454.9513420132844,2362.654561701707,False
3154,2755,2017-09-05,1,2470.35009765625,2471.969970703125,2446.550048828125,2457.85009765625,3502190000,2455.227413979281,2363.601780964936,False
3155,2756,2017-09-06,1,2463.830078125,2469.639892578125,2459.199951171875,2465.5400390625,3400200000,2456.209568749112,2364.6160919907825,False
3156,2757,2017-09-07,1,2468.06005859375,2468.6201171875,2460.2900390625,2465.10009765625,3365780000,2457.056285787887,2365.6159328431754,False
3157,2758,2017-09-08,1,2462.25,2467.110107421875,2459.39990234375,2461.429931640625,3308360000,2457.472823488148,2366.569305965538,False
3158,2759,2017-09-11,1,2474.52001953125,2488.949951171875,2474.52001953125,2488.110107421875,3293460000,2460.390660053265,2367.7786671740587,False
3159,2760,2017-09-12,1,2491.93994140625,2496.77001953125,2490.3701171875,2496.47998046875,3234280000,2463.827738188073,2369.0592772565933,False
3160,2761,2017-09-13,1,2493.889892578125,2498.3701171875,2492.139892578125,2498.3701171875,3371370000,2467.1174885689707,2370.345952280781,False
3161,2762,2017-09-14,1,2494.56005859375,2498.429931640625,2491.35009765625,2495.6201171875,3422470000,2469.832024627878,2371.592461384331,False
3162,2763,2017-09-15,1,2495.669921875,2500.22998046875,2493.159912109375,2500.22998046875,4862970000,2472.7270680412944,2372.872436698604,False
3163,2764,2017-09-18,1,2502.510009765625,2508.320068359375,2499.919921875,2503.8701171875,3204700000,2475.6930727218855,2374.175896205956,False
3164,2765,2017-09-19,1,2506.2900390625,2507.840087890625,2503.18994140625,2506.64990234375,3253760000,2478.641342209682,2375.49404552076,False
3165,2766,2017-09-20,1,2506.840087890625,2508.85009765625,2496.669921875,2508.239990234375,3584570000,2481.4602610691763,2376.8149006920403,False
3166,2767,2017-09-21,1,2507.159912109375,2507.159912109375,2499.0,2500.60009765625,2965590000,2483.2831026488975,2378.046594194172,False
3167,2768,2017-09-22,1,2497.260009765625,2503.469970703125,2496.5400390625,2502.219970703125,2877980000,2485.0866138921574,2379.282150179336,False
3168,2769,2017-09-25,1,2499.389892578125,2502.5400390625,2488.030029296875,2496.659912109375,3314530000,2486.188832769988,2380.450088108988,False
3169,2770,2017-09-26,1,2501.0400390625,2503.510009765625,2495.1201171875,2496.840087890625,3070770000,2487.203238019573,2381.6081975595516,False
3170,2771,2017-09-27,1,2503.300048828125,2511.75,2495.909912109375,2507.0400390625,3485070000,2489.092457166518,2382.8562755844564,False
3171,2772,2017-09-28,1,2503.409912109375,2510.81005859375,2502.929931640625,2510.06005859375,3173030000,2491.0893715881593,2384.121984868131,False
3172,2773,2017-09-29,1,2509.9599609375,2519.43994140625,2507.989990234375,2519.360107421875,3220260000,2493.7818226199415,2385.467637828865,False
3173,2774,2017-10-02,1,2521.199951171875,2529.22998046875,2520.39990234375,2529.1201171875,3226370000,2497.1473744835184,2386.897015732931,False
3174,2775,2017-10-03,1,2530.340087890625,2535.1298828125,2528.85009765625,2534.580078125,3073480000,2500.7123938779455,2388.3664989408126,False
3175,2776,2017-10-04,1,2533.47998046875,2540.530029296875,2531.800048828125,2537.739990234375,3020770000,2504.2388316261768,2389.8528023367685,False
3176,2777,2017-10-05,1,2540.860107421875,2552.510009765625,2540.02001953125,2552.070068359375,3059730000,2508.794187505529,2391.466904486247,False
3177,2778,2017-10-06,1,2547.43994140625,2549.409912109375,2543.7900390625,2549.330078125,2898270000,2512.654748516907,2393.037682333399,False
3178,2779,2017-10-09,1,2551.389892578125,2551.820068359375,2541.60009765625,2544.72998046875,2486940000,2515.709532512321,2394.547058434249,False
3179,2780,2017-10-10,1,2549.989990234375,2555.22998046875,2544.860107421875,2550.639892578125,2962610000,2519.036233470969,2396.1002209630433,False
3180,2781,2017-10-11,1,2550.6201171875,2555.239990234375,2547.949951171875,2555.239990234375,2991320000,2522.484210305579,2397.6837012543006,False
3181,2782,2017-10-12,1,2552.8798828125,2555.330078125,2548.31005859375,2550.929931640625,3157280000,2525.1933266232027,2399.2085393675975,False
3182,2783,2017-10-13,1,2555.659912109375,2557.64990234375,2552.090087890625,2553.169921875,3150470000,2527.8577642662312,2400.7404934223973,False
3183,2784,2017-10-16,1,2555.570068359375,2559.469970703125,2552.639892578125,2557.639892578125,2918030000,2530.694157438793,2402.3016814736984,False
3184,2785,2017-10-17,1,2557.169921875,2559.7099609375,2554.68994140625,2559.360107421875,2901890000,2533.4242479133723,2403.864451881143,False
3185,2786,2017-10-18,1,2562.8701171875,2564.110107421875,2559.669921875,2561.260009765625,2999320000,2536.0752728516823,2405.4305768352174,False
3186,2787,2017-10-19,1,2553.389892578125,2562.360107421875,2547.919921875,2562.10009765625,3019520000,2538.553827594975,2406.9894775399043,False
3187,2788,2017-10-20,1,2567.56005859375,2575.43994140625,2567.56005859375,2575.2099609375,3394450000,2542.044887913311,2408.663313195602,False
3188,2789,2017-10-23,1,2578.080078125,2578.2900390625,2564.330078125,2564.97998046875,3214470000,2544.2291824424,2410.218702919713,False
3189,2790,2017-10-24,1,2568.659912109375,2572.179931640625,2565.580078125,2569.1298828125,3435660000,2546.600677715743,2411.7999086897903,False
3190,2791,2017-10-25,1,2566.52001953125,2567.39990234375,2544.0,2557.14990234375,3885470000,2547.6053657755533,2413.246177283362,False
3191,2792,2017-10-26,1,2560.080078125,2567.070068359375,2559.800048828125,2560.39990234375,3891750000,2548.8238930677626,2414.7103934531174,False
3192,2793,2017-10-27,1,2570.260009765625,2582.97998046875,2565.93994140625,2581.070068359375,3896100000,2551.8949573812497,2416.3657136014385,False
3193,2794,2017-10-30,1,2577.75,2580.030029296875,2568.25,2572.830078125,3660230000,2553.8887784044637,2417.9225729499317,False
3194,2795,2017-10-31,1,2575.989990234375,2578.2900390625,2572.14990234375,2575.260009765625,3844420000,2555.9241337721933,2419.488119584914,False
3195,2796,2017-11-01,1,2583.2099609375,2588.39990234375,2574.919921875,2579.360107421875,3841200000,2558.156131262639,2421.078885633043,False
3196,2797,2017-11-02,1,2579.4599609375,2581.110107421875,2566.169921875,2579.85009765625,4050140000,2560.222223300126,2422.658698688,False
3197,2798,2017-11-03,1,2581.929931640625,2588.419921875,2576.77001953125,2587.840087890625,3568710000,2562.852496118269,2424.302294600464,False
3198,2799,2017-11-06,1,2587.469970703125,2593.3798828125,2585.659912109375,2591.1298828125,3541970000,2565.5455805653387,2425.962270602574,False
3199,2800,2017-11-07,1,2592.110107421875,2597.02001953125,2584.35009765625,2590.639892578125,3815190000,2567.935515042747,2427.6008539058134,False
3200,2801,2017-11-08,1,2588.7099609375,2595.469970703125,2585.02001953125,2594.3798828125,3898450000,2570.454026258914,2429.260346730756,False
3201,2802,2017-11-09,1,2584.0,2586.5,2566.330078125,2584.6201171875,3844100000,2571.803177775922,2430.8062150935098,False
3202,2803,2017-11-10,1,2580.179931640625,2583.81005859375,2575.570068359375,2582.300048828125,3489740000,2572.8028797808934,2432.313616424203,False
3203,2804,2017-11-13,1,2576.530029296875,2587.659912109375,2574.47998046875,2584.840087890625,3405200000,2573.9492805532486,2433.8312927572024,False
3204,2805,2017-11-14,1,2577.75,2579.659912109375,2566.56005859375,2578.8701171875,3643580000,2574.417931661272,2435.2744651395933,False
3205,2806,2017-11-15,1,2569.449951171875,2572.840087890625,2557.449951171875,2564.6201171875,3586590000,2573.4848064732937,2436.5614865530056,False
3206,2807,2017-11-16,1,2572.949951171875,2590.090087890625,2572.949951171875,2585.639892578125,3329730000,2574.642433721373,2438.0448537771363,False
3207,2808,2017-11-17,1,2582.93994140625,2583.9599609375,2577.6201171875,2578.85009765625,3309800000,2575.043163619933,2439.4459009799134,False
3208,2809,2017-11-20,1,2579.489990234375,2584.639892578125,2578.239990234375,2582.139892578125,3023940000,2575.719042568332,2440.8657416923334,False
3209,2810,2017-11-21,1,2589.169921875,2601.18994140625,2589.169921875,2599.030029296875,3351230000,2577.939136542479,2442.4395156983487,False
3210,2811,2017-11-22,1,2600.31005859375,2600.93994140625,2595.22998046875,2597.080078125,2764110000,2579.7620833598617,2443.978227762296,False
3211,2812,2017-11-24,1,2600.419921875,2604.2099609375,2600.419921875,2602.419921875,1385890000,2581.919972742256,2445.554762032074,False
3212,2813,2017-11-27,1,2602.659912109375,2606.409912109375,2598.8701171875,2601.419921875,3017720000,2583.7771107548983,2447.1056591449387,False
3213,2814,2017-11-28,1,2605.93994140625,2627.68994140625,2605.43994140625,2627.0400390625,3493340000,2587.8973896413368,2448.896050984915,False
3214,2815,2017-11-29,1,2627.820068359375,2634.889892578125,2620.320068359375,2626.070068359375,4090630000,2591.5328828525785,2450.6589765309295,False
3215,2816,2017-11-30,1,2633.929931640625,2657.739990234375,2633.929931640625,2647.580078125,4965700000,2596.8707109737616,2452.618390477139,False
3216,2817,2017-12-01,1,2645.10009765625,2650.6201171875,2605.52001953125,2642.219970703125,3950930000,2601.189688090844,2454.50497336496,False
3217,2818,2017-12-04,1,2657.18994140625,2665.18994140625,2639.030029296875,2639.43994140625,4025840000,2604.8325693589777,2456.345122300694,False
3218,2819,2017-12-05,1,2639.780029296875,2648.719970703125,2627.72998046875,2629.570068359375,3547570000,2607.1885216447295,2458.068753604761,False
3219,2820,2017-12-06,1,2626.239990234375,2634.409912109375,2624.75,2629.27001953125,3253080000,2609.2915214434456,2459.772248788109,False
3220,2821,2017-12-07,1,2628.3798828125,2640.989990234375,2626.530029296875,2636.97998046875,3297060000,2611.9285175410937,2461.535509799857,False
3221,2822,2017-12-08,1,2646.2099609375,2651.64990234375,2644.10009765625,2651.5,3126750000,2615.6972301562278,2463.4257037321972,False
3222,2823,2017-12-11,1,2652.18994140625,2660.330078125,2651.469970703125,2659.989990234375,3141480000,2619.9155882589084,2465.3815672794826,False
3223,2824,2017-12-12,1,2661.72998046875,2669.719970703125,2659.780029296875,2664.110107421875,3568910000,2624.1245900839526,2467.35896568886,False
3224,2825,2017-12-13,1,2667.590087890625,2671.8798828125,2662.85009765625,2662.85009765625,3568360000,2627.812733662267,2469.30415108157,False
3225,2826,2017-12-14,1,2665.8701171875,2668.090087890625,2652.010009765625,2652.010009765625,3442760000,2630.117236148301,2471.1221198246953,False
3226,2827,2017-12-15,1,2660.6298828125,2679.6298828125,2659.139892578125,2675.81005859375,5736910000,2634.468933524058,2473.158815732845,False
3227,2828,2017-12-18,1,2685.919921875,2694.969970703125,2685.919921875,2690.159912109375,3727770000,2639.7728362464686,2475.318030622164,False
3228,2829,2017-12-19,1,2692.7099609375,2694.43994140625,2680.739990234375,2681.469970703125,3407680000,2643.743991909007,2477.3692937075466,False
3229,2830,2017-12-20,1,2688.179931640625,2691.010009765625,2676.110107421875,2679.25,3246230000,2647.1255164891013,2479.3780569542378,False
3230,2831,2017-12-21,1,2683.02001953125,2692.639892578125,2682.39990234375,2684.570068359375,3293130000,2650.69166428627,2481.419768510508,False
3231,2832,2017-12-22,1,2684.219970703125,2685.35009765625,2678.1298828125,2683.340087890625,2401030000,2653.8010379628754,2483.4289259172756,False
3232,2833,2017-12-26,1,2679.090087890625,2682.739990234375,2677.9599609375,2680.5,1970660000,2656.3437962521252,2485.389832127054,False
3233,2834,2017-12-27,1,2682.10009765625,2685.639892578125,2678.909912109375,2682.6201171875,2202900000,2658.8463030078756,2487.3523225256654,False
3234,2835,2017-12-28,1,2686.10009765625,2687.659912109375,2682.68994140625,2687.5400390625,2174890000,2661.5790397749824,2489.3442401031466,False
3235,2836,2017-12-29,1,2689.14990234375,2692.1201171875,2673.610107421875,2673.610107421875,2447760000,2662.724855741353,2491.1777313202483,False
3236,2837,2018-01-02,1,2683.72998046875,2695.889892578125,2682.360107421875,2695.81005859375,3397430000,2665.8758274415814,2493.2138738801837,False
3237,2838,2018-01-03,1,2697.85009765625,2714.3701171875,2697.77001953125,2713.06005859375,3544030000,2670.369563741788,2495.4013981061894,False
3238,2839,2018-01-04,1,2719.31005859375,2729.2900390625,2719.070068359375,2723.989990234375,3697340000,2675.4762710267964,2497.675911460699,False
3239,2840,2018-01-05,1,2731.330078125,2743.449951171875,2727.919921875,2743.14990234375,3239280000,2681.9213787712683,2500.1184387331673,False
3240,2841,2018-01-08,1,2742.669921875,2748.510009765625,2737.60009765625,2747.7099609375,3246160000,2688.186958025195,2502.582035969031,False
3241,2842,2018-01-09,1,2751.14990234375,2759.139892578125,2747.860107421875,2751.2900390625,3467460000,2694.1967752668434,2505.0567424674737,False
3242,2843,2018-01-10,1,2745.550048828125,2750.800048828125,2736.06005859375,2748.22998046875,3579900000,2699.3427948098824,2507.4763766764418,False
3243,2844,2018-01-11,1,2752.969970703125,2767.56005859375,2752.780029296875,2767.56005859375,3645690000,2705.839677075013,2510.0642740089525,False
3244,2845,2018-01-12,1,2770.179931640625,2787.85009765625,2769.639892578125,2786.239990234375,3587220000,2713.496849756857,2512.812291085823,False
3245,2846,2018-01-16,1,2798.9599609375,2807.5400390625,2768.639892578125,2776.419921875,4362880000,2719.4895232919184,2515.4352525862128,False
3246,2847,2018-01-17,1,2784.989990234375,2807.0400390625,2778.3798828125,2802.56005859375,3790340000,2727.401002844474,2518.292215830069,False
3247,2848,2018-01-18,1,2802.39990234375,2805.830078125,2792.56005859375,2798.030029296875,3703300000,2734.1275767923216,2521.0756766605846,False
3248,2849,2018-01-19,1,2802.60009765625,2810.330078125,2798.080078125,2810.300048828125,3724230000,2741.3820979385887,2523.953531110013,False
3249,2850,2018-01-22,1,2809.159912109375,2833.030029296875,2808.1201171875,2832.969970703125,3489480000,2750.104752487592,2527.0283215537256,False
3250,2851,2018-01-23,1,2835.050048828125,2842.239990234375,2830.590087890625,2839.1298828125,3541140000,2758.58333632806,2530.1338097254547,False
3251,2852,2018-01-24,1,2845.419921875,2852.969970703125,2824.81005859375,2837.5400390625,4079270000,2766.1030223027683,2533.19257817657,False
3252,2853,2018-01-25,1,2846.239990234375,2848.56005859375,2830.93994140625,2839.25,3873100000,2773.069401131076,2536.2379256574004,False
3253,2854,2018-01-26,1,2847.47998046875,2872.8701171875,2846.179931640625,2872.8701171875,3474680000,2782.574231231688,2539.587499702476,False
3254,2855,2018-01-29,1,2867.22998046875,2870.6201171875,2851.47998046875,2853.530029296875,3587420000,2789.3319262855152,2542.7113059670974,False
3255,2856,2018-01-30,1,2832.739990234375,2837.75,2818.27001953125,2822.429931640625,4012070000,2792.484117271716,2545.494575874297,False
3256,2857,2018-01-31,1,2832.409912109375,2839.260009765625,2813.0400390625,2823.81005859375,4276270000,2795.467540254767,2548.263884160063,False
3257,2858,2018-02-01,1,2816.449951171875,2835.9599609375,2812.699951171875,2821.97998046875,3977380000,2797.992534560861,2550.9874274069152,False
3258,2859,2018-02-02,1,2808.919921875,2808.919921875,2759.969970703125,2762.1298828125,4340220000,2794.5770439181597,2553.0883473612,False
3259,2860,2018-02-05,1,2741.06005859375,2763.389892578125,2638.169921875,2648.93994140625,5310840000,2780.70684367893,2554.0420945656283,False
3260,2861,2018-02-06,1,2614.780029296875,2701.0400390625,2593.070068359375,2695.139892578125,5917350000,2772.557610240758,2555.446052754807,False
3261,2862,2018-02-07,1,2690.949951171875,2727.669921875,2681.330078125,2681.659912109375,4646300000,2763.9006866091977,2556.7019120518676,False
3262,2863,2018-02-08,1,2685.010009765625,2685.27001953125,2580.56005859375,2581.0,5333840000,2746.481573598798,2556.9436840712524,False
3263,2864,2018-02-09,1,2601.780029296875,2638.669921875,2532.68994140625,2619.550048828125,5690110000,2734.392856953972,2557.566632974306,False
3264,2865,2018-02-12,1,2636.75,2672.610107421875,2622.449951171875,2656.0,4069220000,2726.926870577403,2558.5460694621233,False
3265,2866,2018-02-13,1,2646.27001953125,2668.840087890625,2637.080078125,2662.93994140625,3503540000,2720.8328773230073,2559.5848144565925,False
3266,2867,2018-02-14,1,2651.2099609375,2702.10009765625,2648.8701171875,2698.6298828125,4011940000,2718.7183064172445,2560.968347475059,False
3267,2868,2018-02-15,1,2713.4599609375,2731.510009765625,2689.820068359375,2731.199951171875,3696140000,2719.9070344891143,2562.6621942780125,False
3268,2869,2018-02-16,1,2727.139892578125,2754.419921875,2725.110107421875,2732.219970703125,3646920000,2721.079695080925,2564.349336331994,False
3269,2870,2018-02-20,1,2722.989990234375,2737.60009765625,2706.760009765625,2716.260009765625,3646920000,2720.620677431849,2565.860885321383,False
3270,2871,2018-02-21,1,2720.530029296875,2747.75,2701.2900390625,2701.330078125,3789040000,2718.7834774978633,2567.2088374885834,False
3271,2872,2018-02-22,1,2710.419921875,2731.260009765625,2697.77001953125,2703.9599609375,3720620000,2717.3717140159238,2568.5695451845927,False
3272,2873,2018-02-23,1,2715.800048828125,2747.760009765625,2713.739990234375,2747.300048828125,3200360000,2720.2220316170856,2570.3479581561705,False
3273,2874,2018-02-26,1,2757.3701171875,2780.639892578125,2753.780029296875,2779.60009765625,3436590000,2725.877085525577,2572.4300689969673,False
3274,2875,2018-02-27,1,2780.449951171875,2789.14990234375,2744.219970703125,2744.280029296875,3752070000,2727.629746837129,2574.1400188506977,False
3275,2876,2018-02-28,1,2753.780029296875,2761.52001953125,2713.5400390625,2713.830078125,4244570000,2726.315492674069,2575.529969689248,False
3276,2877,2018-03-01,1,2715.219970703125,2730.889892578125,2659.64990234375,2677.669921875,4514490000,2721.6825811693957,2576.5462876214447,False
3277,2878,2018-03-02,1,2658.889892578125,2696.25,2647.320068359375,2691.25,3891250000,2718.7842401056437,2577.6876180928734,False
3278,2879,2018-03-05,1,2681.06005859375,2728.090087890625,2675.75,2720.93994140625,3733640000,2718.9895449914156,2579.1130143447476,False
3279,2880,2018-03-06,1,2730.179931640625,2732.080078125,2711.260009765625,2728.1201171875,3389030000,2719.8591232958047,2580.5956720844765,False
3280,2881,2018-03-07,1,2710.179931640625,2730.60009765625,2701.739990234375,2726.800048828125,3406690000,2720.520163822692,2582.050442002324,False
3281,2882,2018-03-08,1,2732.75,2740.449951171875,2722.64990234375,2738.969970703125,3206040000,2722.277288287495,2583.611830347606,False
3282,2883,2018-03-09,1,2752.909912109375,2786.570068359375,2751.5400390625,2786.570068359375,3376870000,2728.4004101991027,2585.6313153029473,False
3283,2884,2018-03-12,1,2790.5400390625,2796.97998046875,2779.260009765625,2783.02001953125,3216960000,2733.602277754545,2587.5953820116865,False
3284,2885,2018-03-13,1,2792.31005859375,2801.89990234375,2758.679931640625,2765.31005859375,3324290000,2736.622066405898,2589.3636872513093,False
3285,2886,2018-03-14,1,2774.06005859375,2777.110107421875,2744.3798828125,2749.47998046875,3394630000,2737.846629649979,2590.9568841987466,False
3286,2887,2018-03-15,1,2754.27001953125,2763.030029296875,2741.469970703125,2747.330078125,3543710000,2738.7498152190287,2592.5128363771173,False
3287,2888,2018-03-16,1,2750.570068359375,2761.85009765625,2749.969970703125,2752.010009765625,5429140000,2740.012690890133,2594.099872928247,False
3288,2889,2018-03-19,1,2741.3798828125,2741.3798828125,2694.590087890625,2712.919921875,3327460000,2737.4324271744063,2595.282161972493,False
3289,2890,2018-03-20,1,2715.050048828125,2724.219970703125,2710.050048828125,2716.93994140625,3272590000,2735.4807618631535,2596.492687140988,False
3290,2891,2018-03-21,1,2714.989990234375,2739.139892578125,2709.7900390625,2711.929931640625,3434780000,2733.237825651484,2597.6413164394917,False
3291,2892,2018-03-22,1,2691.360107421875,2695.679931640625,2641.590087890625,2643.68994140625,3765460000,2724.7094557233663,2598.0995117127927,False
3292,2893,2018-03-23,1,2646.7099609375,2657.669921875,2585.889892578125,2588.260009765625,3829380000,2711.7142703940576,2598.001606220781,False
3293,2894,2018-03-26,1,2619.35009765625,2661.360107421875,2601.81005859375,2658.550048828125,3538080000,2706.651011197302,2598.604078286526,False
3294,2895,2018-03-27,1,2667.570068359375,2674.780029296875,2596.1201171875,2612.6201171875,3761320000,2697.695687958273,2598.7435413601675,False
3295,2896,2018-03-28,1,2611.300048828125,2632.64990234375,2593.06005859375,2605.0,3875720000,2688.8675272003425,2598.8057946799668,False
3296,2897,2018-03-29,1,2614.409912109375,2659.070068359375,2609.719970703125,2640.8701171875,3572360000,2684.2963452943573,2599.224345152679,False
3297,2898,2018-04-02,1,2633.449951171875,2638.300048828125,2553.800048828125,2581.8798828125,3635780000,2674.5423964865613,2599.051763437851,False
3298,2899,2018-04-03,1,2592.169921875,2619.139892578125,2575.489990234375,2614.449951171875,3395840000,2668.819306456591,2599.2049792362,False
3299,2900,2018-04-04,1,2584.0400390625,2649.860107421875,2573.610107421875,2644.68994140625,3369230000,2666.521271689892,2599.6575659244595,False
3300,2901,2018-04-05,1,2657.360107421875,2672.080078125,2649.580078125,2662.840087890625,3230430000,2666.1706827566286,2600.286247735068,False
3301,2902,2018-04-06,1,2645.820068359375,2656.8798828125,2586.27001953125,2604.469970703125,3312390000,2660.294424465819,2600.3278768193272,False
3302,2903,2018-04-09,1,2617.179931640625,2653.550048828125,2610.7900390625,2613.159912109375,3076140000,2655.805423289015,2600.455558762512,False
3303,2904,2018-04-10,1,2638.409912109375,2665.449951171875,2635.780029296875,2656.8701171875,3579130000,2655.9068227079183,2601.0168976523128,False
3304,2905,2018-04-11,1,2643.889892578125,2661.429931640625,2639.25,2642.18994140625,3054520000,2654.6004530601404,2601.4265796797154,False
3305,2906,2018-04-12,1,2653.830078125,2674.719970703125,2653.830078125,2663.989990234375,3045330000,2655.4946946957816,2602.0491011777717,False
3306,2907,2018-04-13,1,2676.89990234375,2680.260009765625,2645.050048828125,2656.300048828125,2988540000,2655.5713950893382,2602.5889116021535,False
3307,2908,2018-04-16,1,2670.10009765625,2686.489990234375,2665.159912109375,2677.840087890625,3020740000,2657.692222975175,2603.337679525422,False
3308,2909,2018-04-17,1,2692.739990234375,2713.340087890625,2692.050048828125,2706.389892578125,3286190000,2662.330096270694,2604.3630746801755,False
3309,2910,2018-04-18,1,2710.110107421875,2717.489990234375,2703.6298828125,2708.639892578125,3412030000,2666.740553061878,2605.400654957767,False
3310,2911,2018-04-19,1,2701.159912109375,2702.840087890625,2681.89990234375,2693.1298828125,3375120000,2669.2538225619373,2606.2735825981126,False
3311,2912,2018-04-20,1,2692.56005859375,2693.93994140625,2660.610107421875,2670.139892578125,3428260000,2669.3382101825264,2606.9090682695555,False
3312,2913,2018-04-23,1,2675.39990234375,2682.860107421875,2657.989990234375,2670.2900390625,3030390000,2669.428860552048,2607.539724695356,False
3313,2914,2018-04-24,1,2680.800048828125,2683.550048828125,2617.320068359375,2634.56005859375,3716020000,2666.1080222703054,2607.8085837391213,False
3314,2915,2018-04-25,1,2634.919921875,2645.300048828125,2612.669921875,2639.39990234375,3563680000,2663.5643918011097,2608.1229252177745,False
3315,2916,2018-04-26,1,2651.64990234375,2676.47998046875,2647.159912109375,2666.93994140625,3690920000,2663.885872715885,2608.7081691599487,False
3316,2917,2018-04-27,1,2675.469970703125,2677.35009765625,2659.010009765625,2669.909912109375,3234510000,2664.4595907533603,2609.31714172661,False
3317,2918,2018-04-30,1,2682.510009765625,2682.8701171875,2648.0400390625,2648.050048828125,3749510000,2662.8967772366714,2609.7025437873212,False
3318,2919,2018-05-01,1,2642.9599609375,2655.27001953125,2625.409912109375,2654.800048828125,3562820000,2662.125660245381,2610.1512751807622,False
3319,2920,2018-05-02,1,2654.239990234375,2660.8701171875,2631.699951171875,2635.669921875,4047020000,2659.6060661148686,2610.405192063292,False
3320,2921,2018-05-03,1,2628.080078125,2637.139892578125,2594.6201171875,2629.72998046875,3867530000,2656.760724624762,2610.5974785150875,False
3321,2922,2018-05-04,1,2621.449951171875,2670.929931640625,2615.320068359375,2663.419921875,3335260000,2657.3949338866896,2611.12307496643,False
3322,2923,2018-05-07,1,2680.340087890625,2683.35009765625,2664.699951171875,2672.6298828125,3266810000,2658.8458814034334,2611.7350830047,False
3323,2924,2018-05-08,1,2670.260009765625,2676.340087890625,2655.199951171875,2671.919921875,3745100000,2660.0910281150113,2612.3339371228126,False
3324,2925,2018-05-09,1,2678.1201171875,2701.27001953125,2674.139892578125,2697.7900390625,3913650000,2663.68141011001,2613.18424659485,False
3325,2926,2018-05-10,1,2705.02001953125,2726.110107421875,2704.5400390625,2723.070068359375,3380640000,2669.3374728004255,2614.2776378561884,False
3326,2927,2018-05-11,1,2722.699951171875,2732.860107421875,2717.449951171875,2727.719970703125,2874850000,2674.8977106959205,2615.406417287501,False
3327,2928,2018-05-14,1,2738.469970703125,2742.10009765625,2725.469970703125,2730.1298828125,2994360000,2680.157917564166,2616.54794430765,False
3328,2929,2018-05-15,1,2718.590087890625,2718.590087890625,2701.909912109375,2711.449951171875,3291190000,2683.138111241091,2617.492242883414,False
3329,2930,2018-05-16,1,2712.6201171875,2727.760009765625,2712.169921875,2722.4599609375,3248480000,2686.8830493074156,2618.536697789425,False
3330,2931,2018-05-17,1,2719.7099609375,2731.9599609375,2711.360107421875,2720.1298828125,3478150000,2690.049414403138,2619.5475752523416,False
3331,2932,2018-05-18,1,2717.35009765625,2719.5,2709.179931640625,2712.969970703125,3383270000,2692.2323245269463,2620.477151326479,False
3332,2933,2018-05-21,1,2735.389892578125,2739.18994140625,2725.699951171875,2733.010009765625,3053480000,2696.1159135972966,2621.596881261197,False
3333,2934,2018-05-22,1,2738.340087890625,2742.239990234375,2721.8798828125,2724.43994140625,3384140000,2698.8134400552926,2622.6201952924907,False
3334,2935,2018-05-23,1,2713.97998046875,2733.330078125,2709.5400390625,2733.2900390625,3333160000,2702.096925675027,2623.721387767814,False
3335,2936,2018-05-24,1,2730.93994140625,2731.969970703125,2707.3798828125,2727.760009765625,3285750000,2704.5410289217502,2624.756597936947,False
3336,2937,2018-05-25,1,2723.60009765625,2727.360107421875,2714.989990234375,2721.330078125,3015260000,2706.1399859887265,2625.717528088072,False
3337,2938,2018-05-29,1,2705.110107421875,2710.669921875,2676.81005859375,2689.860107421875,3743310000,2704.589521363312,2626.355762708309,False
3338,2939,2018-05-30,1,2702.429931640625,2729.340087890625,2702.429931640625,2724.010009765625,3566490000,2706.439091687342,2627.3274467586307,False
3339,2940,2018-05-31,1,2720.97998046875,2722.5,2700.679931640625,2705.27001953125,4241100000,2706.327751482,2628.102994746418,False
3340,2941,2018-06-01,1,2718.699951171875,2736.929931640625,2718.699951171875,2734.6201171875,3694310000,2709.0222625015717,2629.162866611504,False
3341,2942,2018-06-04,1,2741.669921875,2749.159912109375,2740.5400390625,2746.8701171875,3410090000,2712.626820090708,2630.3340830351453,False
3342,2943,2018-06-05,1,2748.4599609375,2752.610107421875,2739.510009765625,2748.800048828125,3523550000,2716.0718894942715,2631.5128488639316,False
3343,2944,2018-06-06,1,2753.25,2772.389892578125,2748.4599609375,2772.35009765625,3662780000,2721.4317188430314,2632.9142145235564,False
3344,2945,2018-06-07,1,2774.840087890625,2779.89990234375,2760.159912109375,2770.3701171875,3742080000,2726.0925186853615,2634.2819349480737,False
3345,2946,2018-06-08,1,2765.840087890625,2779.389892578125,2763.590087890625,2779.030029296875,3138850000,2731.1341863626485,2635.722214493833,False
3346,2947,2018-06-11,1,2780.179931640625,2790.2099609375,2780.169921875,2782.0,3262130000,2735.9785495662054,2637.1777148471283,False
3347,2948,2018-06-12,1,2785.60009765625,2789.800048828125,2778.780029296875,2786.85009765625,3435700000,2740.823458908115,2638.666992288015,False
3348,2949,2018-06-13,1,2787.93994140625,2791.469970703125,2774.64990234375,2775.6298828125,3820770000,2744.138356422818,2640.0298071191046,False
3349,2950,2018-06-14,1,2783.2099609375,2789.06005859375,2776.52001953125,2782.489990234375,3540930000,2747.7908929763,2641.447321378958,False
3350,2951,2018-06-15,1,2777.780029296875,2782.81005859375,2761.72998046875,2779.659912109375,5451990000,2750.8260376556404,2642.822571037967,False
3351,2952,2018-06-18,1,2765.7900390625,2774.989990234375,2757.1201171875,2773.75,3316120000,2753.009272164627,2644.125331525152,False
3352,2953,2018-06-19,1,2752.010009765625,2765.050048828125,2743.18994140625,2762.590087890625,3671160000,2753.9217308051984,2645.3040853198336,False
3353,2954,2018-06-20,1,2769.72998046875,2774.860107421875,2763.909912109375,2767.320068359375,3332140000,2755.1977629532153,2646.5181747033116,False
3354,2955,2018-06-21,1,2769.280029296875,2769.280029296875,2744.389892578125,2749.760009765625,3336580000,2754.679881697254,2647.5454566442304,False
3355,2956,2018-06-22,1,2760.7900390625,2764.169921875,2752.679931640625,2754.8798828125,5468110000,2754.698929422516,2648.6134608847105,False
3356,2957,2018-06-25,1,2742.93994140625,2742.93994140625,2698.669921875,2717.070068359375,3663280000,2751.1152283688834,2649.2946211580906,False
3357,2958,2018-06-26,1,2722.1201171875,2732.909912109375,2715.60009765625,2723.06005859375,3568900000,2748.443307437918,2650.028605610187,False
3358,2959,2018-06-27,1,2728.449951171875,2746.090087890625,2699.3798828125,2699.6298828125,3803990000,2743.794409854545,2650.522150656976,False
3359,2960,2018-06-28,1,2698.68994140625,2724.340087890625,2691.989990234375,2716.31005859375,3461100000,2741.1768525916123,2651.1767567060983,False
3360,2961,2018-06-29,1,2727.1298828125,2743.260009765625,2718.030029296875,2718.3701171875,3586800000,2739.0047825531256,2651.8453473576546,False
3361,2962,2018-07-02,1,2704.949951171875,2727.260009765625,2698.949951171875,2726.7099609375,3095040000,2737.833847161161,2652.5902688858123,False
3362,2963,2018-07-03,1,2733.27001953125,2736.580078125,2711.159912109375,2713.219970703125,1911460000,2735.4896684508717,2653.1935495009097,False
3363,2964,2018-07-05,1,2724.18994140625,2737.830078125,2716.02001953125,2736.610107421875,2980160000,2735.5963769243003,2654.023565002611,False
3364,2965,2018-07-06,1,2737.679931640625,2764.409912109375,2733.52001953125,2759.820068359375,2590250000,2737.903395156212,2655.0762665285492,False
3365,2966,2018-07-09,1,2775.6201171875,2784.64990234375,2770.72998046875,2784.169921875,3070060000,2742.309731034192,2656.360780512096,False
3366,2967,2018-07-10,1,2788.56005859375,2795.580078125,2786.239990234375,2793.840087890625,3080140000,2747.217384068138,2657.728733819345,False
3367,2968,2018-07-11,1,2779.820068359375,2785.909912109375,2770.77001953125,2774.02001953125,2986180000,2749.7700160170057,2658.885861040359,False
3368,2969,2018-07-12,1,2783.139892578125,2799.219970703125,2781.530029296875,2798.2900390625,2834230000,2754.390970592767,2660.272967289336,False
3369,2970,2018-07-13,1,2796.929931640625,2804.530029296875,2791.68994140625,2801.31005859375,2619790000,2758.8594551642896,2661.676321431669,False
3370,2971,2018-07-16,1,2797.360107421875,2801.18994140625,2793.389892578125,2798.429931640625,2819860000,2762.6280719715596,2663.0370538715592,False
3371,2972,2018-07-17,1,2789.340087890625,2814.18994140625,2789.239990234375,2809.550048828125,3064920000,2767.096831672185,2664.494894617396,False
3372,2973,2018-07-18,1,2811.35009765625,2816.760009765625,2805.889892578125,2815.6201171875,3111560000,2771.718096959358,2665.998628175307,False
3373,2974,2018-07-19,1,2809.3701171875,2812.050048828125,2799.77001953125,2804.489990234375,3278360000,2774.8392296522165,2667.3766516783826,False
3374,2975,2018-07-20,1,2804.550048828125,2809.699951171875,2800.010009765625,2801.830078125,3243250000,2777.4097866496245,2668.7144967176523,False
3375,2976,2018-07-23,1,2799.169921875,2808.610107421875,2795.139892578125,2806.97998046875,2928490000,2780.2259955847794,2670.0902726753748,False
3376,2977,2018-07-24,1,2820.679931640625,2829.989990234375,2811.1201171875,2820.39990234375,3430410000,2784.0520819427766,2671.58589088103,False
3377,2978,2018-07-25,1,2817.72998046875,2848.030029296875,2817.72998046875,2846.070068359375,3584400000,2789.9585568395955,2673.322051850964,False
3378,2979,2018-07-26,1,2835.489990234375,2845.570068359375,2835.260009765625,2837.43994140625,3667290000,2794.480593464991,2674.955065677385,False
3379,2980,2018-07-27,1,2842.35009765625,2843.169921875,2808.340087890625,2818.820068359375,3434370000,2796.798638693028,2676.386558241385,False
3380,2981,2018-07-30,1,2819.0,2821.739990234375,2798.110107421875,2802.60009765625,3261190000,2797.351158594287,2677.6424143549657,False
3381,2982,2018-07-31,1,2809.72998046875,2824.4599609375,2808.06005859375,2816.2900390625,3906890000,2799.1548614960216,2679.021992710265,False
3382,2983,2018-08-01,1,2821.169921875,2825.830078125,2805.85009765625,2813.360107421875,3501350000,2800.5077420603884,2680.358690369087,False
3383,2984,2018-08-02,1,2800.47998046875,2829.909912109375,2796.340087890625,2827.219970703125,3501380000,2803.051763835887,2681.8199966410675,False
3384,2985,2018-08-03,1,2829.6201171875,2840.3798828125,2827.3701171875,2840.35009765625,3043690000,2806.603986104493,2683.3974105815173,False
3385,2986,2018-08-06,1,2840.2900390625,2853.2900390625,2835.97998046875,2850.39990234375,2879020000,2810.775025746327,2685.05912691746,False
3386,2987,2018-08-07,1,2855.919921875,2863.429931640625,2855.919921875,2858.449951171875,3185440000,2815.3154948344745,2686.7844087508374,False
3387,2988,2018-08-08,1,2856.7900390625,2862.43994140625,2853.090087890625,2857.699951171875,2978070000,2819.352109723751,2688.485060914231,False
3388,2989,2018-08-09,1,2857.18994140625,2862.47998046875,2851.97998046875,2853.580078125,3066180000,2822.6119162381556,2690.1277974038903,False
3389,2990,2018-08-10,1,2838.89990234375,2842.199951171875,2825.81005859375,2833.280029296875,3265590000,2823.627927005653,2691.5521977212334,False
3390,2991,2018-08-13,1,2835.4599609375,2843.39990234375,2819.8798828125,2821.929931640625,3173630000,2823.4662131613645,2692.8494886060034,False
3391,2992,2018-08-14,1,2827.8798828125,2843.110107421875,2826.580078125,2839.9599609375,2986500000,2825.037046282901,2694.3132744003465,False
3392,2993,2018-08-15,1,2827.949951171875,2827.949951171875,2802.489990234375,2818.3701171875,3656680000,2824.4021006547673,2695.5476708459896,False
3393,2994,2018-08-16,1,2831.43994140625,2850.489990234375,2831.43994140625,2840.68994140625,3232000000,2825.95332358348,2696.9918725431066,False
3394,2995,2018-08-17,1,2838.320068359375,2855.6298828125,2833.72998046875,2850.1298828125,3037640000,2828.255853033863,2698.5156338393194,False
3395,2996,2018-08-20,1,2853.929931640625,2859.760009765625,2850.6201171875,2857.050048828125,2757150000,2830.9981573952214,2700.0930907048796,False
3396,2997,2018-08-21,1,2861.510009765625,2873.22998046875,2861.320068359375,2862.9599609375,3174010000,2834.042138684962,2701.7136565778414,False
3397,2998,2018-08-22,1,2860.989990234375,2867.5400390625,2856.050048828125,2861.820068359375,2701250000,2836.6876557968108,2703.3067552025336,False
3398,2999,2018-08-23,1,2860.2900390625,2868.780029296875,2854.030029296875,2856.97998046875,2724450000,2838.620258146519,2704.835842021103,False
3399,3000,2018-08-24,1,2862.35009765625,2876.159912109375,2862.35009765625,2874.68994140625,2603010000,2842.055466076017,2706.525932562249,False
3400,3001,2018-08-27,1,2884.68994140625,2898.25,2884.68994140625,2896.739990234375,2865070000,2847.263515995861,2708.418609753017,False
3401,3002,2018-08-28,1,2901.449951171875,2903.77001953125,2893.5,2897.52001953125,2687770000,2852.049849665898,2710.3002158204617,False
3402,3003,2018-08-29,1,2900.6201171875,2916.5,2898.39990234375,2914.0400390625,2805520000,2857.9536772274787,2712.3274777432684,False
3403,3004,2018-08-30,1,2908.93994140625,2912.4599609375,2895.219970703125,2901.1298828125,2810450000,2862.0656968070043,2714.20610863948,False
3404,3005,2018-08-31,1,2898.3701171875,2906.320068359375,2891.72998046875,2901.52001953125,2887220000,2865.8232513521707,2716.0699286483537,False
3405,3006,2018-09-04,1,2896.9599609375,2900.179931640625,2885.1298828125,2896.719970703125,3087420000,2868.7657960522615,2717.8674415046203,False
3406,3007,2018-09-05,1,2891.590087890625,2894.2099609375,2876.919921875,2888.60009765625,3248780000,2870.6547771574033,2719.566273904139,False
3407,3008,2018-09-06,1,2888.639892578125,2892.050048828125,2867.2900390625,2878.050048828125,3144240000,2871.359088745091,2721.1432268884573,False
3408,3009,2018-09-07,1,2868.260009765625,2883.81005859375,2864.1201171875,2871.679931640625,2976580000,2871.389645211332,2722.641104547683,False
3409,3010,2018-09-10,1,2881.389892578125,2886.929931640625,2875.93994140625,2877.1298828125,2751100000,2871.9363345066813,2724.1783063214625,False
3410,3011,2018-09-11,1,2871.570068359375,2892.52001953125,2866.780029296875,2887.889892578125,2904500000,2873.455720989676,2725.8072773289914,False
3411,3012,2018-09-12,1,2888.2900390625,2894.64990234375,2879.199951171875,2888.919921875,3341280000,2874.9285020263737,2727.430288717509,False
3412,3013,2018-09-13,1,2896.85009765625,2906.760009765625,2896.389892578125,2904.179931640625,3274090000,2877.714352465826,2729.188991632167,False
3413,3014,2018-09-14,1,2906.3798828125,2908.300048828125,2895.77001953125,2904.97998046875,3179410000,2880.3110789422944,2730.938155700193,False
3414,3015,2018-09-17,1,2903.830078125,2904.64990234375,2886.159912109375,2888.800048828125,2967980000,2881.119552264755,2732.5089208059435,False
3415,3016,2018-09-18,1,2890.739990234375,2911.169921875,2890.429931640625,2904.31005859375,3091190000,2883.3281719151355,2734.218384863534,False
3416,3017,2018-09-19,1,2906.60009765625,2912.360107421875,2903.820068359375,2907.949951171875,3302460000,2885.6731032729203,2735.9470571651095,False
3417,3018,2018-09-20,1,2919.72998046875,2934.800048828125,2919.72998046875,2930.75,3406520000,2889.9661410564518,2737.8853949047607,False
3418,3019,2018-09-21,1,2936.760009765625,2940.909912109375,2927.110107421875,2929.669921875,5652470000,2893.747453515361,2739.7936986557083,False
3419,3020,2018-09-24,1,2921.830078125,2923.7900390625,2912.6298828125,2919.3701171875,3392030000,2896.187707198422,2741.5805286908508,False
3420,3021,2018-09-25,1,2921.75,2923.949951171875,2913.699951171875,2915.56005859375,3330880000,2898.032693045596,2743.311668291875,False
3421,3022,2018-09-26,1,2916.97998046875,2931.14990234375,2903.280029296875,2905.969970703125,3417540000,2898.788624251075,2744.930158863131,False
3422,3023,2018-09-27,1,2911.64990234375,2927.219970703125,2909.27001953125,2914.0,3101360000,2900.2373267033536,2746.6124458396175,False
3423,3024,2018-09-28,1,2910.030029296875,2920.530029296875,2907.5,2913.97998046875,3461680000,2901.5461508714866,2748.2777944428926,False
3424,3025,2018-10-01,1,2926.2900390625,2937.06005859375,2917.909912109375,2924.590087890625,3375890000,2903.7408115399758,2750.032145621477,False
3425,3026,2018-10-02,1,2923.800048828125,2931.419921875,2919.3701171875,2923.429931640625,3432620000,2905.615965835276,2751.757496726145,False
3426,3027,2018-10-03,1,2931.68994140625,2939.860107421875,2921.360107421875,2925.510009765625,3625510000,2907.5106366857854,2753.486377452906,False
3427,3028,2018-10-04,1,2919.35009765625,2919.780029296875,2883.919921875,2901.610107421875,3510370000,2906.948681517794,2754.960245412796,False
3428,3029,2018-10-05,1,2902.5400390625,2909.639892578125,2869.2900390625,2885.570068359375,3340820000,2904.912623121754,2756.2598456411206,False
3429,3030,2018-10-08,1,2877.530029296875,2889.449951171875,2862.080078125,2884.429931640625,3381820000,2902.9618905997418,2757.535169879922,False
3430,3031,2018-10-09,1,2882.510009765625,2894.830078125,2874.27001953125,2880.340087890625,3531690000,2900.8074331988737,2758.757109362615,False
3431,3032,2018-10-10,1,2873.89990234375,2874.02001953125,2784.860107421875,2785.679931640625,4554260000,2889.842909240945,2759.024998141501,False
3432,3033,2018-10-11,1,2776.8701171875,2795.139892578125,2710.510009765625,2728.3701171875,4914090000,2874.464548092998,2758.7199744504164,False
3433,3034,2018-10-12,1,2770.5400390625,2775.77001953125,2729.43994140625,2767.1298828125,4024010000,2864.242199018665,2758.8036551306363,False
3434,3035,2018-10-15,1,2763.830078125,2775.989990234375,2749.030029296875,2750.7900390625,3327160000,2853.437231403792,2758.723917657322,False
3435,3036,2018-10-16,1,2767.050048828125,2813.4599609375,2766.909912109375,2809.919921875,3460260000,2849.292725734383,2759.2333306346122,False
3436,3037,2018-10-17,1,2811.669921875,2816.93994140625,2781.81005859375,2809.2099609375,3347090000,2845.4753195632516,2759.730610538124,False
3437,3038,2018-10-18,1,2802.0,2806.0400390625,2755.179931640625,2768.780029296875,3639300000,2838.171006204549,2759.820654505873,False
3438,3039,2018-10-19,1,2775.659912109375,2797.77001953125,2760.27001953125,2767.780029296875,3593940000,2831.4671036419136,2759.899852264987,False
3439,3040,2018-10-22,1,2773.93994140625,2778.93994140625,2749.219970703125,2755.8798828125,3331270000,2824.268320705779,2759.859852568943,False
3440,3041,2018-10-23,1,2721.030029296875,2753.590087890625,2691.429931640625,2740.68994140625,4373710000,2816.3084750582047,2759.6691071842397,False
3441,3042,2018-10-24,1,2737.8701171875,2742.590087890625,2651.889892578125,2656.10009765625,4738670000,2801.050534353257,2758.638569776001,False
3442,3043,2018-10-25,1,2674.8798828125,2722.699951171875,2667.840087890625,2705.570068359375,4663930000,2791.957156639554,2758.110524985786,False
3443,3044,2018-10-26,1,2667.860107421875,2692.3798828125,2628.159912109375,2658.68994140625,4804330000,2779.265040903049,2757.1212654476813,False
3444,3045,2018-10-29,1,2682.64990234375,2706.85009765625,2603.5400390625,2641.25,4701260000,2766.120751293235,2755.968317532779,False
3445,3046,2018-10-30,1,2640.679931640625,2685.429931640625,2635.340087890625,2682.6298828125,5125600000,2758.1692400093557,2755.238581863921,False
3446,3047,2018-10-31,1,2705.60009765625,2736.68994140625,2705.60009765625,2711.739990234375,5133380000,2753.747406697453,2754.8057600566617,False
3447,3048,2018-11-01,1,2717.580078125,2741.669921875,2708.85009765625,2740.3701171875,4730250000,2752.4733791250765,2754.6621218191576,False
3448,3049,2018-11-02,1,2745.449951171875,2756.550048828125,2700.43994140625,2723.06005859375,4261230000,2749.672110503045,2754.347673428855,False
3449,3050,2018-11-05,1,2726.3701171875,2744.27001953125,2717.93994140625,2738.31005859375,3650910000,2748.5900103212075,2754.18809517179,False
3450,3051,2018-11-06,1,2738.39990234375,2756.820068359375,2737.080078125,2755.449951171875,3543800000,2749.243338021271,2754.2006509528856,False
3451,3052,2018-11-07,1,2774.1298828125,2815.14990234375,2774.1298828125,2813.889892578125,3929080000,2755.400152740972,2754.7945737551267,False
3452,3053,2018-11-08,1,2806.3798828125,2814.75,2794.989990234375,2806.830078125,3673550000,2760.298240872784,2755.3123399677625,False
3453,3054,2018-11-09,1,2794.10009765625,2794.10009765625,2764.239990234375,2781.010009765625,4029030000,2762.2707902911498,2755.5680381747065,False
3454,3055,2018-11-12,1,2773.929931640625,2775.989990234375,2722.0,2726.219970703125,3701570000,2758.837378901814,2755.27601760285,False
3455,3056,2018-11-13,1,2730.050048828125,2754.60009765625,2714.97998046875,2722.179931640625,4112820000,2755.3461934483676,2754.946703314669,False
3456,3057,2018-11-14,1,2737.89990234375,2746.800048828125,2685.75,2701.580078125,4449060000,2750.2256110366184,2754.415692118752,False
3457,3058,2018-11-15,1,2693.52001953125,2735.3798828125,2670.75,2730.199951171875,4204960000,2748.3184053352143,2754.1747394725144,False
3458,3059,2018-11-16,1,2718.5400390625,2746.75,2712.159912109375,2736.27001953125,3996970000,2747.170940020551,2753.9965830551882,False
3459,3060,2018-11-19,1,2730.739990234375,2733.159912109375,2681.090087890625,2690.72998046875,3806940000,2741.795610539427,2753.367064621493,False
3460,3061,2018-11-20,1,2654.60009765625,2669.43994140625,2631.52001953125,2641.889892578125,4370820000,2732.280780257398,2752.2578390290214,False
3461,3062,2018-11-21,1,2657.739990234375,2670.72998046875,2649.820068359375,2649.929931640625,3237400000,2724.437842293896,2751.2396508958036,False
3462,3063,2018-11-23,1,2633.360107421875,2647.550048828125,2631.090087890625,2632.56005859375,1651680000,2715.6875771795967,2750.058759430112,False
3463,3064,2018-11-26,1,2649.969970703125,2674.35009765625,2649.969970703125,2673.449951171875,3523520000,2711.6649461312422,2749.2964827310248,False
3464,3065,2018-11-27,1,2663.75,2682.530029296875,2655.889892578125,2682.169921875,3494380000,2708.8558962020766,2748.6285567523582,False
3465,3066,2018-11-28,1,2691.449951171875,2744.0,2684.3798828125,2743.7900390625,3984540000,2712.182957426879,2748.580412297733,False
3466,3067,2018-11-29,1,2736.969970703125,2753.75,2722.93994140625,2737.800048828125,3599200000,2714.622680417474,2748.473144999528,False
3467,3068,2018-11-30,1,2737.760009765625,2760.8798828125,2732.760009765625,2760.169921875,4668310000,2718.9605129372385,2748.589530839085,False
3468,3069,2018-12-03,1,2790.5,2800.179931640625,2773.3798828125,2790.3701171875,4221580000,2725.7614276277395,2749.005258066433,False
3469,3070,2018-12-04,1,2782.429931640625,2785.929931640625,2697.179931640625,2700.06005859375,4515710000,2723.313678195931,2748.518241156257,False
3470,3071,2018-12-06,1,2663.510009765625,2696.14990234375,2621.530029296875,2695.949951171875,5180430000,2720.707608955545,2747.995173594223,False
3471,3072,2018-12-07,1,2691.260009765625,2708.5400390625,2623.139892578125,2633.080078125,4242240000,2712.3621298288263,2746.85173980846,False
3472,3073,2018-12-10,1,2630.860107421875,2647.510009765625,2583.22998046875,2637.719970703125,4162880000,2705.253352769236,2745.765851558656,False
3473,3074,2018-12-11,1,2664.43994140625,2674.35009765625,2621.300048828125,2636.780029296875,3963440000,2698.732083867106,2744.68141551625,False
3474,3075,2018-12-12,1,2658.22998046875,2685.43994140625,2650.260009765625,2651.070068359375,4029300000,2694.1928442949416,2743.749959325635,False
3475,3076,2018-12-13,1,2658.699951171875,2670.18994140625,2637.27001953125,2650.5400390625,3978340000,2690.035434272804,2742.8224974324694,False
3476,3077,2018-12-14,1,2629.679931640625,2635.070068359375,2593.840087890625,2599.949951171875,4064370000,2681.4558644536683,2741.4008800567426,False
3477,3078,2018-12-17,1,2590.75,2601.1298828125,2530.5400390625,2545.93994140625,4661420000,2668.5495860681995,2739.455995095046,False
3478,3079,2018-12-18,1,2559.89990234375,2573.989990234375,2528.7099609375,2546.159912109375,4519190000,2656.8934266435494,2737.532650985736,False
3479,3080,2018-12-19,1,2547.050048828125,2585.2900390625,2488.9599609375,2506.9599609375,5152830000,2642.6140489572595,2735.2383953633657,False
3480,3081,2018-12-20,1,2496.77001953125,2509.6298828125,2441.179931640625,2467.419921875,5619780000,2625.9288939970443,2732.573534930646,False
3481,3082,2018-12-21,1,2465.3798828125,2504.409912109375,2408.550048828125,2416.6201171875,7657890000,2605.994724777088,2729.4297198287245,False
3482,3083,2018-12-24,1,2400.56005859375,2410.340087890625,2351.10009765625,2351.10009765625,2613670000,2581.7190460036745,2725.665245976262,False
3483,3084,2018-12-26,1,2363.1201171875,2467.760009765625,2346.580078125,2467.699951171875,4249740000,2570.8600845911224,2723.098427122487,False
3484,3085,2018-12-27,1,2442.5,2489.10009765625,2397.93994140625,2488.830078125,4139010000,2563.04770302292,2720.7673987742533,False
3485,3086,2018-12-28,1,2498.77001953125,2520.27001953125,2472.889892578125,2485.739990234375,3728440000,2555.6850637097255,2718.428817594752,False
3486,3087,2018-12-31,1,2498.93994140625,2509.239990234375,2482.820068359375,2506.85009765625,3461920000,2551.0341145617754,2716.323556699842,False
3487,3088,2019-01-02,1,2476.9599609375,2519.489990234375,2467.469970703125,2510.030029296875,3733160000,2547.128963584166,2714.2708847853846,False
3488,3089,2019-01-03,1,2491.919921875,2493.139892578125,2443.9599609375,2447.889892578125,3858830000,2537.6776234883523,2711.620327648994,False
3489,3090,2019-01-04,1,2474.330078125,2538.070068359375,2474.330078125,2531.93994140625,4234140000,2537.1311775757713,2709.8324631092655,False
3490,3091,2019-01-07,1,2535.610107421875,2566.159912109375,2524.56005859375,2549.68994140625,4133120000,2538.327250321531,2708.2390051818725,False
3491,3092,2019-01-08,1,2568.110107421875,2579.820068359375,2547.56005859375,2574.409912109375,4120060000,2541.763694301326,2706.907372414982,False
3492,3093,2019-01-09,1,2580.0,2595.320068359375,2568.889892578125,2584.9599609375,4088740000,2545.877624457152,2705.6939653356044,False
3493,3094,2019-01-10,1,2573.510009765625,2597.820068359375,2562.02001953125,2596.639892578125,3721300000,2550.7121261829584,2704.6088501837885,False
3494,3095,2019-01-11,1,2588.110107421875,2596.27001953125,2577.39990234375,2596.260009765625,3447460000,2555.050019857498,2703.53075226918,False
3495,3096,2019-01-14,1,2580.31005859375,2589.320068359375,2570.409912109375,2582.610107421875,3689370000,2557.6747901017243,2702.3275617731874,False
3496,3097,2019-01-15,1,2585.10009765625,2613.080078125,2585.10009765625,2610.300048828125,3601180000,2562.6867195042387,2701.411865126968,False
3497,3098,2019-01-16,1,2614.75,2625.760009765625,2612.679931640625,2616.10009765625,3882180000,2567.7737078996684,2700.562991818802,False
3498,3099,2019-01-17,1,2609.280029296875,2645.06005859375,2606.360107421875,2635.9599609375,3802410000,2574.2676367604145,2699.920175591127,False
3499,3100,2019-01-18,1,2651.27001953125,2675.469970703125,2647.580078125,2670.7099609375,4009010000,2583.452620015375,2699.629526689101,False
3500,3101,2019-01-22,1,2657.8798828125,2657.8798828125,2617.27001953125,2632.89990234375,3923950000,2588.16188499903,2698.9655503274557,False
3501,3102,2019-01-23,1,2643.47998046875,2653.18994140625,2612.860107421875,2638.699951171875,3358770000,2592.9750341583485,2698.365892624415,False
3502,3103,2019-01-24,1,2638.840087890625,2647.199951171875,2627.010009765625,2642.330078125,3449230000,2597.675514536125,2697.8083223308886,False
3503,3104,2019-01-25,1,2657.43994140625,2672.3798828125,2657.330078125,2664.760009765625,3821000000,2604.0645140817915,2697.479483399891,False
3504,3105,2019-01-28,1,2644.969970703125,2644.969970703125,2624.06005859375,2643.85009765625,3630820000,2607.8536172793592,2696.9458576710986,False
3505,3106,2019-01-29,1,2644.889892578125,2650.929931640625,2631.050048828125,2640.0,3518070000,2610.915177538468,2696.379232221635,False
3506,3107,2019-01-30,1,2653.6201171875,2690.43994140625,2648.340087890625,2681.050048828125,3883270000,2617.5946890898636,2696.2267030336398,False
3507,3108,2019-01-31,1,2685.489990234375,2708.949951171875,2678.64990234375,2704.10009765625,4953800000,2625.8332994295192,2696.3050452686907,False
3508,3109,2019-02-01,1,2702.320068359375,2716.659912109375,2696.8798828125,2706.530029296875,3782490000,2633.5187022740292,2696.4067864032995,False
3509,3110,2019-02-04,1,2706.489990234375,2724.989990234375,2698.75,2724.8701171875,3369450000,2642.218837027693,2696.690003625033,False
3510,3111,2019-02-05,1,2728.340087890625,2738.97998046875,2724.030029296875,2737.699951171875,3597620000,2651.312276469996,2697.098062804604,False
3511,3112,2019-02-06,1,2735.050048828125,2738.080078125,2724.14990234375,2731.610107421875,3486590000,2658.9596889416034,2697.4414662336317,False
3512,3113,2019-02-07,1,2717.530029296875,2719.320068359375,2687.260009765625,2706.050048828125,4114040000,2663.4444851212725,2697.5271237718857,False
3513,3114,2019-02-08,1,2692.360107421875,2708.070068359375,2681.830078125,2707.8798828125,3649510000,2667.6764277585326,2697.6301362996533,False
3514,3115,2019-02-11,1,2712.39990234375,2718.050048828125,2703.7900390625,2709.800048828125,3395330000,2671.688201193732,2697.751229956653,False
3515,3116,2019-02-12,1,2722.610107421875,2748.18994140625,2722.610107421875,2744.72998046875,3843020000,2678.644561124686,2698.2186802105048,False
3516,3117,2019-02-13,1,2750.300048828125,2761.85009765625,2748.6298828125,2753.030029296875,3684910000,2685.7288914267992,2698.7640667685782,False
3517,3118,2019-02-14,1,2743.5,2757.89990234375,2731.22998046875,2745.72998046875,3845390000,2691.443280859366,2699.2313892929583,False
3518,3119,2019-02-15,1,2760.239990234375,2775.659912109375,2760.239990234375,2775.60009765625,3648680000,2699.4582157924024,2699.991276938364,False
3519,3120,2019-02-19,1,2769.280029296875,2787.330078125,2767.2900390625,2779.760009765625,3535270000,2707.1060056946144,2700.7849956729638,False
3520,3121,2019-02-20,1,2779.050048828125,2789.8798828125,2774.06005859375,2784.699951171875,3904830000,2714.4959052638774,2701.619970354545,False
3521,3122,2019-02-21,1,2780.239990234375,2781.580078125,2764.550048828125,2774.8798828125,3598260000,2720.2467602685083,2702.3489247073603,False
3522,3123,2019-02-22,1,2780.669921875,2794.199951171875,2779.110107421875,2792.669921875,3429350000,2727.1442042310314,2703.247641097088,False
3523,3124,2019-02-25,1,2804.35009765625,2813.489990234375,2794.989990234375,2796.110107421875,3860260000,2733.7123854873025,2704.171645737136,False
3524,3125,2019-02-26,1,2792.360107421875,2803.1201171875,2789.469970703125,2793.89990234375,3676200000,2739.444529949821,2705.0644642108336,False
3525,3126,2019-02-27,1,2787.5,2795.760009765625,2775.1298828125,2792.3798828125,3771790000,2744.485992127219,2705.933274346174,False
3526,3127,2019-02-28,1,2788.110107421875,2793.72998046875,2782.510009765625,2784.489990234375,4445780000,2748.295896708853,2706.7149332107333,False
3527,3128,2019-03-01,1,2798.219970703125,2808.02001953125,2787.3798828125,2803.68994140625,3994950000,2753.571520013367,2707.6798586654154,False
3528,3129,2019-03-04,1,2814.3701171875,2816.8798828125,2767.659912109375,2792.81005859375,3949730000,2757.308523687689,2708.526925331369,False
3529,3130,2019-03-05,1,2794.409912109375,2796.43994140625,2782.969970703125,2789.64990234375,3631380000,2760.3886549882664,2709.3341191324876,False
3530,3131,2019-03-06,1,2790.27001953125,2790.27001953125,2768.68994140625,2771.449951171875,3800180000,2761.442111767658,2709.952187112979,False
3531,3132,2019-03-07,1,2766.530029296875,2767.25,2739.090087890625,2748.929931640625,3932150000,2760.2504755650834,2710.3400253669856,False
3532,3133,2019-03-08,1,2730.7900390625,2744.1298828125,2722.27001953125,2743.070068359375,3424300000,2758.614246307397,2710.665697436562,False
3533,3134,2019-03-11,1,2747.610107421875,2784.0,2747.610107421875,2783.300048828125,3764850000,2760.965275118895,2711.388427301155,False
3534,3135,2019-03-12,1,2787.340087890625,2798.320068359375,2786.72998046875,2791.52001953125,3432340000,2763.8752507772147,2712.1857565770765,False
3535,3136,2019-03-13,1,2799.780029296875,2821.239990234375,2799.780029296875,2810.919921875,3782250000,2768.3556956436705,2713.168186082529,False
3536,3137,2019-03-14,1,2810.3798828125,2815.0,2803.4599609375,2808.47998046875,3505670000,2772.1770561032017,2714.1165621460736,False
3537,3138,2019-03-15,1,2810.7900390625,2830.72998046875,2810.7900390625,2822.47998046875,5969780000,2776.9678108046824,2715.1948051144586,False
3538,3139,2019-03-18,1,2822.610107421875,2835.409912109375,2821.989990234375,2832.93994140625,3620770000,2782.2984899095936,2716.366398510397,False
3539,3140,2019-03-19,1,2840.760009765625,2852.419921875,2823.27001953125,2832.570068359375,3650740000,2787.0862592857634,2717.5226539317805,False
3540,3141,2019-03-20,1,2831.340087890625,2843.5400390625,2812.429931640625,2824.22998046875,3779160000,2790.6237565412857,2718.5844183749346,False
3541,3142,2019-03-21,1,2819.719970703125,2860.31005859375,2817.3798828125,2854.8798828125,3612620000,2796.7433876147343,2719.9405921504326,False
3542,3143,2019-03-22,1,2844.52001953125,2846.159912109375,2800.469970703125,2800.7099609375,4253730000,2797.121156502617,2720.744267461747,False
3543,3144,2019-03-25,1,2796.010009765625,2809.7900390625,2785.02001953125,2798.360107421875,3406110000,2797.23915182826,2721.516564376773,False
3544,3145,2019-03-26,1,2812.659912109375,2829.8701171875,2803.989990234375,2818.4599609375,3288570000,2799.2601812672356,2722.4811752878254,False
3545,3146,2019-03-27,1,2819.719970703125,2825.56005859375,2787.719970703125,2805.3701171875,3422400000,2799.8420799263085,2723.3059408788667,False
3546,3147,2019-03-28,1,2809.39990234375,2819.7099609375,2798.77001953125,2815.43994140625,3185460000,2801.3275905434457,2724.22269710302,False
3547,3148,2019-03-29,1,2828.27001953125,2836.030029296875,2819.22998046875,2834.39990234375,3752520000,2804.477334524427,2725.3189877024306,False
3548,3149,2019-04-01,1,2848.6298828125,2869.39990234375,2848.6298828125,2867.18994140625,3560090000,2810.449963751267,2726.730638983066,False
3549,3150,2019-04-02,1,2868.239990234375,2872.89990234375,2858.75,2867.239990234375,3267210000,2815.858537702039,2728.1287419805913,False
3550,3151,2019-04-03,1,2876.090087890625,2885.25,2865.169921875,2873.39990234375,3570000000,2821.3386676679165,2729.574226163309,False
3551,3152,2019-04-04,1,2873.989990234375,2881.280029296875,2867.139892578125,2879.389892578125,3038740000,2826.867355754603,2731.0649293117153,False
3552,3153,2019-04-05,1,2884.159912109375,2893.239990234375,2882.989990234375,2892.739990234375,3155970000,2833.140939990772,2732.6736363855725,False
3553,3154,2019-04-08,1,2888.4599609375,2895.949951171875,2880.780029296875,2895.77001953125,3056460000,2839.1056142327225,2734.296485969112,False
3554,3155,2019-04-09,1,2886.580078125,2886.8798828125,2873.330078125,2878.199951171875,3032480000,2842.8288844174035,2735.7283612447613,False
3555,3156,2019-04-10,1,2881.3701171875,2889.7099609375,2879.1298828125,2888.2099609375,3092230000,2847.1508917050314,2737.24559109245,False
3556,3157,2019-04-11,1,2891.919921875,2893.419921875,2881.989990234375,2888.320068359375,2970650000,2851.0717656721117,2738.748819721972,False
3557,3158,2019-04-12,1,2900.860107421875,2910.5400390625,2898.3701171875,2907.409912109375,3726050000,2856.4373034280416,2740.4270395467224,False
3558,3159,2019-04-15,1,2908.320068359375,2909.60009765625,2896.47998046875,2905.580078125,3114530000,2861.117567684895,2742.070353363422,False
3559,3160,2019-04-16,1,2912.260009765625,2916.06005859375,2900.7099609375,2907.06005859375,3403120000,2865.493043009548,2743.7120419726793,False
3560,3161,2019-04-17,1,2916.0400390625,2918.0,2895.449951171875,2900.449951171875,3648100000,2868.822272358341,2745.271623158741,False
3561,3162,2019-04-18,1,2904.81005859375,2908.39990234375,2891.89990234375,2905.030029296875,3507100000,2872.2706301620105,2746.861259040713,False
3562,3163,2019-04-22,1,2898.780029296875,2909.510009765625,2896.35009765625,2907.969970703125,3010130000,2875.6705673564024,2748.464330798548,False
3563,3164,2019-04-23,1,2909.989990234375,2936.31005859375,2908.530029296875,2933.679931640625,3674480000,2881.1952687168045,2750.307272100459,False
3564,3165,2019-04-24,1,2934.0,2936.830078125,2926.050048828125,2927.25,3468480000,2885.5814336009184,2752.067896258664,False
3565,3166,2019-04-25,1,2928.989990234375,2933.10009765625,2912.840087890625,2926.169921875,3440010000,2889.4470039127355,2753.8002547225083,False
3566,3167,2019-04-26,1,2925.81005859375,2939.8798828125,2917.56005859375,2939.8798828125,3264390000,2894.2501352365225,2755.6517933104687,False
3567,3168,2019-04-29,1,2940.580078125,2949.52001953125,2939.35009765625,2943.030029296875,3150390000,2898.8958394327465,2757.5162533700354,False
3568,3169,2019-04-30,1,2937.139892578125,2948.219970703125,2924.110107421875,2945.830078125,3939760000,2903.3657669272466,2759.390022770582,False
3569,3170,2019-05-01,1,2952.330078125,2954.1298828125,2923.360107421875,2923.72998046875,3669330000,2905.3052158359615,2761.0252462302656,False
3570,3171,2019-05-02,1,2922.159912109375,2931.679931640625,2900.5,2917.52001953125,3802290000,2906.4685304736076,2762.582408153659,False
3571,3172,2019-05-03,1,2929.2099609375,2947.85009765625,2929.2099609375,2945.639892578125,3357180000,2910.1991363883235,2764.40387566037,False
3572,3173,2019-05-06,1,2908.889892578125,2937.320068359375,2898.2099609375,2932.469970703125,3203260000,2912.320168227828,2766.076175113532,False
3573,3174,2019-05-07,1,2913.030029296875,2913.030029296875,2862.60009765625,2884.050048828125,3793060000,2909.6277759040468,2767.2500445037267,False
3574,3175,2019-05-08,1,2879.610107421875,2897.9599609375,2873.280029296875,2879.419921875,3543110000,2906.75083742509,2768.3661626865255,False
3575,3176,2019-05-09,1,2859.840087890625,2875.969970703125,2836.39990234375,2870.719970703125,3659050000,2903.3193263087123,2769.384608537437,False
3576,3177,2019-05-10,1,2863.10009765625,2891.31005859375,2825.389892578125,2881.39990234375,3566780000,2901.231762121573,2770.499188575311,False
3577,3178,2019-05-13,1,2840.18994140625,2840.18994140625,2801.429931640625,2811.8701171875,3900270000,2892.721129270709,2770.9108396062784,False
3578,3179,2019-05-14,1,2820.1201171875,2852.5400390625,2820.1201171875,2834.409912109375,3354860000,2887.1676800172486,2771.5426711734735,False
3579,3180,2019-05-15,1,2820.3798828125,2858.679931640625,2815.080078125,2850.9599609375,3140900000,2883.7193258191774,2772.3328929621703,False
3580,3181,2019-05-16,1,2855.800048828125,2892.14990234375,2855.800048828125,2876.320068359375,3338470000,2883.0146346325296,2773.367591224829,False
3581,3182,2019-05-17,1,2858.60009765625,2885.47998046875,2854.22998046875,2859.530029296875,3316040000,2880.778005552944,2774.224928917088,False
3582,3183,2019-05-20,1,2841.93994140625,2853.860107421875,2831.2900390625,2840.22998046875,3293750000,2876.9162888782585,2774.8816955991942,False
3583,3184,2019-05-21,1,2854.02001953125,2868.8798828125,2854.02001953125,2864.360107421875,3223050000,2875.720462072889,2775.7720280551416,False
3584,3185,2019-05-22,1,2856.06005859375,2865.469970703125,2851.110107421875,2856.27001953125,3194000000,2873.8680389736855,2776.573003094705,False
3585,3186,2019-05-23,1,2836.699951171875,2836.699951171875,2805.489990234375,2822.239990234375,3899320000,2868.951081950894,2777.027400976692,False
3586,3187,2019-05-24,1,2832.409912109375,2841.360107421875,2820.18994140625,2826.06005859375,2889230000,2864.866222583547,2777.5152881171607,False
3587,3188,2019-05-28,1,2830.030029296875,2840.510009765625,2801.580078125,2802.389892578125,4146980000,2858.9160959163637,2777.76279661926,False
3588,3189,2019-05-29,1,2790.25,2792.030029296875,2766.06005859375,2783.02001953125,3701110000,2851.6878981654004,2777.8151072950013,False
3589,3190,2019-05-30,1,2786.93994140625,2799.0,2776.739990234375,2788.860107421875,3276030000,2845.704299046969,2777.9250077937763,False
3590,3191,2019-05-31,1,2766.14990234375,2768.97998046875,2750.52001953125,2752.06005859375,3982670000,2836.7857999561866,2777.6676451151693,False
3591,3192,2019-06-03,1,2751.530029296875,2763.070068359375,2728.81005859375,2744.449951171875,3952360000,2827.9919095957757,2777.337120797326,False
3592,3193,2019-06-04,1,2762.639892578125,2804.489990234375,2762.639892578125,2803.27001953125,3814130000,2825.6374438753446,2777.5951595906986,False
3593,3194,2019-06-05,1,2818.090087890625,2827.280029296875,2800.919921875,2826.14990234375,3570760000,2825.686249443764,2778.0782913593857,False
3594,3195,2019-06-06,1,2828.510009765625,2852.10009765625,2822.449951171875,2843.489990234375,3445140000,2827.3818438047747,2778.729154034759,False
3595,3196,2019-06-07,1,2852.8701171875,2884.969970703125,2852.8701171875,2873.340087890625,3244380000,2831.7588194319983,2779.6705563616833,False
3596,3197,2019-06-10,1,2885.830078125,2904.77001953125,2885.510009765625,2886.72998046875,3209890000,2836.994168102165,2780.7358242632463,False
3597,3198,2019-06-11,1,2903.27001953125,2910.610107421875,2878.530029296875,2885.719970703125,3551000000,2841.634720730828,2781.7804426357825,False
3598,3199,2019-06-12,1,2882.72998046875,2888.570068359375,2874.679931640625,2879.840087890625,3039870000,2845.2733271269994,2782.7561604990146,False
3599,3200,2019-06-13,1,2886.239990234375,2895.239990234375,2881.989990234375,2891.639892578125,3100640000,2849.689190503297,2783.8395807187076,False
3600,3201,2019-06-14,1,2886.820068359375,2894.449951171875,2879.6201171875,2886.97998046875,2992810000,2853.240694309531,2784.8658533530365,False
3601,3202,2019-06-17,1,2889.75,2897.27001953125,2887.300048828125,2889.669921875,2828400000,2856.7101445538615,2785.908679905494,False
3602,3203,2019-06-18,1,2906.7099609375,2930.7900390625,2905.43994140625,2917.75,3441540000,2862.5234641201605,2787.220533836783,False
3603,3204,2019-06-19,1,2920.550048828125,2931.739990234375,2911.429931640625,2926.4599609375,3300220000,2868.6126542932407,2788.6060007731085,False
3604,3205,2019-06-20,1,2949.60009765625,2958.06005859375,2931.5,2954.179931640625,3943060000,2876.7619188025155,2790.2535025727852,False
3605,3206,2019-06-21,1,2952.7099609375,2964.14990234375,2946.8701171875,2950.4599609375,5003540000,2883.7807799582283,2791.8475966858673,False
3606,3207,2019-06-24,1,2951.419921875,2954.919921875,2944.050048828125,2945.35009765625,3136960000,2889.644524500897,2793.3749847552244,False
3607,3208,2019-06-25,1,2945.780029296875,2946.52001953125,2916.010009765625,2917.3798828125,3579430000,2892.2859871972405,2794.608864337884,False
3608,3209,2019-06-26,1,2926.070068359375,2932.590087890625,2912.989990234375,2913.780029296875,3511350000,2894.3330388257773,2795.7946470737943,False
3609,3210,2019-06-27,1,2919.659912109375,2929.300048828125,2918.570068359375,2924.919921875,3162500000,2897.2460753066557,2797.0794756787814,False
3610,3211,2019-06-28,1,2932.93994140625,2943.97998046875,2929.050048828125,2941.760009765625,5422650000,2901.485497636081,2798.5190829831286,False
3611,3212,2019-07-01,1,2971.409912109375,2977.929931640625,2952.219970703125,2964.330078125,3524860000,2907.4706957778826,2800.1689436313063,False
3612,3213,2019-07-02,1,2964.659912109375,2973.2099609375,2955.919921875,2973.010009765625,3224490000,2913.7125352052863,2801.8887552346328,False
3613,3214,2019-07-03,1,2978.080078125,2995.840087890625,2977.9599609375,2995.820068359375,1963570000,2921.5323002675805,2803.8184200418445,False
3614,3215,2019-07-05,1,2984.25,2994.030029296875,2967.969970703125,2990.409912109375,2434680000,2928.0920728239416,2805.675051803711,False
3615,3216,2019-07-08,1,2979.77001953125,2980.760009765625,2970.090087890625,2975.949951171875,2922360000,2932.6499659999354,2807.3693294093646,False
3616,3217,2019-07-09,1,2965.52001953125,2981.89990234375,2963.43994140625,2979.6298828125,3033330000,2937.1242437916085,2809.08336476661,False
3617,3218,2019-07-10,1,2989.300048828125,3002.97998046875,2984.6201171875,2993.070068359375,3157800000,2942.452417559967,2810.914078235195,False
3618,3219,2019-07-11,1,2999.6201171875,3002.330078125,2988.800048828125,2999.909912109375,3155710000,2947.924559898006,2812.794633796132,False
3619,3220,2019-07-12,1,3003.360107421875,3013.919921875,3001.8701171875,3013.77001953125,2984140000,2954.1955560535534,2814.7943888780733,False
3620,3221,2019-07-15,1,3017.800048828125,3017.800048828125,3008.77001953125,3014.300048828125,2876100000,2959.9197934606555,2816.77951982285,False
3621,3222,2019-07-16,1,3012.1298828125,3015.02001953125,3001.14990234375,3004.0400390625,3297030000,2964.1217216132122,2818.6428085715033,False
3622,3223,2019-07-17,1,3005.10009765625,3005.260009765625,2984.25,2984.419921875,3185650000,2966.0548835429063,2820.2923320869613,False
3623,3224,2019-07-18,1,2978.8701171875,2998.280029296875,2973.090087890625,2995.110107421875,3369820000,2968.8220477218556,2822.0318124385526,False
3624,3225,2019-07-19,1,3004.260009765625,3006.02001953125,2975.860107421875,2976.610107421875,3285890000,2969.563767693286,2823.569904925949,False
3625,3226,2019-07-22,1,2981.929931640625,2990.7099609375,2976.64990234375,2985.030029296875,3016200000,2971.036744988866,2825.17647332765,False
3626,3227,2019-07-23,1,2994.739990234375,3005.89990234375,2988.56005859375,3005.469970703125,3333810000,2974.3160998187955,2826.9704384756647,False
3627,3228,2019-07-24,1,2998.77001953125,3019.590087890625,2996.820068359375,3019.56005859375,3433220000,2978.625048273553,2828.8867531037054,False
3628,3229,2019-07-25,1,3016.260009765625,3016.31005859375,2997.239990234375,3003.669921875,3657050000,2981.010274330834,2830.6258891113803,False
3629,3230,2019-07-26,1,3013.25,3027.97998046875,3012.590087890625,3025.860107421875,3260170000,2985.281687006171,2832.568518149296,False
3630,3231,2019-07-29,1,3024.469970703125,3025.610107421875,3014.300048828125,3020.969970703125,3224490000,2988.6805711677857,2834.443159468239,False
3631,3232,2019-07-30,1,3007.659912109375,3017.18994140625,3000.93994140625,3013.179931640625,3632770000,2991.0138435937706,2836.2216348132383,False
3632,3233,2019-07-31,1,3016.219970703125,3017.39990234375,2958.080078125,2980.3798828125,4626330000,2990.001085424126,2837.6560452410918,False
3633,3234,2019-08-01,1,2980.320068359375,3013.590087890625,2945.22998046875,2953.56005859375,4793810000,2986.530511440281,2838.809319005795,False
3634,3235,2019-08-02,1,2943.89990234375,2945.5,2914.110107421875,2932.050048828125,3882810000,2981.3418959534088,2839.7370874617386,False
3635,3236,2019-08-05,1,2898.070068359375,2898.070068359375,2822.1201171875,2844.739990234375,4542850000,2968.332190646834,2839.78686758883,False
3636,3237,2019-08-06,1,2861.179931640625,2884.39990234375,2847.419921875,2881.77001953125,4156640000,2960.088174350112,2840.2046103942275,False
3637,3238,2019-08-07,1,2858.64990234375,2892.169921875,2825.7099609375,2883.97998046875,4512720000,2952.839774932839,2840.6401862158646,False
3638,3239,2019-08-08,1,2896.2099609375,2938.719970703125,2894.469970703125,2938.090087890625,4118530000,2951.435042833581,2841.609836978798,False
3639,3240,2019-08-09,1,2930.510009765625,2935.75,2900.14990234375,2918.64990234375,3356850000,2948.3126485012162,2842.3764047933746,False
3640,3241,2019-08-12,1,2907.070068359375,2907.580078125,2873.139892578125,2882.699951171875,3328570000,2942.063820184136,2842.7776341105737,False
3641,3242,2019-08-13,1,2880.719970703125,2943.31005859375,2877.050048828125,2926.320068359375,3857190000,2940.5644152484447,2843.6089021130497,False
3642,3243,2019-08-14,1,2894.14990234375,2894.14990234375,2839.639892578125,2840.60009765625,4325150000,2931.044004049188,2843.5789637602456,False
3643,3244,2019-08-15,1,2846.199951171875,2856.669921875,2825.510009765625,2847.60009765625,4041720000,2923.096965345099,2843.6189750427934,False
3644,3245,2019-08-16,1,2864.739990234375,2893.6298828125,2864.739990234375,2888.679931640625,3524080000,2919.819152611339,2844.0673427701354,False
3645,3246,2019-08-19,1,2913.47998046875,2931.0,2913.47998046875,2923.64990234375,3221050000,2920.1839859191878,2844.859209034549,False
3646,3247,2019-08-20,1,2919.010009765625,2923.6298828125,2899.60009765625,2900.510009765625,3067710000,2918.3102739045626,2845.412948345306,False
3647,3248,2019-08-21,1,2922.0400390625,2928.72998046875,2917.909912109375,2924.429931640625,3016540000,2918.8930984508543,2846.199186985061,False
3648,3249,2019-08-22,1,2930.93994140625,2939.080078125,2904.510009765625,2922.949951171875,2893660000,2919.2794653766655,2846.9628761809495,False
3649,3250,2019-08-23,1,2911.070068359375,2927.010009765625,2834.969970703125,2847.110107421875,3942520000,2912.406193190495,2846.9643411684215,False
3650,3251,2019-08-26,1,2866.699951171875,2879.27001953125,2856.0,2878.3798828125,2859790000,2909.165592202114,2847.276933622592,False
3651,3252,2019-08-27,1,2893.139892578125,2898.7900390625,2860.590087890625,2869.159912109375,3537490000,2905.355527431377,2847.494674702062,False
3652,3253,2019-08-28,1,2861.280029296875,2890.030029296875,2853.050048828125,2887.93994140625,3102480000,2903.6969001908888,2847.8971151667806,False
3653,3254,2019-08-29,1,2910.3701171875,2930.5,2905.669921875,2924.580078125,3177150000,2905.6857742798516,2848.660129723579,False
3654,3255,2019-08-30,1,2937.090087890625,2940.429931640625,2913.320068359375,2926.4599609375,3009910000,2907.6642682472466,2849.4342573973495,False
3655,3256,2019-09-03,1,2909.010009765625,2914.389892578125,2891.85009765625,2906.27001953125,3427830000,2907.5314826552467,2849.999787368831,False
3656,3257,2019-09-04,1,2924.669921875,2938.840087890625,2921.860107421875,2937.780029296875,3167900000,2910.412296621116,2850.8732226118964,False
3657,3258,2019-09-05,1,2960.60009765625,2985.860107421875,2960.60009765625,2976.0,3902600000,2916.6587445619625,2852.118265172972,False
3658,3259,2019-09-06,1,2980.330078125,2985.030029296875,2972.510009765625,2978.7099609375,3209340000,2922.5683842167755,2853.3778840363007,False
3659,3260,2019-09-09,1,2988.429931640625,2989.429931640625,2969.389892578125,2978.429931640625,4031120000,2927.8885315904754,2854.622183017438,False
3660,3261,2019-09-10,1,2971.010009765625,2979.389892578125,2957.010009765625,2979.389892578125,4393040000,2932.793423113109,2855.8636527643107,False
3661,3262,2019-09-11,1,2981.409912109375,3000.929931640625,2975.31005859375,3000.929931640625,3934370000,2939.282614401444,2857.307098325269,False
3662,3263,2019-09-12,1,3009.080078125,3020.739990234375,3000.919921875,3009.570068359375,3796990000,2945.9766576355323,2858.8221527534697,False
3663,3264,2019-09-13,1,3012.2099609375,3017.330078125,3002.89990234375,3007.389892578125,3557010000,2951.8255371538744,2860.3004387218743,False
3664,3265,2019-09-16,1,2996.409912109375,3002.18994140625,2990.669921875,2997.9599609375,4285860000,2956.219291799934,2861.670185211582,False
3665,3266,2019-09-17,1,2995.669921875,3006.2099609375,2993.72998046875,3005.699951171875,3673250000,2960.931735549643,2863.103317211187,False
3666,3267,2019-09-18,1,3001.5,3007.830078125,2978.570068359375,3006.72998046875,3458800000,2965.2934731609867,2864.5324382386257,False
3667,3268,2019-09-19,1,3010.360107421875,3021.989990234375,3003.159912109375,3006.7900390625,3265660000,2969.2455270563687,2865.9479367542863,False
3668,3269,2019-09-20,1,3008.419921875,3016.3701171875,2984.679931640625,2992.070068359375,6103440000,2971.41929289475,2867.2028833374216,False
3669,3270,2019-09-23,1,2983.5,2999.14990234375,2982.22998046875,2991.780029296875,3187250000,2973.3584106473336,2868.442456929058,False
3670,3271,2019-09-24,1,3002.429931640625,3007.97998046875,2957.72998046875,2966.60009765625,3872800000,2972.71476179104,2869.4191498716177,False
3671,3272,2019-09-25,1,2968.35009765625,2989.820068359375,2952.860107421875,2984.8701171875,3331200000,2973.8724146859413,2870.567915715557,False
3672,3273,2019-09-26,1,2985.72998046875,2987.280029296875,2963.7099609375,2977.6201171875,3084910000,2974.229338733709,2871.633111750104,False
3673,3274,2019-09-27,1,2985.469970703125,2987.31005859375,2945.530029296875,2961.7900390625,3246480000,2973.0446435269273,2872.530195603959,False
3674,3275,2019-09-30,1,2967.070068359375,2983.85009765625,2967.070068359375,2976.739990234375,3249130000,2973.396581308589,2873.567108983366,False
3675,3276,2019-10-01,1,2983.68994140625,2992.530029296875,2938.699951171875,2940.25,3560750000,2970.239764041104,2874.2306203367652,False
3676,3277,2019-10-02,1,2924.780029296875,2924.780029296875,2874.929931640625,2887.610107421875,3914180000,2962.3702729345105,2874.363749561493,False
3677,3278,2019-10-03,1,2885.3798828125,2911.1298828125,2855.93994140625,2910.6298828125,3515130000,2957.442616732414,2874.724606608767,False
3678,3279,2019-10-04,1,2918.56005859375,2953.739990234375,2918.56005859375,2952.010009765625,3005600000,2956.9252255927195,2875.4936155954024,False
3679,3280,2019-10-07,1,2944.22998046875,2959.75,2935.679931640625,2938.7900390625,2959050000,2955.198064970794,2876.123430754279,False
3680,3281,2019-10-08,1,2920.39990234375,2925.469970703125,2892.659912109375,2893.06005859375,3370700000,2949.2801596015515,2876.2919544143733,False
3681,3282,2019-10-09,1,2911.10009765625,2929.320068359375,2907.409912109375,2919.39990234375,2735350000,2946.434420815094,2876.720889219641,False
3682,3283,2019-10-10,1,2918.550048828125,2948.4599609375,2917.1201171875,2938.1298828125,3234400000,2945.6435124338946,2877.331923981759,False
3683,3284,2019-10-11,1,2963.070068359375,2993.280029296875,2963.070068359375,2970.27001953125,3581320000,2947.988894062214,2878.2566811514057,False
3684,3285,2019-10-14,1,2965.81005859375,2972.840087890625,2962.93994140625,2966.14990234375,2559270000,2949.7185138985506,2879.1312405662547,False
3685,3286,2019-10-15,1,2973.610107421875,3003.280029296875,2973.610107421875,2995.679931640625,3345090000,2954.095791778748,2880.2909290346565,False
3686,3287,2019-10-16,1,2989.679931640625,2997.5400390625,2985.199951171875,2989.68994140625,3230320000,2957.4857107908915,2881.379476421439,False
3687,3288,2019-10-17,1,3000.77001953125,3008.2900390625,2991.7900390625,2997.949951171875,3103470000,2961.339447970033,2882.5393816428364,False
3688,3289,2019-10-18,1,2996.840087890625,3000.0,2976.31005859375,2986.199951171875,3268970000,2963.7071149416365,2883.5708300958618,False
3689,3290,2019-10-21,1,2996.47998046875,3007.330078125,2995.35009765625,3006.719970703125,3271960000,2967.8035773951115,2884.7961946790188,False
3690,3291,2019-10-22,1,3010.72998046875,3014.570068359375,2995.0400390625,2995.989990234375,3527540000,2970.4879976655175,2885.9026006049426,False
3691,3292,2019-10-23,1,2994.010009765625,3004.780029296875,2991.2099609375,3004.52001953125,3413600000,2973.7291426051115,2887.0828734300803,False
3692,3293,2019-10-24,1,3014.780029296875,3016.070068359375,3000.419921875,3010.2900390625,3696510000,2977.2111327439106,2888.308815376672,False
3693,3294,2019-10-25,1,3003.320068359375,3027.389892578125,3001.93994140625,3022.550048828125,3379060000,2981.529124751931,2889.6445490428555,False
3694,3295,2019-10-28,1,3032.1201171875,3044.080078125,3032.1201171875,3039.419921875,3524970000,2987.0425340017473,2891.134851260091,False
3695,3296,2019-10-29,1,3035.389892578125,3047.8701171875,3034.81005859375,3036.889892578125,3594430000,2991.789901485212,2892.5851501786788,False
3696,3297,2019-10-30,1,3039.739990234375,3050.10009765625,3025.9599609375,3046.77001953125,3779660000,2997.026103203882,2894.119327983182,False
3697,3298,2019-10-31,1,3046.89990234375,3046.89990234375,3023.18994140625,3037.56005859375,4149310000,3000.886479907679,2895.5465989345307,False
3698,3299,2019-11-01,1,3050.719970703125,3066.949951171875,3050.719970703125,3066.909912109375,3956290000,3007.1744258316503,2897.2517065283105,False
3699,3300,2019-11-04,1,3078.9599609375,3085.199951171875,3074.8701171875,3078.27001953125,4178040000,3013.9454347554215,2899.052883772121,False
3700,3301,2019-11-05,1,3080.800048828125,3083.949951171875,3072.14990234375,3074.6201171875,4490590000,3019.723975939429,2900.799821418045,False
3701,3302,2019-11-06,1,3075.10009765625,3078.340087890625,3065.889892578125,3076.780029296875,4465510000,3025.1578857829954,2902.550868262611,False
3702,3303,2019-11-07,1,3087.02001953125,3097.77001953125,3080.22998046875,3085.179931640625,4151990000,3030.87427110277,2904.3680728733375,False
3703,3304,2019-11-08,1,3081.25,3093.090087890625,3073.580078125,3093.080078125,3508160000,3036.7986336763156,2906.2458042688763,False
3704,3305,2019-11-11,1,3080.330078125,3088.330078125,3075.820068359375,3087.010009765625,3041120000,3041.5806694943453,2908.0444530797895,False
3705,3306,2019-11-12,1,3089.280029296875,3102.610107421875,3084.72998046875,3091.840087890625,3495560000,3046.3672807701814,2909.8732653664642,False
3706,3307,2019-11-13,1,3084.179931640625,3098.06005859375,3078.800048828125,3094.0400390625,3513720000,3050.907543464688,2911.70577057737,False
3707,3308,2019-11-14,1,3090.75,3098.199951171875,3083.260009765625,3096.6298828125,3282090000,3055.262051974003,2913.545811495133,False
3708,3309,2019-11-15,1,3107.919921875,3120.4599609375,3104.60009765625,3120.4599609375,3359800000,3061.4713766371933,2915.604658753266,False
3709,3310,2019-11-18,1,3117.909912109375,3124.169921875,3112.06005859375,3122.030029296875,3440140000,3067.2388673666865,2917.65864253977,False
3710,3311,2019-11-19,1,3127.449951171875,3127.639892578125,3113.469970703125,3120.179931640625,3613670000,3072.280873488014,2919.6737797447536,False
3711,3312,2019-11-20,1,3114.659912109375,3118.969970703125,3091.409912109375,3108.4599609375,4041010000,3075.7265008641557,2921.552249209358,False
3712,3313,2019-11-21,1,3108.489990234375,3110.110107421875,3094.550048828125,3103.5400390625,3744010000,3078.375409263998,2923.363072988991,False
3713,3314,2019-11-22,1,3111.409912109375,3112.8701171875,3099.260009765625,3110.2900390625,3235270000,3081.414897816236,2925.223042800668,False
3714,3315,2019-11-25,1,3117.43994140625,3133.830078125,3117.43994140625,3133.639892578125,3514310000,3086.3887068411777,2927.296842300941,False
3715,3316,2019-11-26,1,3134.85009765625,3142.68994140625,3131.0,3140.52001953125,4600450000,3091.544069954518,2929.418465954974,False
3716,3317,2019-11-27,1,3145.489990234375,3154.260009765625,3143.409912109375,3153.6298828125,3035470000,3097.457004512421,2931.649425326691,False
3717,3318,2019-11-29,1,3147.179931640625,3150.300048828125,3139.340087890625,3140.97998046875,1743420000,3101.6020498415955,2933.7323164226323,False
3718,3319,2019-12-02,1,3143.85009765625,3144.31005859375,3110.780029296875,3113.8701171875,3285750000,3102.7704372078724,2935.524732350641,False
3719,3320,2019-12-03,1,3087.409912109375,3094.969970703125,3070.330078125,3093.199951171875,3671580000,3101.8589623473013,2937.0936400006035,False
3720,3321,2019-12-04,1,3103.5,3119.3798828125,3102.530029296875,3112.760009765625,3702980000,3102.8971573395224,2938.8415640778676,False
3721,3322,2019-12-05,1,3119.2099609375,3119.449951171875,3103.760009765625,3117.429931640625,3360480000,3104.2812310824843,2940.618562760084,False
3722,3323,2019-12-06,1,3134.6201171875,3150.60009765625,3134.6201171875,3145.909912109375,3483310000,3108.2458673707597,2942.661262753609,False
3723,3324,2019-12-09,1,3141.860107421875,3148.8701171875,3135.4599609375,3135.9599609375,3400470000,3110.8853048533065,2944.584632884792,False
3724,3325,2019-12-10,1,3135.360107421875,3142.1201171875,3126.090087890625,3132.52001953125,3346310000,3112.9457538702536,2946.4546367320204,False
3725,3326,2019-12-11,1,3135.75,3143.97998046875,3133.2099609375,3141.6298828125,3257650000,3115.677575674277,2948.3966789815777,False
3726,3327,2019-12-12,1,3141.22998046875,3176.280029296875,3138.469970703125,3168.570068359375,4003200000,3120.7149559300005,2950.587458975387,False
3727,3328,2019-12-13,1,3166.64990234375,3182.679931640625,3156.510009765625,3168.800048828125,3757650000,3125.2944885869647,2952.7587285261607,False
3728,3329,2019-12-16,1,3183.6298828125,3197.7099609375,3183.6298828125,3191.449951171875,4070200000,3131.595008833147,2955.133765567412,False
3729,3330,2019-12-17,1,3195.39990234375,3198.219970703125,3191.030029296875,3192.52001953125,3842940000,3137.3973908043945,2957.495817845659,False
3730,3331,2019-12-18,1,3195.2099609375,3198.47998046875,3191.139892578125,3191.139892578125,4029950000,3142.5157243066546,2959.8206345096637,False
3731,3332,2019-12-19,1,3192.320068359375,3205.47998046875,3192.320068359375,3205.3701171875,3784360000,3148.5018569619733,2962.2639129442696,False
3732,3333,2019-12-20,1,3223.330078125,3225.64990234375,3216.030029296875,3221.219970703125,6457480000,3155.427391603988,2964.8405901359,False
3733,3334,2019-12-23,1,3226.050048828125,3227.780029296875,3222.300048828125,3224.010009765625,3064530000,3161.959069524144,2967.419390331221,False
3734,3335,2019-12-24,1,3225.449951171875,3226.429931640625,3220.510009765625,3223.3798828125,1296530000,3167.808670789702,2969.9662609031743,False
3735,3336,2019-12-26,1,3227.199951171875,3240.080078125,3227.199951171875,3239.909912109375,2164540000,3174.67545567729,2972.652267382838,False
3736,3337,2019-12-27,1,3247.22998046875,3247.929931640625,3234.3701171875,3240.02001953125,2429150000,3180.898747472905,2975.312643026106,False
3737,3338,2019-12-30,1,3240.090087890625,3240.919921875,3216.570068359375,3221.2900390625,3021720000,3184.7455371481046,2977.7601793050753,False
3738,3339,2019-12-31,1,3215.179931640625,3231.719970703125,3212.030029296875,3230.780029296875,2894760000,3189.1297744956064,2980.2777897527553,False
3739,3340,2020-01-02,1,3244.669921875,3258.139892578125,3235.530029296875,3257.85009765625,3459930000,3195.6745671775725,2983.039703264233,False
3740,3341,2020-01-03,1,3226.360107421875,3246.14990234375,3222.340087890625,3234.85009765625,3484700000,3199.4055700803037,2985.5452793278355,False
3741,3342,2020-01-06,1,3217.550048828125,3246.840087890625,3214.639892578125,3246.280029296875,3702460000,3203.8698042914057,2988.139654949418,False
3742,3343,2020-01-07,1,3241.860107421875,3244.909912109375,3232.429931640625,3237.179931640625,3435910000,3207.0421973722837,2990.617667652813,False
3743,3344,2020-01-08,1,3238.590087890625,3267.070068359375,3236.669921875,3253.050048828125,3726840000,3211.4238975109356,2993.2289351271943,False
3744,3345,2020-01-09,1,3266.030029296875,3275.580078125,3263.669921875,3274.699951171875,3641230000,3217.4501883357866,2996.0296417545046,False
3745,3346,2020-01-10,1,3281.81005859375,3282.989990234375,3260.860107421875,3265.35009765625,3214580000,3222.0120844615453,2998.7094472858657,False
3746,3347,2020-01-13,1,3271.1298828125,3288.1298828125,3268.429931640625,3288.1298828125,3459390000,3228.309017637827,3001.5892526144894,False
3747,3348,2020-01-14,1,3285.35009765625,3294.25,3277.18994140625,3283.14990234375,3687620000,3233.5319590383906,3004.3908511192585,False
3748,3349,2020-01-15,1,3282.27001953125,3298.659912109375,3280.68994140625,3289.2900390625,3721490000,3238.84225237402,3007.225668909739,False
3749,3350,2020-01-16,1,3302.969970703125,3317.110107421875,3302.820068359375,3316.81005859375,3540580000,3246.2677577282802,3010.3061105981374,False
3750,3351,2020-01-17,1,3323.659912109375,3329.8798828125,3318.860107421875,3329.6201171875,3726220000,3254.206077676777,3013.4833643950465,False
3751,3352,2020-01-21,1,3321.030029296875,3329.7900390625,3316.610107421875,3320.7900390625,4104840000,3260.5474073325604,3016.5411422524344,False
3752,3353,2020-01-22,1,3330.02001953125,3337.77001953125,3320.0400390625,3321.75,3623780000,3266.37622568184,3019.5780463096244,False
3753,3354,2020-01-23,1,3315.77001953125,3326.8798828125,3301.8701171875,3325.5400390625,3766710000,3272.0108745752364,3022.622444247464,False
3754,3355,2020-01-24,1,3333.10009765625,3333.179931640625,3281.530029296875,3295.469970703125,3708780000,3274.245074206464,3025.3373450082167,False
3755,3356,2020-01-27,1,3247.159912109375,3258.85009765625,3234.5,3243.6298828125,3831050000,3271.329341692753,3027.509410060996,False
3756,3357,2020-01-28,1,3255.35009765625,3285.780029296875,3253.219970703125,3276.239990234375,3531570000,3271.797022506241,3029.9843412069995,False
3757,3358,2020-01-29,1,3289.4599609375,3293.469970703125,3271.889892578125,3273.39990234375,3600250000,3271.949677728861,3032.406386591445,False
3758,3359,2020-01-30,1,3256.449951171875,3285.909912109375,3242.800048828125,3283.659912109375,3790350000,3273.0649381460526,3034.906421671226,False
3759,3360,2020-01-31,1,3282.330078125,3282.330078125,3214.679931640625,3225.52001953125,4529700000,3268.5368506589284,3036.803074386251,False
3760,3361,2020-02-03,1,3235.659912109375,3268.43994140625,3235.659912109375,3248.919921875,3760460000,3266.6685717271257,3038.913689784149,False
3761,3362,2020-02-04,1,3280.610107421875,3306.919921875,3280.610107421875,3297.590087890625,3996900000,3269.6134780284115,3041.4875842926713,False
3762,3363,2020-02-05,1,3324.909912109375,3337.580078125,3313.75,3334.68994140625,4121480000,3275.811236445348,3044.405020681861,False
3763,3364,2020-02-06,1,3344.919921875,3347.9599609375,3334.389892578125,3345.780029296875,3887250000,3282.4749310026364,3047.403776986488,False
3764,3365,2020-02-07,1,3335.5400390625,3341.419921875,3322.1201171875,3327.7099609375,3733920000,3286.783029091671,3050.192893244707,False
3765,3366,2020-02-10,1,3318.280029296875,3352.260009765625,3317.77001953125,3352.090087890625,3462730000,3293.0027489772856,3053.1968454302387,False
3766,3367,2020-02-11,1,3365.8701171875,3375.6298828125,3352.719970703125,3357.75,3762940000,3299.1691538365917,3056.227225077699,False
3767,3368,2020-02-12,1,3370.5,3381.469970703125,3369.719970703125,3379.449951171875,3930910000,3306.814944059,3059.4433716059993,False
3768,3369,2020-02-13,1,3365.89990234375,3385.090087890625,3360.52001953125,3373.93994140625,3500890000,3313.2078009492143,3062.5726907084895,False
3769,3370,2020-02-14,1,3378.080078125,3380.68994140625,3366.14990234375,3380.159912109375,3419700000,3319.584192488277,3065.732762563225,False
3770,3371,2020-02-18,1,3369.0400390625,3375.010009765625,3355.610107421875,3370.2900390625,3750400000,3324.413320733441,3068.7631832249094,False
3771,3372,2020-02-19,1,3380.389892578125,3393.52001953125,3378.830078125,3386.14990234375,3614200000,3330.292995172518,3071.921260032062,False
3772,3373,2020-02-20,1,3380.449951171875,3389.14990234375,3341.02001953125,3373.22998046875,4019180000,3334.3822318673974,3074.919356752825,False
3773,3374,2020-02-21,1,3360.5,3360.760009765625,3328.449951171875,3337.75,3908780000,3334.70297168955,3077.5345870338915,False
3774,3375,2020-02-24,1,3257.610107421875,3259.81005859375,3214.64990234375,3225.889892578125,4851160000,3324.3398212979855,3079.0107592283616,False
3775,3376,2020-02-25,1,3238.93994140625,3246.989990234375,3118.77001953125,3128.2099609375,5596760000,3305.6607869779396,3079.500303523975,False
3776,3377,2020-02-26,1,3139.89990234375,3182.510009765625,3108.989990234375,3116.389892578125,5484650000,3287.6349875112905,3079.867364111579,False
3777,3378,2020-02-27,1,3062.5400390625,3097.070068359375,2977.389892578125,2978.760009765625,7064710000,3258.218322964084,3078.8613207847534,False
3778,3379,2020-02-28,1,2916.89990234375,2959.719970703125,2855.840087890625,2954.219970703125,8569570000,3229.2660989392307,3077.6211083461303,False
3779,3380,2020-03-02,1,2974.280029296875,3090.9599609375,2945.18994140625,3090.22998046875,6381330000,3216.024563846804,3077.7465697602856,False
3780,3381,2020-03-03,1,3096.4599609375,3136.719970703125,2976.6298828125,3003.3701171875,6376510000,3195.771759403061,3077.0065055555815,False
3781,3382,2020-03-04,1,3045.75,3130.969970703125,3034.3798828125,3130.1201171875,5073020000,3189.519222049198,3077.5349992036604,False
3782,3383,2020-03-05,1,3075.699951171875,3083.0400390625,2999.830078125,3023.93994140625,5579290000,3173.7497667498697,3077.0017150464723,False
3783,3384,2020-03-06,1,2954.199951171875,2985.929931640625,2901.5400390625,2972.3701171875,6555240000,3154.5707525058347,3075.960604620015,False
3784,3385,2020-03-09,1,2863.889892578125,2863.889892578125,2734.429931640625,2746.56005859375,8441290000,3115.7125911808744,3072.6829872466196,False
3785,3386,2020-03-10,1,2813.47998046875,2882.590087890625,2734.0,2882.22998046875,7642040000,3093.476152065434,3070.7879324528103,False
3786,3387,2020-03-11,1,2825.60009765625,2825.60009765625,2707.219970703125,2741.3798828125,7431200000,3059.943174041345,3067.510240416588,False
3787,3388,2020-03-12,1,2630.860107421875,2660.949951171875,2478.860107421875,2480.639892578125,8850810000,3004.77143294961,3061.670734467947,False
3788,3389,2020-03-13,1,2569.989990234375,2711.330078125,2492.3701171875,2711.02001953125,8299070000,2976.795107862147,3058.181672627781,False
3789,3390,2020-03-16,1,2508.590087890625,2562.97998046875,2380.93994140625,2386.1298828125,7805450000,2920.5412769050376,3051.494590142057,False
3790,3391,2020-03-17,1,2425.659912109375,2553.929931640625,2367.0400390625,2529.18994140625,8370250000,2883.2697211432483,3046.2975289606065,False
3791,3392,2020-03-18,1,2436.5,2453.570068359375,2280.52001953125,2398.10009765625,8799300000,2837.063090334963,3039.8478032759863,False
3792,3393,2020-03-19,1,2393.47998046875,2466.969970703125,2319.780029296875,2409.389892578125,7956100000,2796.3323095962164,3033.5745902342164,False
3793,3394,2020-03-20,1,2431.93994140625,2453.010009765625,2295.56005859375,2304.919921875,9053950000,2749.5311298132433,3026.324295026662,False
3794,3395,2020-03-23,1,2290.7099609375,2300.72998046875,2191.860107421875,2237.39990234375,7411380000,2700.756727197101,3018.4743010696184,False
3795,3396,2020-03-24,1,2344.43994140625,2449.7099609375,2344.43994140625,2447.330078125,7563150000,2676.620855856901,3012.791273975642,False
3796,3397,2020-03-25,1,2457.77001953125,2571.419921875,2407.530029296875,2475.56005859375,8300010000,2657.4722084985056,3007.445689742987,False
3797,3398,2020-03-26,1,2501.2900390625,2637.010009765625,2500.719970703125,2630.070068359375,7766990000,2654.8624808662075,3003.690708435687,False
3798,3399,2020-03-27,1,2555.8701171875,2615.909912109375,2520.02001953125,2541.469970703125,6201670000,2644.0631941840093,2999.0914971149655,False
3799,3400,2020-03-30,1,2558.97998046875,2631.800048828125,2545.280029296875,2626.64990234375,5751120000,2642.404785437318,2995.3856105998293,False
3800,3401,2020-03-31,1,2614.68994140625,2641.389892578125,2571.14990234375,2584.590087890625,6576210000,2636.8986237662043,2991.2980929609316,False
3801,3402,2020-04-01,1,2498.080078125,2522.75,2447.489990234375,2470.5,5964000000,2621.0511357884707,2986.116022384206,False
3802,3403,2020-04-02,1,2458.5400390625,2533.219970703125,2455.7900390625,2526.89990234375,6464190000,2612.0843516508785,2981.546707756938,False
3803,3404,2020-04-03,1,2514.919921875,2538.179931640625,2459.9599609375,2488.64990234375,6096970000,2600.328689812104,2976.642261931931,False
3804,3405,2020-04-06,1,2578.280029296875,2676.85009765625,2574.570068359375,2663.679931640625,6403840000,2606.36214141482,2973.5282088942067,False
3805,3406,2020-04-07,1,2738.64990234375,2756.889892578125,2657.669921875,2659.409912109375,7050410000,2611.414310052397,2970.4026537023183,False
3806,3407,2020-04-08,1,2685.0,2760.75,2663.300048828125,2749.97998046875,5875710000,2624.6110405682402,2968.2093932721336,False
3807,3408,2020-04-09,1,2776.989990234375,2818.570068359375,2762.360107421875,2789.820068359375,7899550000,2640.3452336912055,2966.4343751137976,False
3808,3409,2020-04-13,1,2782.4599609375,2782.4599609375,2721.169921875,2761.6298828125,5319530000,2651.8961526551384,2964.3965194690086,False
3809,3410,2020-04-14,1,2805.10009765625,2851.85009765625,2805.10009765625,2846.06005859375,5615730000,2670.38795322072,2963.219042246369,False
3810,3411,2020-04-15,1,2795.639892578125,2801.8798828125,2761.5400390625,2783.360107421875,5208000000,2681.1472060017827,2961.429401103837,False
3811,3412,2020-04-16,1,2799.340087890625,2806.510009765625,2764.320068359375,2799.550048828125,5228810000,2692.423667223339,2959.818661280198,False
3812,3413,2020-04-17,1,2842.429931640625,2879.219970703125,2830.8798828125,2874.56005859375,5804810000,2709.7699902109975,2958.97031697486,False
3813,3414,2020-04-20,1,2845.6201171875,2868.97998046875,2820.429931640625,2823.159912109375,5228630000,2720.5690303917954,2957.618969662766,False
3814,3415,2020-04-21,1,2784.81005859375,2785.5400390625,2727.10009765625,2736.56005859375,5121010000,2722.091985458648,2955.4193785078505,False
3815,3416,2020-04-22,1,2787.889892578125,2815.10009765625,2775.949951171875,2799.31005859375,5084920000,2729.4460876619914,2953.866051941541,False
3816,3417,2020-04-23,1,2810.419921875,2844.89990234375,2794.260009765625,2797.800048828125,5773530000,2735.9559887254327,2952.313156388174,False
3817,3418,2020-04-24,1,2812.639892578125,2842.7099609375,2791.760009765625,2836.739990234375,5382810000,2745.5544650596175,2951.1631746354,False
3818,3419,2020-04-27,1,2854.64990234375,2887.719970703125,2852.889892578125,2878.47998046875,5203930000,2758.2140379557254,2950.439958773046,False
3819,3420,2020-04-28,1,2909.9599609375,2921.14990234375,2860.7099609375,2863.389892578125,5691160000,2768.2307860150013,2949.5737889601614,False
3820,3421,2020-04-29,1,2918.4599609375,2954.860107421875,2912.159912109375,2939.510009765625,6645640000,2784.54309303887,2949.473651853748,False
3821,3422,2020-04-30,1,2930.909912109375,2930.909912109375,2892.469970703125,2912.429931640625,6544980000,2796.7227919533234,2949.1050576227717,False
3822,3423,2020-05-01,1,2869.090087890625,2869.090087890625,2821.610107421875,2830.7099609375,4759810000,2799.9596651899114,2947.926996959237,False
3823,3424,2020-05-04,1,2815.010009765625,2844.239990234375,2797.85009765625,2842.739990234375,4735930000,2804.033981860813,2946.8803600764027,False
3824,3425,2020-05-05,1,2868.8798828125,2898.22998046875,2863.550048828125,2868.43994140625,5140290000,2810.167882769902,2946.099858398093,False
3825,3426,2020-05-06,1,2883.139892578125,2891.110107421875,2847.64990234375,2848.419921875,4892570000,2813.810934113245,2945.1279187311966,False
3826,3427,2020-05-07,1,2878.260009765625,2901.919921875,2876.47998046875,2881.18994140625,5178790000,2820.2279824268644,2944.491719951844,False
3827,3428,2020-05-08,1,2908.830078125,2932.159912109375,2902.8798828125,2929.800048828125,4876030000,2830.663417322223,2944.345534169519,False
3828,3429,2020-05-11,1,2915.4599609375,2944.25,2903.43994140625,2930.18994140625,4819730000,2840.1421339016542,2944.2046825002326,False
3829,3430,2020-05-12,1,2939.5,2945.820068359375,2869.590087890625,2870.1201171875,5119630000,2842.997179928878,2943.467522646375,False
3830,3431,2020-05-13,1,2865.860107421875,2874.139892578125,2793.14990234375,2820.0,6151650000,2840.8069723166036,2942.2389900827297,False
3831,3432,2020-05-14,1,2794.5400390625,2852.800048828125,2766.639892578125,2852.5,5651130000,2841.9205940007364,2941.346064808275,False
3832,3433,2020-05-15,1,2829.949951171875,2865.010009765625,2816.780029296875,2863.699951171875,5507700000,2843.994818493226,2940.5734666626395,False
3833,3434,2020-05-18,1,2913.860107421875,2968.090087890625,2913.860107421875,2953.909912109375,6373670000,2854.4629226471448,2940.706167612358,False
3834,3435,2020-05-19,1,2948.590087890625,2964.2099609375,2922.35009765625,2922.93994140625,4984330000,2860.984543481345,2940.529389242148,False
3835,3436,2020-05-20,1,2953.6298828125,2980.2900390625,2953.6298828125,2971.610107421875,5005380000,2871.5203114756814,2940.8386501195587,False
3836,3437,2020-05-21,1,2969.949951171875,2978.5,2938.570068359375,2948.510009765625,4976620000,2878.8526636937713,2940.9149820563352,False
3837,3438,2020-05-22,1,2948.050048828125,2956.760009765625,2933.590087890625,2955.449951171875,3970860000,2886.1476434535907,2941.059608614699,False
3838,3439,2020-05-26,1,3004.080078125,3021.719970703125,2988.169921875,2991.77001953125,5848500000,2896.2069173657487,2941.5641898178487,False
3839,3440,2020-05-27,1,3015.64990234375,3036.25,2969.75,3036.1298828125,6398000000,2909.532914074963,2942.50514198695,False
3840,3441,2020-05-28,1,3046.610107421875,3068.669921875,3023.39990234375,3029.72998046875,5447020000,2920.9802537315145,2943.373050827565,False
3841,3442,2020-05-29,1,3025.169921875,3049.169921875,2998.610107421875,3044.31005859375,7297550000,2932.7259494326795,2944.3773991635467,False
3842,3443,2020-06-01,1,3038.780029296875,3062.179931640625,3031.5400390625,3055.72998046875,4684170000,2944.4406190551626,2945.4853850471804,False
3843,3444,2020-06-02,1,3064.780029296875,3081.070068359375,3051.639892578125,3080.820068359375,5197150000,2957.429138036516,2946.831998811481,False
3844,3445,2020-06-03,1,3098.89990234375,3130.93994140625,3098.89990234375,3122.8701171875,6005560000,2973.185421765181,2948.583621879899,False
3845,3446,2020-06-04,1,3111.56005859375,3128.909912109375,3090.409912109375,3112.35009765625,6451290000,2986.4392004214733,2950.213139051803,False
3846,3447,2020-06-05,1,3163.840087890625,3211.719970703125,3163.840087890625,3193.929931640625,8639300000,3006.2002224423445,2952.6381817641295,False
3847,3448,2020-06-08,1,3199.919921875,3233.1298828125,3196.0,3232.389892578125,8498300000,3027.7420957886093,2955.4217808767066,False
3848,3449,2020-06-09,1,3213.320068359375,3222.7099609375,3193.110107421875,3207.179931640625,6410930000,3044.8314134888014,2957.9268371032135,False
3849,3450,2020-06-10,1,3213.419921875,3223.27001953125,3181.489990234375,3190.139892578125,6598870000,3058.670316259213,2960.237414769631,False
3850,3451,2020-06-11,1,3123.530029296875,3123.530029296875,2999.489990234375,3002.10009765625,7037320000,3053.282676392264,2960.6539588779556,False
3851,3452,2020-06-12,1,3071.0400390625,3088.419921875,2984.469970703125,3041.31005859375,5845330000,3052.1424270781195,2961.4565071338343,False
3852,3453,2020-06-15,1,2993.760009765625,3079.760009765625,2965.659912109375,3066.590087890625,5757480000,3053.5183947745486,2962.5026124149967,False
3853,3454,2020-06-16,1,3131.0,3153.449951171875,3076.06005859375,3124.739990234375,5845810000,3060.3014038659608,2964.116914681856,False
3854,3455,2020-06-17,1,3136.1298828125,3141.159912109375,3108.030029296875,3113.489990234375,4560450000,3065.3669835200953,2965.6032139410854,False
3855,3456,2020-06-18,1,3101.639892578125,3120.0,3093.510009765625,3115.340087890625,4448690000,3070.126326793479,2967.093133084862,False
3856,3457,2020-06-19,1,3140.2900390625,3155.530029296875,3083.110107421875,3097.739990234375,8346650000,3072.756199502136,2968.393101812718,False
3857,3458,2020-06-22,1,3094.419921875,3120.919921875,3079.389892578125,3117.860107421875,4686690000,3077.0518097802064,2969.8803356993762,False
3858,3459,2020-06-23,1,3138.699951171875,3154.89990234375,3127.1201171875,3131.2900390625,4711850000,3082.2173554261394,2971.486402399507,False
3859,3460,2020-06-24,1,3114.39990234375,3115.010009765625,3032.1298828125,3050.330078125,5597680000,3079.1804718736503,2972.2709165858305,False
3860,3461,2020-06-25,1,3046.60009765625,3086.25,3024.010009765625,3083.760009765625,4847690000,3079.6166183395526,2973.380260796575,False
3861,3462,2020-06-26,1,3073.199951171875,3073.72998046875,3004.6298828125,3009.050048828125,8107850000,3072.8959926717976,2973.7351840605706,False
3862,3463,2020-06-29,1,3018.590087890625,3053.889892578125,2999.739990234375,3053.239990234375,4473970000,3071.023992439662,2974.526276659315,False
3863,3464,2020-06-30,1,3050.199951171875,3111.510009765625,3047.830078125,3100.2900390625,4705850000,3073.8112349751705,2975.7776573797446,False
3864,3465,2020-07-01,1,3105.919921875,3128.43994140625,3101.169921875,3115.860107421875,4449230000,3077.8158894939043,2977.1715126040444,False
3865,3466,2020-07-02,1,3143.639892578125,3165.81005859375,3124.52001953125,3130.010009765625,4197720000,3082.786758091211,2978.692293670329,False
3866,3467,2020-07-06,1,3155.2900390625,3182.590087890625,3155.2900390625,3179.719970703125,4759160000,3092.0184926256793,2980.6925690636904,False
3867,3468,2020-07-07,1,3166.43994140625,3184.14990234375,3142.929931640625,3145.320068359375,4571330000,3097.0948331717454,2982.330653633797,False
3868,3469,2020-07-08,1,3153.070068359375,3171.800048828125,3136.530029296875,3169.93994140625,4937310000,3104.0324625274125,2984.19741271611,False
3869,3470,2020-07-09,1,3176.169921875,3179.780029296875,3115.699951171875,3152.050048828125,4843650000,3108.6055659846234,2985.867588199812,False
3870,3471,2020-07-10,1,3152.469970703125,3186.820068359375,3136.219970703125,3185.0400390625,4524190000,3115.8850396110874,2987.8494036312813,False
3871,3472,2020-07-13,1,3205.080078125,3235.320068359375,3149.429931640625,3155.219970703125,4902440000,3119.6312235246146,2989.5147824081155,False
3872,3473,2020-07-14,1,3141.110107421875,3200.949951171875,3127.659912109375,3197.52001953125,4507140000,3127.049204096675,2991.584486260087,False
3873,3474,2020-07-15,1,3225.97998046875,3238.280029296875,3200.760009765625,3226.56005859375,4686830000,3136.526428334492,2993.922551656442,False
3874,3475,2020-07-16,1,3208.360107421875,3220.389892578125,3198.590087890625,3215.570068359375,3972860000,3144.054394051147,2996.1279995838345,False
3875,3476,2020-07-17,1,3224.2099609375,3233.52001953125,3205.64990234375,3224.72998046875,4012850000,3151.737783233776,2998.402646159804,False
3876,3477,2020-07-20,1,3224.2900390625,3258.610107421875,3215.159912109375,3251.840087890625,3979340000,3161.271336058238,3000.9244117491658,False
3877,3478,2020-07-21,1,3268.52001953125,3277.2900390625,3247.77001953125,3257.300048828125,4556610000,3170.4169277506085,3003.4754131131353,False
3878,3479,2020-07-22,1,3254.860107421875,3279.320068359375,3253.10009765625,3276.02001953125,4267160000,3180.4743650630508,3006.1872997441615,False
3879,3480,2020-07-23,1,3271.639892578125,3279.989990234375,3222.659912109375,3235.659912109375,4296760000,3185.7301314484152,3008.4706093199347,False
3880,3481,2020-07-24,1,3218.580078125,3227.260009765625,3200.050048828125,3215.6298828125,3689410000,3188.5777268164234,3010.531895623343,False
3881,3482,2020-07-27,1,3219.840087890625,3241.429931640625,3214.25,3239.409912109375,3970310000,3193.418887320514,3012.809288822209,False
3882,3483,2020-07-28,1,3234.27001953125,3243.719970703125,3216.169921875,3218.43994140625,4053180000,3195.801844852489,3014.855364967324,False
3883,3484,2020-07-29,1,3227.219970703125,3264.739990234375,3227.219970703125,3258.43994140625,4478200000,3201.767377857609,3017.2790920960697,False
3884,3485,2020-07-30,1,3231.760009765625,3250.919921875,3204.1298828125,3246.219970703125,4264920000,3206.0009581286104,3019.5571107886776,False
3885,3486,2020-07-31,1,3270.449951171875,3272.169921875,3220.260009765625,3271.1201171875,5007530000,3212.2027828008854,3022.060225280208,False
3886,3487,2020-08-03,1,3288.260009765625,3302.72998046875,3284.530029296875,3294.610107421875,4438940000,3220.051099431456,3024.772164405996,False
3887,3488,2020-08-04,1,3289.919921875,3306.840087890625,3286.3701171875,3306.510009765625,4414380000,3228.2852813680433,3027.575526051366,False
3888,3489,2020-08-05,1,3317.3701171875,3330.77001953125,3317.3701171875,3327.77001953125,4535060000,3237.760018335968,3030.562535936738,False
3889,3490,2020-08-06,1,3323.169921875,3351.030029296875,3318.139892578125,3349.159912109375,4278930000,3248.369532028674,3033.7326590827347,False
3890,3491,2020-08-07,1,3340.050048828125,3352.5400390625,3328.719970703125,3351.280029296875,4110030000,3258.1705317685023,3036.8923344082486,False
3891,3492,2020-08-10,1,3356.0400390625,3363.2900390625,3335.43994140625,3360.469970703125,4327920000,3267.9133354765618,3040.112012381332,False
3892,3493,2020-08-11,1,3370.340087890625,3381.010009765625,3326.43994140625,3333.68994140625,4880540000,3274.1777741365318,3043.0331858044656,False
3893,3494,2020-08-12,1,3355.4599609375,3387.889892578125,3355.4599609375,3380.35009765625,3772250000,3284.2894239955526,3046.3895729870706,False
3894,3495,2020-08-13,1,3372.949951171875,3387.239990234375,3363.35009765625,3373.429931640625,3438730000,3292.778996152226,3049.6437059089967,False
3895,3496,2020-08-14,1,3368.659912109375,3378.510009765625,3361.639892578125,3372.85009765625,3200060000,3300.404815343085,3052.859689906482,False
3896,3497,2020-08-17,1,3380.860107421875,3387.590087890625,3379.219970703125,3381.989990234375,3460330000,3308.174831999398,3056.1346182679536,False
3897,3498,2020-08-18,1,3387.0400390625,3395.06005859375,3370.14990234375,3389.780029296875,3669550000,3315.9467555515384,3059.4544731040623,False
3898,3499,2020-08-19,1,3392.510009765625,3399.5400390625,3369.659912109375,3374.85009765625,3679480000,3321.556597656749,3062.59273802498,False
3899,3500,2020-08-20,1,3360.47998046875,3390.800048828125,3354.68994140625,3385.510009765625,3431040000,3327.6473988099756,3065.805845206479,False
3900,3501,2020-08-21,1,3386.010009765625,3399.9599609375,3379.31005859375,3397.159912109375,3505010000,3334.2676381718234,3069.1029005985474,False
3901,3502,2020-08-24,1,3418.090087890625,3432.090087890625,3413.1298828125,3431.280029296875,3743410000,3343.5069135170666,3072.706653122909,False
3902,3503,2020-08-25,1,3435.949951171875,3444.2099609375,3425.840087890625,3443.6201171875,3627650000,3353.041504342822,3076.3973343573825,False
3903,3504,2020-08-26,1,3449.969970703125,3481.070068359375,3444.14990234375,3478.72998046875,3780530000,3365.0118354024344,3080.400644268939,False
3904,3505,2020-08-27,1,3485.139892578125,3501.3798828125,3468.35009765625,3484.550048828125,3955890000,3376.3964271572618,3084.4220313789806,False
3905,3506,2020-08-28,1,3494.68994140625,3509.22998046875,3484.320068359375,3508.010009765625,3868510000,3388.931054072344,3088.636837134072,False
3906,3507,2020-08-31,1,3509.72998046875,3514.77001953125,3493.25,3500.31005859375,4348280000,3399.538578312478,3092.73308809387,False
3907,3508,2020-09-01,1,3507.43994140625,3528.030029296875,3494.60009765625,3526.64990234375,4101490000,3411.6444186964086,3097.0506683351623,False
3908,3509,2020-09-02,1,3543.760009765625,3588.110107421875,3535.22998046875,3580.840087890625,4295640000,3427.7582919530005,3101.8644934053664,False
3909,3510,2020-09-03,1,3564.739990234375,3564.85009765625,3427.409912109375,3455.06005859375,4911830000,3430.3584602045003,3105.3788771385844,False
3910,3511,2020-09-04,1,3453.60009765625,3479.14990234375,3349.6298828125,3426.9599609375,4438720000,3430.0347936076428,3108.578688917678,False
3911,3512,2020-09-08,1,3371.8798828125,3379.969970703125,3329.27001953125,3331.840087890625,4694330000,3420.6829168726886,3110.8001953751204,False
3912,3513,2020-09-09,1,3369.820068359375,3424.77001953125,3366.840087890625,3398.9599609375,3932520000,3418.61406392648,3113.6674567239997,False
3913,3514,2020-09-10,1,3412.56005859375,3425.550048828125,3329.25,3339.18994140625,4208630000,3411.049861781696,3115.911461546709,False
3914,3515,2020-09-11,1,3352.699951171875,3368.949951171875,3310.469970703125,3340.969970703125,3710090000,3404.37558644088,3118.150849697519,False
3915,3516,2020-09-14,1,3363.56005859375,3402.929931640625,3363.56005859375,3383.5400390625,3839580000,3402.3912485953197,3120.791538148912,False
3916,3517,2020-09-15,1,3407.72998046875,3419.47998046875,3389.25,3401.199951171875,4057190000,3402.277791697849,3123.5816716118275,False
3917,3518,2020-09-16,1,3411.22998046875,3428.919921875,3384.449951171875,3385.489990234375,4718900000,3400.6789534632326,3126.187724533445,False
3918,3519,2020-09-17,1,3346.860107421875,3375.169921875,3328.820068359375,3357.010009765625,4379840000,3396.520006444413,3128.4844636899843,False
3919,3520,2020-09-18,1,3357.3798828125,3362.27001953125,3292.39990234375,3319.469970703125,7076400000,3389.1819078023855,3130.3848169935977,False
3920,3521,2020-09-21,1,3285.570068359375,3285.570068359375,3229.10009765625,3281.06005859375,4836070000,3378.8845888301344,3131.884073128923,False
3921,3522,2020-09-22,1,3295.75,3320.31005859375,3270.949951171875,3315.570068359375,3974510000,3372.8546344995857,3133.7117944744996,False
3922,3523,2020-09-23,1,3320.110107421875,3323.35009765625,3232.570068359375,3236.919921875,4378650000,3359.908471392482,3134.7387410157985,False
3923,3524,2020-09-24,1,3226.139892578125,3278.699951171875,3209.449951171875,3246.590087890625,4601920000,3349.1162443923054,3135.8516897409213,False
3924,3525,2020-09-25,1,3236.659912109375,3306.8798828125,3228.43994140625,3298.4599609375,3803330000,3344.291836444229,3137.4696824891457,False
3925,3526,2020-09-28,1,3333.89990234375,3360.739990234375,3332.909912109375,3351.60009765625,3950910000,3344.9878613215647,3139.600333386331,False
3926,3527,2020-09-29,1,3350.919921875,3357.919921875,3327.5400390625,3335.469970703125,3661590000,3344.0813955483795,3141.5492850014234,False
3927,3528,2020-09-30,1,3341.2099609375,3393.56005859375,3340.469970703125,3363.0,4738640000,3345.8831674009148,3143.752774702902,False
3928,3529,2020-10-01,1,3385.8701171875,3397.179931640625,3361.389892578125,3380.800048828125,4076340000,3349.2085846796967,3146.111454047432,False
3929,3530,2020-10-02,1,3338.93994140625,3369.10009765625,3323.68994140625,3348.419921875,3975180000,3349.133473936392,3148.124473627806,False
3930,3531,2020-10-05,1,3367.27001953125,3409.570068359375,3367.27001953125,3408.60009765625,3692720000,3354.7969619097116,3150.7162708818205,False
3931,3532,2020-10-06,1,3408.739990234375,3431.56005859375,3354.5400390625,3360.969970703125,4453390000,3355.3848675090844,3152.808347496958,False
3932,3533,2020-10-07,1,3384.56005859375,3426.260009765625,3384.56005859375,3419.43994140625,3814750000,3361.485350737386,3155.461398182623,False
3933,3534,2020-10-08,1,3434.280029296875,3447.280029296875,3428.14990234375,3446.830078125,3867640000,3369.613420012397,3158.360589027821,False
3934,3535,2020-10-09,1,3459.669921875,3482.340087890625,3458.070068359375,3477.139892578125,3944090000,3379.8540364472283,3161.5325223964805,False
3935,3536,2020-10-12,1,3500.02001953125,3549.85009765625,3499.610107421875,3534.219970703125,3435760000,3394.555553995409,3165.2408552154525,False
3936,3537,2020-10-13,1,3534.010009765625,3534.010009765625,3500.860107421875,3511.929931640625,3611100000,3405.7340661520957,3168.690497766947,False
3937,3538,2020-10-14,1,3515.469970703125,3527.93994140625,3480.550048828125,3488.669921875,3858510000,3413.6327190780867,3171.874372633694,False
3938,3539,2020-10-15,1,3453.719970703125,3489.080078125,3440.889892578125,3483.340087890625,3724550000,3420.271516107852,3174.973533979534,False
3939,3540,2020-10-16,1,3493.5,3515.760009765625,3480.449951171875,3483.81005859375,4688030000,3426.322805868414,3178.0465342244515,False
3940,3541,2020-10-19,1,3493.659912109375,3502.419921875,3419.929931640625,3426.919921875,4091080000,3426.379674059517,3180.5228863403777,False
3941,3542,2020-10-20,1,3439.3798828125,3476.929931640625,3435.64990234375,3443.1201171875,3917850000,3427.9740019764677,3183.135794110001,False
3942,3543,2020-10-21,1,3439.909912109375,3464.860107421875,3433.06005859375,3435.56005859375,4103960000,3428.696483559066,3185.64747833372,False
3943,3544,2020-10-22,1,3438.5,3460.530029296875,3415.340087890625,3453.489990234375,4172060000,3431.0577699090954,3188.312577954622,False
3944,3545,2020-10-23,1,3464.89990234375,3466.4599609375,3440.449951171875,3465.389892578125,3651600000,3434.3274958775746,3191.069566159831,False
3945,3546,2020-10-26,1,3441.419921875,3441.419921875,3364.860107421875,3400.969970703125,4002210000,3431.1505887181033,3193.158127399068,False
3946,3547,2020-10-27,1,3403.14990234375,3409.510009765625,3388.7099609375,3390.679931640625,3962400000,3427.29624042501,3195.1235184860484,False
3947,3548,2020-10-28,1,3342.47998046875,3342.47998046875,3268.889892578125,3271.030029296875,5139970000,3412.4137441270927,3195.878807150833,False
3948,3549,2020-10-29,1,3277.169921875,3341.050048828125,3259.820068359375,3310.110107421875,4911860000,3402.6705406313577,3197.0154370042765,False
3949,3550,2020-10-30,1,3293.590087890625,3304.929931640625,3233.93994140625,3269.9599609375,4843930000,3390.0314378033713,3197.741253162816,False
3950,3551,2020-11-02,1,3296.199951171875,3330.139892578125,3279.739990234375,3310.239990234375,4314690000,3382.4322523206097,3198.8606435814386,False
3951,3552,2020-11-03,1,3336.25,3389.489990234375,3336.25,3369.159912109375,4241380000,3381.1682199195398,3200.555163666294,False
3952,3553,2020-11-04,1,3406.4599609375,3486.25,3405.169921875,3443.43994140625,4790400000,3387.0988600611313,3202.9719276239057,False
3953,3554,2020-11-05,1,3485.739990234375,3529.050048828125,3485.739990234375,3510.449951171875,4858150000,3398.8465830240593,3206.0314104452787,False
3954,3555,2020-11-06,1,3508.340087890625,3521.580078125,3484.340087890625,3509.43994140625,4842460000,3409.379283822363,3209.0504008030994,False
3955,3556,2020-11-09,1,3583.0400390625,3645.989990234375,3547.47998046875,3550.5,8570510000,3422.8193520297573,3212.44790925282,False
3956,3557,2020-11-10,1,3543.260009765625,3557.219970703125,3511.909912109375,3545.530029296875,6037470000,3434.506083198054,3215.762159203507,False
3957,3558,2020-11-11,1,3563.219970703125,3581.159912109375,3557.0,3572.659912109375,4635560000,3447.663590713418,3219.313380625456,False
3958,3559,2020-11-12,1,3562.669921875,3569.02001953125,3518.580078125,3537.010009765625,4909660000,3456.172773480295,3222.4745411144127,False
3959,3560,2020-11-13,1,3552.570068359375,3593.659912109375,3552.570068359375,3585.14990234375,4719580000,3468.4563095625285,3226.083251176396,False
3960,3561,2020-11-16,1,3600.159912109375,3628.510009765625,3600.159912109375,3626.909912109375,5295510000,3483.547128852704,3230.071576160804,False
3961,3562,2020-11-17,1,3610.31005859375,3623.110107421875,3588.679931640625,3609.530029296875,4812180000,3495.5455003235775,3233.847282162158,False
3962,3563,2020-11-18,1,3612.090087890625,3619.090087890625,3567.330078125,3567.7900390625,5284810000,3502.4259325844273,3237.170095663654,False
3963,3564,2020-11-19,1,3559.409912109375,3585.219970703125,3543.840087890625,3581.8701171875,4363370000,3509.9920454037674,3240.599946624091,False
3964,3565,2020-11-20,1,3579.31005859375,3581.22998046875,3556.85009765625,3557.5400390625,4236370000,3514.520425752218,3243.753579384672,False
3965,3566,2020-11-23,1,3566.820068359375,3589.81005859375,3552.77001953125,3577.590087890625,5057550000,3520.5270602415903,3247.0753356882137,False
3966,3567,2020-11-24,1,3594.52001953125,3642.31005859375,3594.52001953125,3635.409912109375,6280290000,3531.4682842289985,3250.9393613242455,False
3967,3568,2020-11-25,1,3635.5,3635.5,3617.760009765625,3629.64990234375,4910440000,3540.818914525642,3254.707625413992,False
3968,3569,2020-11-27,1,3638.550048828125,3644.31005859375,3629.330078125,3638.35009765625,2778390000,3550.107598633319,3258.5249634462534,False
3969,3570,2020-11-30,1,3634.179931640625,3634.179931640625,3594.389892578125,3621.6298828125,6308410000,3556.9192447456217,3262.1379477185546,False
3970,3571,2020-12-01,1,3645.8701171875,3678.449951171875,3645.8701171875,3662.449951171875,5418480000,3566.9697882147884,3266.1211517330157,False
3971,3572,2020-12-02,1,3653.780029296875,3670.9599609375,3644.840087890625,3669.010009765625,5041250000,3576.6879045529636,3270.1299960915494,False
3972,3573,2020-12-03,1,3668.280029296875,3682.72998046875,3657.169921875,3666.719970703125,5065340000,3585.262387043455,3274.0761649931574,False
3973,3574,2020-12-04,1,3670.93994140625,3699.199951171875,3670.93994140625,3699.1201171875,5099620000,3596.1059803905073,3278.305458049818,False
3974,3575,2020-12-07,1,3694.72998046875,3697.409912109375,3678.8798828125,3691.9599609375,4804500000,3605.2349309187925,3282.4214232526806,False
3975,3576,2020-12-08,1,3683.050048828125,3708.449951171875,3678.830078125,3702.25,4584390000,3614.474461307479,3286.5988220262857,False
3976,3577,2020-12-09,1,3705.97998046875,3712.389892578125,3660.5400390625,3672.820068359375,5232800000,3620.031185788612,3290.4418195022367,False
3977,3578,2020-12-10,1,3659.1298828125,3678.489990234375,3645.179931640625,3668.10009765625,4658480000,3624.609177395054,3294.199613314715,False
3978,3579,2020-12-11,1,3656.080078125,3665.909912109375,3633.39990234375,3663.4599609375,4375470000,3628.309252018144,3297.87384562937,False
3979,3580,2020-12-14,1,3675.27001953125,3697.610107421875,3645.840087890625,3647.489990234375,4623850000,3630.135988991118,3301.3526132373804,False
3980,3581,2020-12-15,1,3666.409912109375,3695.2900390625,3659.6201171875,3694.6201171875,4387080000,3636.277334533631,3305.265722729421,False
3981,3582,2020-12-16,1,3696.25,3711.27001953125,3688.570068359375,3701.169921875,4067040000,3642.4575809470944,3309.2050679945514,False
3982,3583,2020-12-17,1,3713.64990234375,3725.1201171875,3710.8701171875,3722.47998046875,4192810000,3650.078761853919,3313.3172561783745,False
3983,3584,2020-12-18,1,3722.389892578125,3726.699951171875,3685.840087890625,3709.409912109375,7097100000,3655.7293475925335,3317.2584766353993,False
3984,3585,2020-12-21,1,3684.280029296875,3702.89990234375,3636.47998046875,3694.919921875,4748580000,3659.4617832384824,3321.016301961167,False
3985,3586,2020-12-22,1,3698.080078125,3698.260009765625,3676.159912109375,3687.260009765625,4053310000,3662.1092333839247,3324.6605179592216,False
3986,3587,2020-12-23,1,3693.419921875,3711.239990234375,3689.280029296875,3690.010009765625,3779160000,3664.766450182182,3328.295836285654,False
3987,3588,2020-12-24,1,3694.030029296875,3703.820068359375,3689.320068359375,3703.06005859375,1883780000,3668.413460507093,3332.0248335225506,False
3988,3589,2020-12-28,1,3723.030029296875,3740.510009765625,3723.030029296875,3735.360107421875,3535460000,3674.789331641834,3336.0381198300065,False
3989,3590,2020-12-29,1,3750.010009765625,3756.1201171875,3723.31005859375,3727.0400390625,3393290000,3679.765589491421,3339.928686190529,False
3990,3591,2020-12-30,1,3736.18994140625,3744.6298828125,3730.2099609375,3732.0400390625,3154850000,3684.74410849819,3343.830291691743,False
3991,3592,2020-12-31,1,3733.27001953125,3760.199951171875,3726.8798828125,3756.070068359375,3179040000,3691.537057056398,3347.932180016794,False
3992,3593,2021-01-04,1,3764.610107421875,3769.989990234375,3662.7099609375,3700.64990234375,5015000000,3692.404947083765,3351.441809094674,False
3993,3594,2021-01-05,1,3698.02001953125,3737.830078125,3695.070068359375,3726.860107421875,4591020000,3695.68639092549,3355.1773145506663,False
3994,3595,2021-01-06,1,3712.199951171875,3783.0400390625,3705.340087890625,3748.139892578125,6064110000,3700.6819625114554,3359.0873899539247,False
3995,3596,2021-01-07,1,3764.7099609375,3811.550048828125,3764.7099609375,3803.7900390625,5099160000,3710.5017793258403,3363.5122919351047,False
3996,3597,2021-01-08,1,3815.050048828125,3826.68994140625,3783.60009765625,3824.679931640625,4773040000,3721.3758890701056,3368.101024668493,False
3997,3598,2021-01-11,1,3803.139892578125,3817.860107421875,3789.02001953125,3799.610107421875,4465430000,3728.826767008369,3372.3946473824576,False
3998,3599,2021-01-12,1,3801.6201171875,3810.780029296875,3776.510009765625,3801.18994140625,4994950000,3735.7184979034055,3376.6612672234905,False
3999,3600,2021-01-13,1,3802.22998046875,3820.9599609375,3791.5,3809.840087890625,4602510000,3742.7776969498073,3380.971504245054,False
4000,3601,2021-01-14,1,3814.97998046875,3823.60009765625,3792.860107421875,3795.5400390625,5198480000,3747.802681912921,3385.0965642929887,False
4001,3602,2021-01-15,1,3788.72998046875,3788.72998046875,3749.6201171875,3768.25,5369820000,3749.750045540262,3388.9090362900733,False
4002,3603,2021-01-19,1,3781.8798828125,3804.530029296875,3780.3701171875,3798.909912109375,5014440000,3754.431937594463,3392.9886469947432,False
4003,3604,2021-01-20,1,3816.219970703125,3859.75,3816.219970703125,3851.85009765625,4566190000,3763.7098576003473,3397.554432573465,False
4004,3605,2021-01-21,1,3857.4599609375,3861.449951171875,3845.050048828125,3853.070068359375,4501760000,3772.220353863112,3402.0869264618823,False
4005,3606,2021-01-22,1,3844.239990234375,3852.31005859375,3830.409912109375,3841.469970703125,5110890000,3778.815555466923,3406.4588970513473,False
4006,3607,2021-01-25,1,3851.679931640625,3859.22998046875,3797.159912109375,3855.360107421875,7000840000,3786.105512795966,3410.925575761502,False
4007,3608,2021-01-26,1,3862.9599609375,3870.89990234375,3847.780029296875,3849.6201171875,6137500000,3792.154522738017,3415.2906955766857,False
4008,3609,2021-01-27,1,3836.830078125,3836.830078125,3732.47998046875,3750.77001953125,9976520000,3788.2131414802298,3418.628798302602,False
4009,3610,2021-01-28,1,3755.75,3830.5,3755.75,3787.3798828125,6992770000,3788.1337835118743,3422.297963322601,False
4010,3611,2021-01-29,1,3778.050048828125,3778.050048828125,3694.1201171875,3714.239990234375,6643370000,3781.0962793902077,3425.2028591127682,False
4011,3612,2021-02-01,1,3731.169921875,3784.320068359375,3725.6201171875,3773.860107421875,5436230000,3780.4071201551283,3428.6720854641026,False
4012,3613,2021-02-02,1,3791.840087890625,3843.090087890625,3791.840087890625,3826.31005859375,5514090000,3784.7788285778543,3432.6286822116613,False
4013,3614,2021-02-03,1,3840.27001953125,3847.510009765625,3816.679931640625,3830.169921875,4864870000,3789.1017898442487,3436.5843164371677,False
4014,3615,2021-02-04,1,3836.659912109375,3872.419921875,3836.659912109375,3871.739990234375,4879240000,3796.9720946433085,3440.9142236391303,False
4015,3616,2021-02-05,1,3878.300048828125,3894.56005859375,3874.929931640625,3886.830078125,4879470000,3805.5299978320413,3445.351197315607,False
4016,3617,2021-02-08,1,3892.590087890625,3915.77001953125,3892.590087890625,3915.590087890625,4648360000,3816.0119111709537,3450.030191251677,False
4017,3618,2021-02-09,1,3910.489990234375,3918.35009765625,3902.639892578125,3911.22998046875,4568320000,3825.0802987231245,3454.619243880703,False
4018,3619,2021-02-10,1,3920.780029296875,3931.5,3884.93994140625,3909.8798828125,4837070000,3833.1564495887797,3459.1492004869897,False
4019,3620,2021-02-11,1,3916.39990234375,3925.989990234375,3890.389892578125,3916.3798828125,4590960000,3841.082490848182,3463.698759515104,False
4020,3621,2021-02-12,1,3911.64990234375,3937.22998046875,3905.780029296875,3934.830078125,4135060000,3850.010832493593,3468.386633332118,False
4021,3622,2021-02-16,1,3939.610107421875,3950.429931640625,3923.85009765625,3932.590087890625,5058990000,3857.8755234837868,3473.0055731784714,False
4022,3623,2021-02-17,1,3918.5,3933.610107421875,3900.429931640625,3931.330078125,4730650000,3864.871195354379,3477.5660160137604,False
4023,3624,2021-02-18,1,3915.860107421875,3921.97998046875,3885.030029296875,3913.969970703125,4793650000,3869.5472691971163,3481.9083439211176,False
4024,3625,2021-02-19,1,3921.159912109375,3930.409912109375,3903.070068359375,3906.7099609375,4845320000,3873.0865731723907,3486.135225682475,False
4025,3626,2021-02-22,1,3885.550048828125,3902.919921875,3874.7099609375,3876.5,5917100000,3873.4116614416866,3490.0194522926,False
4026,3627,2021-02-23,1,3857.070068359375,3895.97998046875,3805.590087890625,3881.3701171875,6296610000,3874.1696096079545,3493.9134887592163,False
4027,3628,2021-02-24,1,3873.7099609375,3928.64990234375,3859.60009765625,3925.429931640625,6012790000,3879.0515450396374,3498.2071847082852,False
4028,3629,2021-02-25,1,3915.800048828125,3925.02001953125,3814.0400390625,3829.340087890625,6547470000,3874.3171205492554,3501.502039466319,False
4029,3630,2021-02-26,1,3839.659912109375,3861.080078125,3789.5400390625,3811.14990234375,6526070000,3868.301195005874,3504.583112728781,False
4030,3631,2021-03-01,1,3842.510009765625,3914.5,3842.510009765625,3901.820068359375,5114820000,3871.4934686585884,3508.535719252469,False
4031,3632,2021-03-02,1,3903.639892578125,3906.409912109375,3868.570068359375,3870.2900390625,5536010000,3871.378856316104,3512.1352647232156,False
4032,3633,2021-03-03,1,3863.989990234375,3874.469970703125,3818.860107421875,3819.719970703125,6173660000,3866.458962448201,3515.1958090613243,False
4033,3634,2021-03-04,1,3818.530029296875,3843.669921875,3723.340087890625,3768.469970703125,7195400000,3857.1266775200984,3517.715949973183,False
4034,3635,2021-03-05,1,3793.580078125,3851.68994140625,3730.18994140625,3841.93994140625,6851070000,3855.680321699732,3520.942059340676,False
4035,3636,2021-03-08,1,3844.389892578125,3881.06005859375,3819.25,3821.35009765625,5871710000,3852.4107765527333,3523.931194050284,False
4036,3637,2021-03-09,1,3851.929931640625,3903.760009765625,3851.929931640625,3875.43994140625,5513560000,3854.604030348306,3527.4287935264624,False
4037,3638,2021-03-10,1,3891.989990234375,3917.35009765625,3885.72998046875,3898.81005859375,5847380000,3858.8141282764436,3531.124129497281,False
4038,3639,2021-03-11,1,3915.5400390625,3960.27001953125,3915.5400390625,3939.340087890625,5312880000,3866.483267287318,3535.1859798295536,False
4039,3640,2021-03-12,1,3924.52001953125,3944.989990234375,3915.2099609375,3943.340087890625,4476280000,3873.802964487633,3539.247214735634,False
4040,3641,2021-03-15,1,3942.9599609375,3970.080078125,3923.5400390625,3968.93994140625,4900100000,3882.8636289560723,3543.5227642547443,False
4041,3642,2021-03-16,1,3973.590087890625,3981.0400390625,3953.43994140625,3962.7099609375,4613080000,3890.468041525732,3547.69378113716,False
4042,3643,2021-03-17,1,3949.570068359375,3983.8701171875,3935.739990234375,3974.1201171875,4561660000,3898.434905874472,3551.936829257064,False
4043,3644,2021-03-18,1,3953.5,3969.6201171875,3910.860107421875,3915.4599609375,5118590000,3900.0563396899984,3555.553974845924,False
4044,3645,2021-03-19,1,3913.139892578125,3930.1201171875,3886.75,3913.10009765625,7757420000,3901.298602353451,3559.111647709709,False
4045,3646,2021-03-22,1,3916.47998046875,3955.31005859375,3914.159912109375,3940.590087890625,4316260000,3905.0406485950866,3562.9074530846433,False
4046,3647,2021-03-23,1,3937.60009765625,3949.1298828125,3901.570068359375,3910.52001953125,4669010000,3905.56249344615,3566.3662845915746,False
4047,3648,2021-03-24,1,3919.929931640625,3942.080078125,3889.070068359375,3889.139892578125,4783020000,3903.9984362206233,3569.577962282983,False
4048,3649,2021-03-25,1,3879.340087890625,3919.5400390625,3853.5,3909.52001953125,4948340000,3904.5243012978262,3572.9604703153045,False
4049,3650,2021-03-26,1,3917.1201171875,3978.18994140625,3917.1201171875,3974.5400390625,5483160000,3911.1924667992234,3576.9562869197543,False
4050,3651,2021-03-29,1,3969.31005859375,3981.830078125,3943.25,3971.090087890625,4628180000,3916.897002141262,3580.878016282649,False
4051,3652,2021-03-30,1,3963.340087890625,3968.010009765625,3944.35009765625,3958.550048828125,4121510000,3920.863958968582,3584.6359469547433,False
4052,3653,2021-03-31,1,3967.25,3994.409912109375,3966.97998046875,3972.889892578125,4578050000,3925.8188097885386,3588.49917029428,False
4053,3654,2021-04-01,1,3992.780029296875,4020.6298828125,3992.780029296875,4019.8701171875,4162130000,3934.7760771598682,3592.7914185220734,False
4054,3655,2021-04-05,1,4034.43994140625,4083.419921875,4034.43994140625,4077.909912109375,4005030000,3948.4078709645833,3597.618468209509,False
4055,3656,2021-04-06,1,4075.570068359375,4086.22998046875,4068.139892578125,4073.93994140625,4081270000,3960.363306244742,3602.3579853557453,False
4056,3657,2021-04-07,1,4074.2900390625,4083.1298828125,4068.31005859375,4079.949951171875,4120810000,3971.7525105235163,3607.1101442195877,False
4057,3658,2021-04-08,1,4089.949951171875,4098.18994140625,4082.5400390625,4097.169921875,3907100000,3983.6970258903243,3611.9863609126764,False
4058,3659,2021-04-09,1,4096.10986328125,4129.47998046875,4095.510009765625,4128.7998046875,3640390000,3997.5163381567218,3617.1287832387943,False
4059,3660,2021-04-12,1,4124.7099609375,4131.759765625,4114.81982421875,4127.990234375,3588900000,4009.9424235108436,3622.2119817575626,False
4060,3661,2021-04-13,1,4130.10009765625,4148.0,4124.43017578125,4141.58984375,3734720000,4022.4802730574297,3627.3799206828608,False
4061,3662,2021-04-14,1,4141.580078125,4151.68994140625,4120.8701171875,4124.66015625,3985350000,4032.2116905043413,3632.327982728305,False
4062,3663,2021-04-15,1,4139.759765625,4173.490234375,4139.759765625,4170.419921875,4033420000,4045.3743792063087,3637.682131376531,False
4063,3664,2021-04-16,1,4174.14013671875,4191.31005859375,4170.75,4185.47021484375,4163820000,4058.716839743208,3643.132759072722,False
4064,3665,2021-04-19,1,4179.7998046875,4180.81005859375,4150.47021484375,4163.259765625,3810290000,4068.6733088748074,3648.3081521727445,False
4065,3666,2021-04-20,1,4159.18017578125,4159.18017578125,4118.3798828125,4134.93994140625,4342650000,4074.9844167349447,3653.150259528302,False
4066,3667,2021-04-21,1,4128.419921875,4175.02001953125,4126.35009765625,4173.419921875,3887250000,4084.3592267482836,3658.3270720889655,False
4067,3668,2021-04-22,1,4170.4599609375,4179.56982421875,4123.68994140625,4134.97998046875,4245140000,4089.1802509121376,3663.06988709772,False
4068,3669,2021-04-23,1,4138.77978515625,4194.169921875,4138.77978515625,4180.169921875,3569880000,4097.845933860982,3668.215161075603,False
4069,3670,2021-04-26,1,4185.02978515625,4194.18994140625,4182.35986328125,4187.6201171875,3748320000,4106.395856082555,3673.38336959413,False
4070,3671,2021-04-27,1,4188.25,4193.35009765625,4176.22021484375,4186.72021484375,3710700000,4114.045795012193,3678.491198900096,False
4071,3672,2021-04-28,1,4185.14013671875,4201.52978515625,4181.77978515625,4183.18017578125,3787360000,4120.630021752103,3683.5129797645855,False
4072,3673,2021-04-29,1,4206.14013671875,4218.77978515625,4176.81005859375,4211.47021484375,4298680000,4129.281468713212,3688.7662855862686,False
4073,3674,2021-04-30,1,4198.10009765625,4198.10009765625,4174.85009765625,4181.169921875,4300880000,4134.223226157193,3693.6658242558083,False
4074,3675,2021-05-03,1,4191.97998046875,4209.39013671875,4188.02978515625,4192.66015625,4070220000,4139.788648070793,3698.630941987094,False
4075,3676,2021-05-04,1,4179.0400390625,4179.0400390625,4128.58984375,4164.66015625,4452460000,4142.1573631354795,3703.2680485966757,False
4076,3677,2021-05-05,1,4177.06005859375,4187.72021484375,4160.93994140625,4167.58984375,4230920000,4144.579504146386,3707.8881659613858,False
4077,3678,2021-05-06,1,4169.14013671875,4202.7001953125,4147.330078125,4201.6201171875,4511000000,4150.011943483635,3712.800921694979,False
4078,3679,2021-05-07,1,4210.33984375,4238.0400390625,4201.64013671875,4232.60009765625,4016080000,4157.877481976265,3717.9730527990714,False
4079,3680,2021-05-10,1,4228.2900390625,4236.39013671875,4188.1298828125,4188.43017578125,4560700000,4160.787262338645,3722.6542182018793,False
4080,3681,2021-05-11,1,4150.33984375,4162.0400390625,4111.52978515625,4152.10009765625,4870710000,4159.959913321274,3726.9273115297838,False
4081,3682,2021-05-12,1,4130.5498046875,4134.72998046875,4056.8798828125,4063.0400390625,4733070000,4150.729449106153,3730.2717167788655,False
4082,3683,2021-05-13,1,4074.989990234375,4131.580078125,4074.989990234375,4112.5,4779540000,4147.088549191281,3734.074983278578,False
4083,3684,2021-05-14,1,4129.580078125,4183.1298828125,4129.580078125,4173.85009765625,4008880000,4149.637268092707,3738.4508550634305,False
4084,3685,2021-05-17,1,4169.919921875,4171.919921875,4142.68994140625,4163.2900390625,4125050000,4150.937531994592,3742.6781106256103,False
4085,3686,2021-05-18,1,4165.93994140625,4169.14990234375,4125.990234375,4127.830078125,4398150000,4148.73682210225,3746.5104685111764,False
4086,3687,2021-05-19,1,4098.4501953125,4116.93017578125,4061.409912109375,4115.68017578125,4247450000,4145.588570071678,3750.1837989317746,False
4087,3688,2021-05-20,1,4121.97021484375,4172.7998046875,4121.97021484375,4159.1201171875,3978880000,4146.877288844614,3754.2528170238716,False
4088,3689,2021-05-21,1,4168.60986328125,4188.72021484375,4151.72021484375,4155.85986328125,3995250000,4147.732772124294,3758.2489070363827,False
4089,3690,2021-05-24,1,4170.16015625,4209.52001953125,4170.16015625,4197.0498046875,3684800000,4152.429632368408,3762.615085122464,False
4090,3691,2021-05-25,1,4205.93994140625,4213.419921875,4182.52001953125,4188.1298828125,4182250000,4155.829656220227,3766.849063208932,False
4091,3692,2021-05-26,1,4191.58984375,4202.60986328125,4184.10986328125,4195.990234375,4420890000,4159.654473187348,3771.11912461357,False
4092,3693,2021-05-27,1,4201.93994140625,4213.3798828125,4197.77978515625,4200.8798828125,6406310000,4163.580702675458,3775.395351063311,False
4093,3694,2021-05-28,1,4210.77001953125,4218.35986328125,4203.56982421875,4204.10986328125,4649250000,4167.440622733153,3779.6611671052806,False
4094,3695,2021-06-01,1,4216.52001953125,4234.1201171875,4197.58984375,4202.0400390625,5074670000,4170.73580524071,3783.863941950626,False
4095,3696,2021-06-02,1,4206.81982421875,4217.3701171875,4198.27001953125,4208.1201171875,5833670000,4174.296215902309,3788.085396430595,False
4096,3697,2021-06-03,1,4191.43017578125,4204.39013671875,4167.93017578125,4192.85009765625,5587970000,4176.063252259827,3792.112905895527,False
4097,3698,2021-06-04,1,4206.0498046875,4233.4501953125,4206.0498046875,4229.89013671875,4139790000,4181.189622208296,3796.468898242027,False
4098,3699,2021-06-07,1,4229.33984375,4232.33984375,4215.66015625,4226.52001953125,4476920000,4185.50680290572,3800.748013876746,False
4099,3700,2021-06-08,1,4233.81005859375,4236.740234375,4208.41015625,4227.259765625,4659620000,4189.483275545652,3804.991911904092,False
4100,3701,2021-06-09,1,4232.990234375,4237.08984375,4218.740234375,4219.5498046875,4713260000,4192.346754511543,3809.1168660611406,False
4101,3702,2021-06-10,1,4228.56005859375,4249.740234375,4220.33984375,4239.18017578125,4408210000,4196.807080346753,3813.396102973779,False
4102,3703,2021-06-11,1,4242.89990234375,4248.3798828125,4232.25,4247.43994140625,3815010000,4201.6292575905145,3817.7149471372863,False
4103,3704,2021-06-14,1,4248.31005859375,4255.58984375,4234.06982421875,4255.14990234375,4151200000,4206.726461852727,3822.0675337562566,False
4104,3705,2021-06-15,1,4255.27978515625,4257.16015625,4238.35009765625,4246.58984375,4048940000,4210.522974414373,3826.291636343259,False
4105,3706,2021-06-16,1,4248.8701171875,4251.89013671875,4202.4501953125,4223.7001953125,4538350000,4211.777947833242,3830.245950362854,False
4106,3707,2021-06-17,1,4220.3701171875,4232.2900390625,4196.0498046875,4221.85986328125,5312680000,4212.738130256862,3834.1426062127885,False
4107,3708,2021-06-18,1,4204.77978515625,4204.77978515625,4164.39990234375,4166.4501953125,6817010000,4208.329755500256,3837.44914938791,False
4108,3709,2021-06-21,1,4173.39990234375,4226.240234375,4173.39990234375,4224.7900390625,4128950000,4209.897401553803,3841.3032875936274,False
4109,3710,2021-06-22,1,4224.60986328125,4255.83984375,4217.27001953125,4246.43994140625,3828390000,4213.377643444513,3845.334498079325,False
4110,3711,2021-06-23,1,4249.27001953125,4256.60009765625,4241.43017578125,4241.83984375,3730350000,4216.088329187893,3849.279824901919,False
4111,3712,2021-06-24,1,4256.97021484375,4271.27978515625,4256.97021484375,4266.490234375,3816660000,4220.888510634284,3853.43117225986,False
4112,3713,2021-06-25,1,4274.4501953125,4286.1201171875,4271.16015625,4280.7001953125,7341450000,4226.584861556019,3857.68260532506,False
4113,3714,2021-06-28,1,4284.89990234375,4292.14013671875,4274.669921875,4290.60986328125,4147890000,4232.682480767946,3861.990339235072,False
4114,3715,2021-06-29,1,4293.2099609375,4300.52001953125,4287.0400390625,4291.7998046875,3707150000,4238.312702093618,3866.2670503341014,False
4115,3716,2021-06-30,1,4290.64990234375,4302.43017578125,4287.9599609375,4297.5,4266040000,4243.949587608512,3870.5579254551553,False
4116,3717,2021-07-01,1,4300.72998046875,4320.66015625,4300.72998046875,4319.93994140625,3788230000,4251.186764160678,3875.02938830044,False
4117,3718,2021-07-02,1,4326.60009765625,4355.43017578125,4326.60009765625,4352.33984375,3225840000,4260.8203907882325,3879.7787460661075,False
4118,3719,2021-07-06,1,4356.4599609375,4356.4599609375,4314.3701171875,4343.5400390625,4309570000,4268.698452528639,3884.3932862949273,False
4119,3720,2021-07-07,1,4351.009765625,4361.8798828125,4329.7900390625,4358.1298828125,4037380000,4277.215731603293,3889.1070832752016,False
4120,3721,2021-07-08,1,4321.06982421875,4330.8798828125,4289.3701171875,4320.81982421875,4347500000,4281.368502328574,3893.402732438819,False
4121,3722,2021-07-09,1,4329.3798828125,4371.60009765625,4329.3798828125,4369.5498046875,3531120000,4289.766721600853,3898.140514252239,False
4122,3723,2021-07-12,1,4372.41015625,4386.68017578125,4364.02978515625,4384.6298828125,3384460000,4298.801308382915,3902.98120448667,False
4123,3724,2021-07-13,1,4381.06982421875,4392.3701171875,4366.919921875,4369.2099609375,3695430000,4305.506894340494,3907.620296590658,False
4124,3725,2021-07-14,1,4380.10986328125,4393.68017578125,4362.35986328125,4374.2998046875,4006370000,4312.0586000878275,3912.263873785652,False
4125,3726,2021-07-15,1,4369.02001953125,4369.02001953125,4340.7001953125,4360.02978515625,3905230000,4316.627284380058,3916.7192559883447,False
4126,3727,2021-07-16,1,4367.43017578125,4375.08984375,4322.52978515625,4327.16015625,3985700000,4317.6304150343385,3920.803245045675,False
4127,3728,2021-07-19,1,4296.39990234375,4296.39990234375,4233.1298828125,4258.490234375,5157660000,4311.998016876307,3924.16331459124,False
4128,3729,2021-07-20,1,4265.10986328125,4336.83984375,4262.0498046875,4323.06005859375,4438270000,4313.051544658921,3928.1324364221114,False
4129,3730,2021-07-21,1,4331.1298828125,4359.7001953125,4331.1298828125,4358.68994140625,3810280000,4317.398058634857,3932.416590700561,False
4130,3731,2021-07-22,1,4361.27001953125,4369.8701171875,4350.06005859375,4367.47998046875,3358300000,4322.167765476181,3936.7455796534787,False
4131,3732,2021-07-23,1,4381.2001953125,4415.18017578125,4381.2001953125,4411.7900390625,4540070000,4330.703220103449,3941.472390194862,False
4132,3733,2021-07-26,1,4409.580078125,4422.72998046875,4405.4501953125,4422.2998046875,4275630000,4339.426704349549,3946.2567425778734,False
4133,3734,2021-07-27,1,4416.3798828125,4416.3798828125,4372.509765625,4401.4599609375,4241950000,4345.334633548402,3950.7861278351834,False
4134,3735,2021-07-28,1,4402.9501953125,4415.47021484375,4387.009765625,4400.64013671875,4215290000,4350.601824326531,3955.262287127557,False
4135,3736,2021-07-29,1,4403.58984375,4429.97021484375,4403.58984375,4419.14990234375,4044600000,4357.130212709123,3959.8780842938877,False
4136,3737,2021-07-30,1,4395.1201171875,4412.25,4389.64990234375,4395.259765625,3956740000,4360.761598701111,3964.2102403270333,False
4137,3738,2021-08-02,1,4406.85986328125,4422.18017578125,4384.81005859375,4387.16015625,3724090000,4363.275747039101,3968.418697201889,False
4138,3739,2021-08-03,1,4392.740234375,4423.7900390625,4373.0,4423.14990234375,3965190000,4368.978047544305,3972.9433858102657,False
4139,3740,2021-08-04,1,4415.9501953125,4416.169921875,4400.22998046875,4402.66015625,4260760000,4372.185867421038,3977.21917457086,False
4140,3741,2021-08-05,1,4408.85986328125,4429.759765625,4408.85986328125,4429.10009765625,3769410000,4377.606270300582,3981.7155021637495,False
4141,3742,2021-08-06,1,4429.06982421875,4440.81982421875,4429.06982421875,4436.52001953125,3451870000,4383.217103560645,3986.2409202470085,False
4142,3743,2021-08-09,1,4437.77001953125,4439.39013671875,4424.740234375,4432.35009765625,3449280000,4387.896436331655,3990.679817534663,False
4143,3744,2021-08-10,1,4435.7900390625,4445.2099609375,4430.02978515625,4436.75,3886610000,4392.5491566810215,3995.1183268129253,False
4144,3745,2021-08-11,1,4442.18017578125,4449.43994140625,4436.419921875,4442.41015625,3532560000,4397.297823306639,3999.5689917824484,False
4145,3746,2021-08-12,1,4446.080078125,4461.77001953125,4435.9599609375,4460.830078125,3375310000,4403.348514241721,4004.1586543331205,False
4146,3747,2021-08-13,1,4464.83984375,4468.3701171875,4460.81982421875,4468.0,3016470000,4409.505798599653,4008.7739911059257,False
4147,3748,2021-08-16,1,4461.64990234375,4480.259765625,4437.66015625,4479.7099609375,3370640000,4416.191909298495,4013.4599211540017,False
4148,3749,2021-08-17,1,4462.1201171875,4462.1201171875,4417.830078125,4448.080078125,3836960000,4419.2288777581625,4017.7844998303303,False
4149,3750,2021-08-18,1,4440.93994140625,4454.31982421875,4397.58984375,4400.27001953125,3755590000,4417.423272212743,4021.5903258970066,False
4150,3751,2021-08-19,1,4382.43994140625,4418.60986328125,4367.72998046875,4405.7998046875,4398410000,4416.316275305577,4025.4133057854697,False
4151,3752,2021-08-20,1,4410.56005859375,4444.35009765625,4406.7998046875,4441.669921875,3652610000,4418.730908312189,4029.5551626619826,False
4152,3753,2021-08-23,1,4450.2900390625,4489.8798828125,4450.2900390625,4479.52978515625,3576530000,4424.521277535433,4034.0325220897867,False
4153,3754,2021-08-24,1,4484.39990234375,4492.81005859375,4482.27978515625,4486.22998046875,3979220000,4430.398296862416,4038.5319992875875,False
4154,3755,2021-08-25,1,4490.4501953125,4501.7099609375,4485.66015625,4496.18994140625,3444700000,4436.664167771352,4043.0858096569273,False
4155,3756,2021-08-26,1,4493.75,4495.89990234375,4468.990234375,4470.0,3263980000,4439.8390089359855,4047.333712048401,False
4156,3757,2021-08-27,1,4474.10009765625,4513.330078125,4474.10009765625,4509.3701171875,3331200000,4446.461019245653,4051.9310892139647,False
4157,3758,2021-08-30,1,4513.759765625,4537.35986328125,4513.759765625,4528.7900390625,3168660000,4454.301878275829,4056.675954386587,False
4158,3759,2021-08-31,1,4529.75,4531.39013671875,4515.7998046875,4522.68017578125,4290710000,4460.814097085869,4061.3128123109122,False
4159,3760,2021-09-01,1,4528.7998046875,4537.10986328125,4522.02001953125,4524.08984375,4057340000,4466.840358672929,4065.917558892396,False
4160,3761,2021-09-02,1,4534.47998046875,4545.85009765625,4524.66015625,4536.9501953125,3735990000,4473.517485971936,4070.6044507970737,False
4161,3762,2021-09-03,1,4532.419921875,4541.4501953125,4521.2998046875,4535.43017578125,3217530000,4479.413932620442,4075.2295823889563,False
4162,3763,2021-09-07,1,4535.3798828125,4535.3798828125,4513.0,4520.02978515625,3822960000,4483.282109052424,4079.655455053308,False
4163,3764,2021-09-08,1,4518.08984375,4521.7900390625,4493.9501953125,4514.06982421875,3750880000,4486.214272401598,4083.97798608978,False
4164,3765,2021-09-09,1,4513.02001953125,4529.89990234375,4492.06982421875,4493.27978515625,3735390000,4486.8871783782315,4088.05064080686,False
4165,3766,2021-09-10,1,4506.919921875,4520.47021484375,4457.66015625,4458.580078125,3623180000,4484.1912640684,4091.7375008796776,False
4166,3767,2021-09-13,1,4474.81005859375,4492.990234375,4445.7001953125,4468.72998046875,3914220000,4482.7187608684335,4095.488669830813,False
4167,3768,2021-09-14,1,4479.330078125,4485.68017578125,4435.4599609375,4443.0498046875,3670460000,4478.940765041678,4098.9469895806305,False
4168,3769,2021-09-15,1,4447.490234375,4486.8701171875,4438.3701171875,4480.7001953125,4032020000,4479.108329829375,4102.745528941146,False
4169,3770,2021-09-16,1,4477.08984375,4485.8701171875,4443.7998046875,4473.75,3984560000,4478.598012702768,4106.437115717852,False
4170,3771,2021-09-17,1,4469.740234375,4471.52001953125,4427.759765625,4432.990234375,7289530000,4474.25441476679,4109.68640048061,False
4171,3772,2021-09-20,1,4402.9501953125,4402.9501953125,4305.91015625,4357.72998046875,4898070000,4463.156849595548,4112.154495803876,False
4172,3773,2021-09-21,1,4374.4501953125,4394.8701171875,4347.9599609375,4354.18994140625,3920920000,4452.779048815615,4114.562808695442,False
4173,3774,2021-09-22,1,4367.43017578125,4416.75,4367.43017578125,4395.64013671875,3939170000,4447.337247663533,4117.359598029007,False
4174,3775,2021-09-23,1,4406.75,4465.39990234375,4406.75,4448.97998046875,3916350000,4447.493698406887,4120.6593033269155,False
4175,3776,2021-09-24,1,4438.0400390625,4463.1201171875,4430.27001953125,4455.47998046875,3384290000,4448.254296698493,4123.990852353202,False
4176,3777,2021-09-27,1,4442.1201171875,4457.2998046875,4436.18994140625,4443.10986328125,4058650000,4447.764350658756,4127.166165894775,False
4177,3778,2021-09-28,1,4419.5400390625,4419.5400390625,4346.330078125,4352.6298828125,4416550000,4438.703925149588,4129.409585963608,False
4178,3779,2021-09-29,1,4362.41015625,4385.56982421875,4355.080078125,4359.4599609375,3712660000,4431.156880938913,4131.69864442106,False
4179,3780,2021-09-30,1,4370.669921875,4382.5498046875,4306.240234375,4307.5400390625,4448140000,4419.383848379254,4133.448310039383,False
4180,3781,2021-10-01,1,4317.16015625,4375.18994140625,4288.52001953125,4357.0400390625,4010370000,4413.44634273004,4135.673103362996,False
4181,3782,2021-10-04,1,4348.83984375,4355.509765625,4278.93994140625,4300.4599609375,4307870000,4402.685734940274,4137.312773587618,False
4182,3783,2021-10-05,1,4309.8701171875,4369.22998046875,4309.8701171875,4345.72021484375,3902890000,4397.260447312034,4139.386479470764,False
4183,3784,2021-10-06,1,4319.56982421875,4365.56982421875,4290.490234375,4363.5498046875,4009630000,4394.049909919221,4141.616960318692,False
4184,3785,2021-10-07,1,4383.72998046875,4429.97021484375,4383.72998046875,4399.759765625,3843740000,4394.593705700724,4144.185545446118,False
4185,3786,2021-10-08,1,4406.509765625,4412.02001953125,4386.22021484375,4391.33984375,3280160000,4394.28381408637,4146.64479219541,False
4186,3787,2021-10-11,1,4385.43994140625,4415.8798828125,4360.58984375,4361.18994140625,3281970000,4391.132016688263,4148.779569799499,False
4187,3788,2021-10-12,1,4368.31005859375,4374.89013671875,4342.08984375,4350.64990234375,3558450000,4387.276577226881,4150.788229824815,False
4188,3789,2021-10-13,1,4358.009765625,4372.8701171875,4329.919921875,4363.7998046875,3620070000,4385.0406941278925,4152.907747982653,False
4189,3790,2021-10-14,1,4386.75,4439.72998046875,4386.75,4438.259765625,3598280000,4390.109177127617,4155.747071541284,False
4190,3791,2021-10-15,1,4447.68994140625,4475.81982421875,4447.68994140625,4471.3701171875,3819380000,4397.848314276177,4158.887599358659,False
4191,3792,2021-10-18,1,4463.72021484375,4488.75,4447.47021484375,4486.4599609375,3662010000,4406.2875187201125,4162.147025842031,False
4192,3793,2021-10-19,1,4497.33984375,4520.39990234375,4496.41015625,4519.6298828125,3459130000,4417.082029586054,4165.704069194971,False
4193,3794,2021-10-20,1,4524.419921875,4540.8701171875,4524.39990234375,4536.18994140625,3670760000,4428.425640235597,4169.390495784139,False
4194,3795,2021-10-21,1,4532.240234375,4551.43994140625,4526.89013671875,4549.77978515625,3822330000,4439.983177847087,4173.175463837593,False
4195,3796,2021-10-22,1,4546.1201171875,4559.669921875,4524.0,4544.89990234375,3758220000,4449.975246846769,4176.874214469496,False
4196,3797,2021-10-25,1,4553.68994140625,4572.6201171875,4537.35986328125,4566.47998046875,3899400000,4461.070935763148,4180.750888758046,False
4197,3798,2021-10-26,1,4578.68994140625,4598.52978515625,4569.169921875,4574.7900390625,3879740000,4471.901326553562,4184.671676323265,False
4198,3799,2021-10-27,1,4580.22021484375,4584.56982421875,4551.66015625,4551.68017578125,4226050000,4479.499312194294,4188.323502188519,False
4199,3800,2021-10-28,1,4562.83984375,4597.5498046875,4562.83984375,4596.419921875,4132950000,4490.634608354361,4192.384163080922,False
4200,3801,2021-10-29,1,4572.8701171875,4608.080078125,4567.58984375,4605.3798828125,4510200000,4501.562729731327,4196.493573227505,False
4201,3802,2021-11-01,1,4610.6201171875,4620.33984375,4595.06005859375,4613.669921875,3971540000,4512.239605173581,4200.644581671759,False
4202,3803,2021-11-02,1,4613.33984375,4635.14990234375,4613.33984375,4630.64990234375,3975250000,4523.516776332645,4204.923241578943,False
4203,3804,2021-11-03,1,4630.64990234375,4663.4599609375,4621.18994140625,4660.56982421875,4319660000,4536.569447559894,4209.45703842113,False
4204,3805,2021-11-04,1,4662.93017578125,4683.0,4662.58984375,4680.06005859375,4462300000,4550.235220039309,4214.139655537276,False
4205,3806,2021-11-05,1,4699.259765625,4718.5,4681.31982421875,4697.52978515625,4467180000,4564.26327385997,4218.949507573286,False
4206,3807,2021-11-08,1,4701.47998046875,4714.919921875,4694.39013671875,4701.7001953125,4269710000,4577.3525044744965,4223.752997003527,False
4207,3808,2021-11-09,1,4707.25,4708.52978515625,4670.8701171875,4685.25,4117080000,4587.628456429306,4228.345006983592,False
4208,3809,2021-11-10,1,4670.259765625,4684.85009765625,4630.85986328125,4646.7099609375,4503720000,4593.255266382468,4232.507842346317,False
4209,3810,2021-11-11,1,4659.39013671875,4664.5498046875,4648.31005859375,4649.27001953125,3926870000,4598.59000477759,4236.6547296814915,False
4210,3811,2021-11-12,1,4655.240234375,4688.47021484375,4650.77001953125,4682.85009765625,3728600000,4606.614775527939,4241.0944845867125,False
4211,3812,2021-11-15,1,4689.2998046875,4697.419921875,4672.85986328125,4682.7998046875,3488410000,4613.870492590754,4245.489562398661,False
4212,3813,2021-11-16,1,4679.419921875,4714.9501953125,4679.419921875,4700.89990234375,3972640000,4622.159007805326,4250.021008567269,False
4213,3814,2021-11-17,1,4701.5,4701.5,4684.41015625,4688.669921875,3969070000,4628.4933805738665,4254.385674371326,False
4214,3815,2021-11-18,1,4700.72021484375,4708.7998046875,4672.77978515625,4704.5400390625,4226410000,4635.735919477546,4258.864822278701,False
4215,3816,2021-11-19,1,4708.43994140625,4717.75,4694.22021484375,4697.9599609375,4253180000,4641.6620186642085,4263.233928136002,False
4216,3817,2021-11-22,1,4712.0,4743.830078125,4682.169921875,4682.93994140625,4441100000,4645.593249401546,4267.410107372521,False
4217,3818,2021-11-23,1,4678.47998046875,4699.39013671875,4652.66015625,4690.7001953125,4277590000,4649.889149012113,4271.621949043566,False
4218,3819,2021-11-24,1,4675.77978515625,4702.8701171875,4659.89013671875,4701.4599609375,3418430000,4654.800654909769,4275.89894418679,False
4219,3820,2021-11-26,1,4664.6298828125,4664.6298828125,4585.43017578125,4594.6201171875,3517700000,4649.069175126696,4279.070299142021,False
4220,3821,2021-11-29,1,4628.75,4672.9501953125,4625.259765625,4655.27001953125,4336410000,4649.659731736654,4282.813579941914,False
4221,3822,2021-11-30,1,4640.25,4646.02001953125,4560.0,4567.0,6625990000,4641.787376333163,4285.641305514631,False
4222,3823,2021-12-01,1,4602.81982421875,4652.93994140625,4510.27001953125,4513.0400390625,5366730000,4629.525725164528,4287.903979480282,False
4223,3824,2021-12-02,1,4504.72998046875,4595.4599609375,4504.72998046875,4577.10009765625,5077180000,4624.532808258978,4290.781552795466,False
4224,3825,2021-12-03,1,4589.490234375,4608.02978515625,4495.1201171875,4538.43017578125,5240070000,4616.332557546813,4293.24571819831,False
4225,3826,2021-12-06,1,4548.3701171875,4612.60009765625,4540.509765625,4591.669921875,4770800000,4613.983735101879,4296.215113259769,False
4226,3827,2021-12-07,1,4631.97021484375,4694.0400390625,4631.97021484375,4686.75,4492400000,4620.913855568367,4300.101032530817,False
4227,3828,2021-12-08,1,4690.85986328125,4705.06005859375,4674.52001953125,4701.2099609375,4234600000,4628.56110369876,4304.092166146804,False
4228,3829,2021-12-09,1,4691.0,4695.259765625,4665.97998046875,4667.4501953125,3903840000,4632.264826709592,4307.707668924572,False
4229,3830,2021-12-10,1,4687.64013671875,4713.56982421875,4670.240234375,4712.02001953125,3870110000,4639.860559359274,4311.730677388321,False
4230,3831,2021-12-13,1,4710.2998046875,4710.2998046875,4667.60009765625,4668.97021484375,4397230000,4642.632907500652,4315.285299651559,False
4231,3832,2021-12-14,1,4642.990234375,4660.47021484375,4606.52001953125,4634.08984375,4485430000,4641.8192823815425,4318.457484169952,False
4232,3833,2021-12-15,1,4636.4599609375,4712.60009765625,4611.22021484375,4709.85009765625,4910130000,4648.2984076458,4322.351938035487,False
4233,3834,2021-12-16,1,4719.1298828125,4731.990234375,4651.89013671875,4668.669921875,4829500000,4650.238551858104,4325.797888123443,False
4234,3835,2021-12-17,1,4652.5,4666.7001953125,4600.22021484375,4620.64013671875,7987090000,4647.419655178165,4328.73164184081,False
4235,3836,2021-12-20,1,4587.89990234375,4587.89990234375,4531.10009765625,4568.02001953125,4635700000,4639.857785116555,4331.112620723302,False
4236,3837,2021-12-21,1,4594.9599609375,4651.14013671875,4583.16015625,4649.22998046875,4072430000,4640.750375150097,4334.27796758644,False
4237,3838,2021-12-22,1,4650.35986328125,4697.669921875,4645.52978515625,4696.56005859375,3319610000,4646.065583097112,4337.882764511886,False
4238,3839,2021-12-23,1,4703.9599609375,4740.740234375,4703.9599609375,4725.7900390625,2913040000,4653.658388427149,4341.742538388012,False
4239,3840,2021-12-27,1,4733.990234375,4791.490234375,4733.990234375,4791.18994140625,2770290000,4666.756631568015,4346.21465185088,False
4240,3841,2021-12-28,1,4795.490234375,4807.02001953125,4780.0400390625,4786.35009765625,2707920000,4678.14648548118,4350.5941090230735,False
4241,3842,2021-12-29,1,4788.64013671875,4804.06005859375,4778.080078125,4793.06005859375,2963310000,4689.090635301424,4354.996755287459,False
4242,3843,2021-12-30,1,4794.22998046875,4808.93017578125,4775.330078125,4778.72998046875,3124950000,4697.627715793551,4359.213006284288,False
4243,3844,2021-12-31,1,4775.2099609375,4786.830078125,4765.75,4766.18017578125,2677820000,4704.156521506665,4363.262430856397,False
4244,3845,2022-01-03,1,4778.14013671875,4796.64013671875,4758.169921875,4796.56005859375,3831020000,4712.956858372102,4367.573850037863,False
4245,3846,2022-01-04,1,4804.509765625,4818.6201171875,4774.27001953125,4793.5400390625,4683170000,4720.631447009283,4371.812319580396,False
4246,3847,2022-01-05,1,4787.990234375,4797.7001953125,4699.43994140625,4700.580078125,4887960000,4718.721792829827,4375.08364056094,False
4247,3848,2022-01-06,1,4693.39013671875,4725.009765625,4671.259765625,4696.0498046875,4295280000,4716.562555863891,4378.277333736329,False
4248,3849,2022-01-07,1,4697.66015625,4707.9501953125,4662.740234375,4677.02978515625,4181510000,4712.797530082212,4381.249994944487,False
4249,3850,2022-01-10,1,4655.33984375,4673.02001953125,4582.240234375,4670.2900390625,4511810000,4708.749197604144,4384.12601528397,False
4250,3851,2022-01-11,1,4669.14013671875,4714.1298828125,4638.27001953125,4713.06982421875,4101590000,4709.160685853154,4387.39908800969,False
4251,3852,2022-01-12,1,4728.58984375,4748.830078125,4706.7099609375,4726.35009765625,4048220000,4710.797772691544,4390.771734871845,False
4252,3853,2022-01-13,1,4733.56005859375,4744.1298828125,4650.2900390625,4659.02978515625,4251730000,4705.867488164373,4393.440969203034,False
4253,3854,2022-01-14,1,4637.990234375,4665.1298828125,4614.75,4662.85009765625,4338490000,4701.770593830266,4396.12165704834,False
4254,3855,2022-01-18,1,4632.240234375,4632.240234375,4568.7001953125,4577.10986328125,4748700000,4689.898143301788,4397.9225347223,False
4255,3856,2022-01-19,1,4588.02978515625,4611.5498046875,4530.2001953125,4532.759765625,4465740000,4674.932583523047,4399.264198711381,False
4256,3857,2022-01-20,1,4547.35009765625,4602.10986328125,4477.9501953125,4482.72998046875,4640870000,4656.6275737083515,4400.0947040025,False
4257,3858,2022-01-21,1,4471.3798828125,4494.52001953125,4395.33984375,4397.93994140625,5589100000,4631.990656346246,4400.073263578657,False
4258,3859,2022-01-24,1,4356.31982421875,4417.35009765625,4222.6201171875,4410.1298828125,6928110000,4610.8610588668425,4400.17332944168,False
4259,3860,2022-01-25,1,4366.64013671875,4411.009765625,4287.10986328125,4356.4501953125,5145050000,4586.631452814048,4399.7382733806935,False
4260,3861,2022-01-26,1,4408.43017578125,4453.22998046875,4304.7998046875,4349.93017578125,5570640000,4564.08847404902,4399.242670419505,False
4261,3862,2022-01-27,1,4380.580078125,4428.740234375,4309.5,4326.509765625,5214200000,4541.46193038959,4398.5189599240375,False
4262,3863,2022-01-28,1,4336.18994140625,4432.72021484375,4292.4599609375,4431.85009765625,5031090000,4531.02270822451,4398.850613035801,False
4263,3864,2022-01-31,1,4431.7900390625,4516.89013671875,4414.02001953125,4515.5498046875,5098610000,4529.549098363843,4400.011799022385,False
4264,3865,2022-02-01,1,4519.56982421875,4550.490234375,4483.52978515625,4546.5400390625,4816830000,4531.167283192287,4401.469791460596,False
4265,3866,2022-02-02,1,4566.39013671875,4595.31005859375,4544.31982421875,4589.3798828125,4481580000,4536.711340298974,4403.339543613351,False
4266,3867,2022-02-03,1,4535.41015625,4542.8798828125,4470.39013671875,4477.43994140625,4401970000,4531.066445166334,4404.076861004326,False
4267,3868,2022-02-04,1,4482.7900390625,4539.66015625,4451.5,4500.52978515625,4706290000,4528.158191832041,4405.036591592903,False
4268,3869,2022-02-07,1,4505.75,4521.85986328125,4471.47021484375,4483.8701171875,4228480000,4523.940279961132,4405.8210047829,False
4269,3870,2022-02-08,1,4480.02001953125,4531.31982421875,4465.39990234375,4521.5400390625,4459620000,4523.711685589833,4406.972437959811,False
4270,3871,2022-02-09,1,4547.0,4590.02978515625,4547.0,4587.18017578125,4524350000,4529.7563037033015,4408.76554977893,False
4271,3872,2022-02-10,1,4553.240234375,4588.919921875,4484.31005859375,4504.080078125,5314860000,4527.31094888632,4409.713953046055,False
4272,3873,2022-02-11,1,4506.27001953125,4526.330078125,4401.41015625,4418.64013671875,5251500000,4516.961347727504,4409.802770794043,False
4273,3874,2022-02-14,1,4412.60986328125,4426.22021484375,4364.83984375,4401.669921875,4600390000,4505.981211932028,4409.721846924202,False
4274,3875,2022-02-15,1,4429.27978515625,4472.77001953125,4429.27978515625,4471.06982421875,4430830000,4502.656317864096,4410.332274558973,False
4275,3876,2022-02-16,1,4455.75,4489.5498046875,4429.68017578125,4475.009765625,4283640000,4500.023312888945,4410.975831684008,False
4276,3877,2022-02-17,1,4456.06005859375,4456.06005859375,4373.81005859375,4380.259765625,4539420000,4488.617260768569,4410.670199185909,False
4277,3878,2022-02-18,1,4384.56982421875,4394.60009765625,4327.22021484375,4348.8701171875,4708060000,4475.3080089989435,4410.05527299687,False
4278,3879,2022-02-22,1,4332.740234375,4362.1201171875,4267.10986328125,4304.759765625,5121900000,4459.065319153806,4409.007556505609,False
4279,3880,2022-02-23,1,4324.93017578125,4341.509765625,4221.509765625,4225.5,4797430000,4436.8210030439195,4407.1816106697315,False
4280,3881,2022-02-24,1,4155.77001953125,4294.72998046875,4114.64990234375,4288.7001953125,6752130000,4422.714259450451,4406.002691113938,False
4281,3882,2022-02-25,1,4298.3798828125,4385.33984375,4286.830078125,4384.64990234375,5177060000,4419.089082583147,4405.790225554037,False
4282,3883,2022-02-28,1,4354.169921875,4388.83984375,4315.1201171875,4373.93994140625,6071370000,4414.789164375823,4405.4733073038105,False
4283,3884,2022-03-01,1,4363.14013671875,4378.4501953125,4279.5400390625,4306.259765625,5846230000,4404.453031161459,4404.486107884121,False
4284,3885,2022-03-02,1,4322.56005859375,4401.47998046875,4322.56005859375,4386.5400390625,5337870000,4402.747031913939,4404.30754003515,False
4285,3886,2022-03-03,1,4401.31005859375,4416.77978515625,4345.56005859375,4363.490234375,5039890000,4399.008289291183,4403.901397690273,False
4286,3887,2022-03-04,1,4342.1201171875,4342.1201171875,4284.97998046875,4328.8701171875,5797380000,4392.328463376547,4403.154817784773,False
4287,3888,2022-03-07,1,4327.009765625,4327.009765625,4199.85009765625,4201.08984375,6940470000,4374.115261507352,4401.1442210282075,False
4288,3889,2022-03-08,1,4202.66015625,4276.93994140625,4157.8701171875,4170.7001953125,7243120000,4354.742398060223,4398.851245647952,False
4289,3890,2022-03-09,1,4223.10009765625,4299.39990234375,4223.10009765625,4277.8798828125,5662670000,4347.422158512822,4397.6475504953605,False
4290,3891,2022-03-10,1,4252.5498046875,4268.27978515625,4209.7998046875,4259.52001953125,4980830000,4339.0505262288625,4396.273147202185,False
4291,3892,2022-03-11,1,4279.5,4291.009765625,4200.490234375,4204.31005859375,4938640000,4326.218100739804,4394.36306671852,False
4292,3893,2022-03-14,1,4202.75,4247.56982421875,4161.72021484375,4173.10986328125,5574920000,4311.636363838989,4392.1615423062085,False
4293,3894,2022-03-15,1,4188.81982421875,4271.0498046875,4187.89990234375,4262.4501953125,5392470000,4306.951966836466,4390.8708821371165,False
4294,3895,2022-03-16,1,4288.14013671875,4358.89990234375,4251.990234375,4357.85986328125,6309750000,4311.800337926446,4390.542414287805,False
4295,3896,2022-03-17,1,4345.10986328125,4412.669921875,4335.64990234375,4411.669921875,4985090000,4321.311726873928,4390.752638243896,False
4296,3897,2022-03-18,1,4407.33984375,4465.39990234375,4390.56982421875,4463.1201171875,8278430000,4334.817287856173,4391.472712661245,False
4297,3898,2022-03-21,1,4462.39990234375,4481.75,4424.2998046875,4461.18017578125,4869820000,4346.851848610942,4392.166319259454,False
4298,3899,2022-03-22,1,4469.10009765625,4522.0,4469.10009765625,4511.60986328125,4754840000,4362.543088103353,4393.354812234796,False
4299,3900,2022-03-23,1,4493.10009765625,4501.06982421875,4455.81005859375,4456.240234375,4550670000,4371.46662584351,4393.980537828231,False
4300,3901,2022-03-24,1,4469.97998046875,4520.580078125,4465.169921875,4520.16015625,4131390000,4385.627914453652,4395.236056419492,False
4301,3902,2022-03-25,1,4522.91015625,4546.02978515625,4501.06982421875,4543.06005859375,4305020000,4400.621451990804,4396.706942013266,False
4302,3903,2022-03-28,1,4541.08984375,4575.64990234375,4517.68994140625,4575.52001953125,4312260000,4417.278458423228,4398.486176615435,False
4303,3904,2022-03-29,1,4602.85986328125,4637.2998046875,4589.66015625,4631.60009765625,5085910000,4437.690043112087,4400.805718118329,False
4304,3905,2022-03-30,1,4624.2001953125,4627.77001953125,4581.31982421875,4602.4501953125,4385570000,4453.381486178792,4402.812130826729,False
4305,3906,2022-03-31,1,4599.02001953125,4603.06982421875,4530.41015625,4530.41015625,4823020000,4460.717549995098,4404.081762920493,False
4306,3907,2022-04-01,1,4540.31982421875,4548.7001953125,4507.56982421875,4545.85986328125,4562940000,4468.826341736637,4405.492490287266,False
4307,3908,2022-04-04,1,4547.97021484375,4583.5,4539.2099609375,4582.64013671875,4547350000,4479.665750782553,4407.255153435838,False
4308,3909,2022-04-05,1,4572.4501953125,4593.4501953125,4514.169921875,4525.1201171875,4800620000,4483.994738059215,4408.42793914481,False
4309,3910,2022-04-06,1,4494.169921875,4503.93994140625,4450.0400390625,4481.14990234375,4986830000,4483.723801324409,4409.15154076868,False
4310,3911,2022-04-07,1,4474.64990234375,4521.16015625,4450.2998046875,4500.2099609375,4821490000,4485.293911763751,4410.057594700708,False
4311,3912,2022-04-08,1,4494.14990234375,4520.41015625,4474.60009765625,4488.27978515625,4083200000,4485.578280658275,4410.835924953997,False
4312,3913,2022-04-11,1,4462.64013671875,4464.35009765625,4408.3798828125,4412.52978515625,4266290000,4478.621281086654,4410.852779284368,False
4313,3914,2022-04-12,1,4437.58984375,4471.0,4381.33984375,4397.4501953125,4152090000,4470.890701489116,4410.719420239872,False
4314,3915,2022-04-13,1,4394.2998046875,4453.919921875,4392.7001953125,4446.58984375,3828150000,4468.57633408539,4411.0763398767895,False
4315,3916,2022-04-14,1,4449.1201171875,4460.4599609375,4390.77001953125,4392.58984375,4083090000,4461.33952548202,4410.892394641697,False
4316,3917,2022-04-18,1,4385.6298828125,4410.31005859375,4370.2998046875,4391.68994140625,3910490000,4454.706231760518,4410.701325455275,False
4317,3918,2022-04-19,1,4390.6298828125,4471.02978515625,4390.6298828125,4462.2099609375,4108120000,4455.420872634516,4411.2138491914175,False
4318,3919,2022-04-20,1,4472.259765625,4488.2900390625,4448.759765625,4459.4501953125,4290450000,4455.804617651467,4411.693812834414,False
4319,3920,2022-04-21,1,4489.169921875,4512.93994140625,4384.47021484375,4393.66015625,4636890000,4449.886097517994,4411.514373465415,False
4320,3921,2022-04-22,1,4385.830078125,4385.830078125,4267.6201171875,4271.77978515625,4651940000,4432.92359157878,4410.123979551891,False
4321,3922,2022-04-25,1,4255.33984375,4299.02001953125,4200.81982421875,4296.1201171875,5240040000,4419.8946892558015,4408.989612762196,False
4322,3923,2022-04-26,1,4278.14013671875,4278.14013671875,4175.0400390625,4175.2001953125,4689970000,4396.590451737392,4406.663349902001,False
4323,3924,2022-04-27,1,4186.52001953125,4240.7099609375,4162.89990234375,4183.9599609375,4769680000,4376.339928804069,4404.447395782951,False
4324,3925,2022-04-28,1,4222.580078125,4308.4501953125,4188.6298828125,4287.5,4854180000,4367.878983203682,4403.2837401035185,False
4325,3926,2022-04-29,1,4253.75,4269.68017578125,4124.27978515625,4131.93017578125,5084030000,4345.40766821107,4400.5837046376255,False
4326,3927,2022-05-02,1,4130.60986328125,4169.81005859375,4062.510009765625,4155.3798828125,5163790000,4327.309783887396,4398.14386561449,False
4327,3928,2022-05-03,1,4159.77978515625,4200.10009765625,4147.080078125,4175.47998046875,4582050000,4312.84980260943,4395.928304568264,False
4328,3929,2022-05-04,1,4181.18017578125,4307.66015625,4148.91015625,4300.169921875,5136360000,4311.642194920437,4394.975484839973,False
4329,3930,2022-05-05,1,4270.43017578125,4270.43017578125,4106.009765625,4146.8701171875,5077030000,4295.949616088728,4392.506774714078,False
4330,3931,2022-05-06,1,4128.169921875,4157.68994140625,4067.909912109375,4123.33984375,5116940000,4279.510590151706,4389.828496794037,False
4331,3932,2022-05-09,1,4081.27001953125,4081.27001953125,3975.47998046875,3991.239990234375,5954520000,4252.0562473024365,4385.862442002399,False
4332,3933,2022-05-10,1,4035.179931640625,4068.820068359375,3958.169921875,4001.050048828125,5885820000,4228.150895066788,4382.033462965839,False
4333,3934,2022-05-11,1,3990.080078125,4049.090087890625,3928.820068359375,3935.179931640625,5816140000,4200.24889855001,4377.587159171559,False
4334,3935,2022-05-12,1,3903.949951171875,3964.800048828125,3858.8701171875,3930.080078125,6286450000,4174.51853470001,4373.134352394976,False
4335,3936,2022-05-13,1,3963.89990234375,4038.8798828125,3963.89990234375,4023.889892578125,5183340000,4160.172949736021,4369.659283143067,False
4336,3937,2022-05-16,1,4013.02001953125,4046.4599609375,3983.989990234375,4008.010009765625,4415030000,4145.681241167412,4366.060782910456,False
4337,3938,2022-05-17,1,4052.0,4090.719970703125,4033.929931640625,4088.85009765625,4841410000,4140.268751309206,4363.302467634295,False
4338,3939,2022-05-18,1,4051.97998046875,4051.97998046875,3911.909912109375,3923.679931640625,5103220000,4119.641244674103,4358.928114042318,False
4339,3940,2022-05-19,1,3899.0,3945.9599609375,3876.580078125,3900.7900390625,5113550000,4098.798272711093,4354.369526231574,False
4340,3941,2022-05-20,1,3927.760009765625,3943.419921875,3810.320068359375,3901.360107421875,5130730000,4079.9946379216435,4349.861969825508,False
4341,3942,2022-05-23,1,3919.419921875,3981.8798828125,3909.0400390625,3973.75,4420030000,4069.876100976725,4346.119562165552,False
4342,3943,2022-05-24,1,3942.93994140625,3955.679931640625,3875.1298828125,3941.47998046875,4923190000,4057.647899023584,4342.093297671057,False
4343,3944,2022-05-25,1,3929.590087890625,3999.330078125,3925.030029296875,3978.72998046875,4802560000,4050.131906780267,4338.477742276009,False
4344,3945,2022-05-26,1,3984.60009765625,4075.139892578125,3984.60009765625,4057.840087890625,4709970000,4050.8660192669677,4335.685327804513,False
4345,3946,2022-05-27,1,4077.429931640625,4158.490234375,4077.429931640625,4158.240234375,4375620000,4061.0921349915425,4333.919704984319,False
4346,3947,2022-05-31,1,4151.08984375,4168.33984375,4104.8798828125,4132.14990234375,6822640000,4067.8595414060383,4331.912045256552,False
4347,3948,2022-06-01,1,4149.77978515625,4166.5400390625,4073.85009765625,4101.22998046875,4531800000,4071.0376784596297,4329.616701328315,False
4348,3949,2022-06-02,1,4095.409912109375,4177.509765625,4074.3701171875,4176.81982421875,4405790000,4081.112168531927,4328.096334391901,False
4349,3950,2022-06-03,1,4137.56982421875,4142.669921875,4098.669921875,4108.5400390625,3711110000,4083.724346677696,4325.91169463738,False
4350,3951,2022-06-06,1,4134.72021484375,4168.77978515625,4109.18017578125,4121.43017578125,4332700000,4087.3153780208913,4323.877052658712,False
4351,3952,2022-06-07,1,4096.47021484375,4164.85986328125,4080.18994140625,4160.68017578125,4248210000,4094.302501617116,4322.253203137544,False
4352,3953,2022-06-08,1,4147.1201171875,4160.14013671875,4107.2001953125,4115.77001953125,4159470000,4096.347027132748,4320.198644096686,False
4353,3954,2022-06-09,1,4101.64990234375,4119.10009765625,4017.169921875,4017.820068359375,4134170000,4088.8682691543313,4317.189902049548,False
4354,3955,2022-06-10,1,3974.389892578125,3974.389892578125,3900.159912109375,3900.860107421875,4889640000,4070.962729941716,4313.047317028378,False
4355,3956,2022-06-13,1,3838.14990234375,3838.14990234375,3734.300048828125,3749.6298828125,5636890000,4040.3596016436954,4307.44117340434,False
4356,3957,2022-06-14,1,3763.52001953125,3778.179931640625,3705.679931640625,3735.47998046875,5153890000,4011.3234472460813,4301.750017255727,False
4357,3958,2022-06-15,1,3764.050048828125,3837.56005859375,3722.300048828125,3789.989990234375,5530480000,3990.2440703878237,4296.657877683375,False
4358,3959,2022-06-16,1,3728.179931640625,3728.179931640625,3639.77001953125,3666.77001953125,5644930000,3959.437017925293,4290.390336806239,False
4359,3960,2022-06-17,1,3665.89990234375,3707.7099609375,3636.8701171875,3674.840087890625,8520740000,3932.3325483981816,4284.265458707577,False
4360,3961,2022-06-21,1,3715.31005859375,3779.64990234375,3715.31005859375,3764.7900390625,5292260000,3916.3761189376405,4279.096549059367,False
4361,3962,2022-06-22,1,3733.889892578125,3801.7900390625,3717.68994140625,3759.889892578125,5058990000,3901.472668808163,4273.930313671494,False
4362,3963,2022-06-23,1,3774.7099609375,3802.580078125,3743.52001953125,3795.72998046875,5098640000,3891.4019365853615,4269.172101400821,False
4363,3964,2022-06-24,1,3821.75,3913.64990234375,3821.75,3911.739990234375,8120260000,3893.338894075744,4265.615562981255,False
4364,3965,2022-06-27,1,3920.760009765625,3927.719970703125,3889.659912109375,3900.110107421875,4325310000,3893.98377153728,4261.978692776684,False
4365,3966,2022-06-28,1,3913.0,3945.860107421875,3820.139892578125,3821.550048828125,4270120000,3887.085321755456,4257.596318210031,False
4366,3967,2022-06-29,1,3825.090087890625,3836.5,3799.02001953125,3818.830078125,4211240000,3880.584822362079,4253.230484975355,False
4367,3968,2022-06-30,1,3785.989990234375,3818.989990234375,3738.669921875,3785.3798828125,4840070000,3871.5176852621194,4248.575255103087,False
4368,3969,2022-07-01,1,3781.0,3829.820068359375,3752.10009765625,3825.330078125,4046950000,3867.118865534775,4244.363860307285,False
4369,3970,2022-07-05,1,3792.610107421875,3832.18994140625,3742.06005859375,3831.389892578125,5076590000,3863.71610620557,4240.254666598537,False
4370,3971,2022-07-06,1,3831.97998046875,3870.909912109375,3809.3701171875,3845.080078125,4417720000,3861.941246388373,4236.322581141089,False
4371,3972,2022-07-07,1,3858.85009765625,3910.6298828125,3858.85009765625,3902.6201171875,4057770000,3865.815424559719,4233.002158614188,False
4372,3973,2022-07-08,1,3888.260009765625,3918.5,3869.340087890625,3899.3798828125,3521620000,3869.0120396314123,4229.682533979346,False
4373,3974,2022-07-11,1,3880.93994140625,3880.93994140625,3847.219970703125,3854.429931640625,3423480000,3867.6232674418134,4225.948677239657,False
4374,3975,2022-07-12,1,3851.949951171875,3873.409912109375,3802.360107421875,3818.800048828125,3817210000,3862.9734370976525,4221.897447106209,False
4375,3976,2022-07-13,1,3779.669921875,3829.43994140625,3759.070068359375,3801.780029296875,4109390000,3857.1454934975786,4217.717174292186,False
4376,3977,2022-07-14,1,3763.989990234375,3796.409912109375,3721.56005859375,3790.3798828125,4199690000,3850.7868639085236,4213.465061939155,False
4377,3978,2022-07-15,1,3818.0,3863.6201171875,3817.179931640625,3863.159912109375,4143800000,3851.9652494514617,4209.979438557764,False
4378,3979,2022-07-18,1,3883.7900390625,3902.43994140625,3818.6298828125,3830.85009765625,4046870000,3849.954282613822,4206.207007305014,False
4379,3980,2022-07-19,1,3860.72998046875,3939.81005859375,3860.72998046875,3936.68994140625,4041070000,3858.2148215464345,4203.525245455275,False
4380,3981,2022-07-20,1,3935.320068359375,3974.1298828125,3922.030029296875,3959.89990234375,4185300000,3867.8991149557028,4201.101112687996,False
4381,3982,2022-07-21,1,3955.469970703125,3999.2900390625,3927.639892578125,3998.949951171875,4132790000,3880.3801469762907,4199.089658344552,False
4382,3983,2022-07-22,1,3998.429931640625,4012.43994140625,3938.860107421875,3961.6298828125,3979240000,3888.1182170559296,4196.726874508413,False
4383,3984,2022-07-25,1,3965.719970703125,3975.300048828125,3943.4599609375,3966.840087890625,3568340000,3895.6155380878054,4194.439443795798,False
4384,3985,2022-07-26,1,3953.219970703125,3953.219970703125,3910.739990234375,3921.050048828125,3778950000,3898.037872444026,4191.719151308557,False
4385,3986,2022-07-27,1,3951.429931640625,4039.56005859375,3951.429931640625,4023.610107421875,4112180000,3909.997132918107,4190.046424503715,False
4386,3987,2022-07-28,1,4026.1298828125,4078.949951171875,3992.969970703125,4072.429931640625,4413000000,3925.466923272633,4188.8761111418935,False
4387,3988,2022-07-29,1,4087.330078125,4140.14990234375,4079.219970703125,4130.2900390625,4616360000,3944.9738866811913,4188.293165151054,False
4388,3989,2022-08-01,1,4112.3798828125,4144.9501953125,4096.02001953125,4118.6298828125,4202810000,3961.5125529794113,4187.599998162612,False
4389,3990,2022-08-02,1,4104.2099609375,4140.47021484375,4079.81005859375,4091.18994140625,4727710000,3973.862780448634,4186.640694115285,False
4390,3991,2022-08-03,1,4107.9599609375,4167.66015625,4107.9599609375,4155.169921875,4351760000,3991.130127251145,4186.3275521029445,False
4391,3992,2022-08-04,1,4154.85009765625,4161.2900390625,4135.419921875,4151.93994140625,4283320000,4006.4453476468693,4185.985386822381,False
4392,3993,2022-08-05,1,4115.8701171875,4151.580078125,4107.31005859375,4145.18994140625,4085940000,4019.659118481096,4185.57946199237,False
4393,3994,2022-08-08,1,4155.93017578125,4186.6201171875,4128.97021484375,4140.06005859375,4221090000,4031.125874682301,4185.126532605319,False
4394,3995,2022-08-09,1,4133.10986328125,4137.2998046875,4112.08984375,4122.47021484375,3913090000,4039.825335650058,4184.503086657443,False
4395,3996,2022-08-10,1,4181.02001953125,4211.02978515625,4177.259765625,4210.240234375,4546010000,4056.0553260048146,4184.759177679509,False
4396,3997,2022-08-11,1,4227.39990234375,4257.91015625,4201.41015625,4207.27001953125,4630200000,4070.4567253882847,4184.983166155646,False
4397,3998,2022-08-12,1,4225.02001953125,4280.47021484375,4219.77978515625,4280.14990234375,3788010000,4090.427504145948,4185.930098854035,False
4398,3999,2022-08-15,1,4269.3701171875,4301.7900390625,4256.89990234375,4297.14013671875,3696830000,4110.114421533834,4187.036666394978,False
4399,4000,2022-08-16,1,4290.4599609375,4325.27978515625,4277.77001953125,4305.2001953125,4329820000,4128.694019036564,4188.21242290162,False
4400,4001,2022-08-17,1,4280.39990234375,4302.18017578125,4253.080078125,4274.0400390625,3885030000,4142.536497134272,4189.066429032574,False
4401,4002,2022-08-18,1,4273.1298828125,4292.52978515625,4261.97998046875,4283.740234375,3340330000,4155.98447210958,4190.00845694643,False
4402,4003,2022-08-19,1,4266.31005859375,4266.31005859375,4218.7001953125,4228.47998046875,3761340000,4162.888806239024,4190.391258175508,False
4403,4004,2022-08-22,1,4195.080078125,4195.080078125,4129.85986328125,4137.990234375,3907430000,4160.517513680546,4189.869854953612,False
4404,4005,2022-08-23,1,4133.08984375,4159.77001953125,4124.02978515625,4128.72998046875,3823520000,4157.490129565136,4189.261497993563,False
4405,4006,2022-08-24,1,4126.5498046875,4156.56005859375,4119.97021484375,4140.77001953125,3583630000,4155.897738133338,4188.778995720307,False
4406,4007,2022-08-25,1,4153.259765625,4200.5400390625,4147.58984375,4199.1201171875,3566870000,4160.014155186115,4188.881892451324,False
4407,4008,2022-08-26,1,4198.740234375,4203.0400390625,4057.659912109375,4057.659912109375,3832750000,4150.266132035949,4187.576201104638,False
4408,4009,2022-08-29,1,4034.580078125,4062.989990234375,4017.419921875,4030.610107421875,3396510000,4138.870320167942,4186.014349426203,False
4409,4010,2022-08-30,1,4041.25,4044.97998046875,3965.2099609375,3986.159912109375,3835860000,4124.326471781412,4184.025748059867,False
4410,4011,2022-08-31,1,4000.669921875,4015.3701171875,3954.530029296875,3955.0,4542490000,4108.200141135563,4181.746884895092,False
4411,4012,2022-09-01,1,3936.72998046875,3970.22998046875,3903.64990234375,3966.85009765625,4152250000,4094.7382322327717,4179.608608405153,False
4412,4013,2022-09-02,1,3994.659912109375,4018.429931640625,3906.2099609375,3924.260009765625,3665850000,4078.5022110454247,4177.067826329138,False
4413,4014,2022-09-06,1,3930.889892578125,3942.550048828125,3886.75,3908.18994140625,4127340000,4062.281994889313,4174.3924244891095,False
4414,4015,2022-09-07,1,3909.429931640625,3987.889892578125,3906.030029296875,3979.8701171875,3890320000,4054.4332446319972,4172.4568791428255,False
4415,4016,2022-09-08,1,3959.93994140625,4010.5,3944.81005859375,4006.179931640625,3966850000,4049.8376910137713,4170.802382152754,False
4416,4017,2022-09-09,1,4022.93994140625,4076.81005859375,4022.93994140625,4067.360107421875,3901940000,4051.5064925764477,4169.7731057872725,False
4417,4018,2022-09-12,1,4083.669921875,4119.27978515625,4083.669921875,4110.41015625,3814200000,4057.116365307262,4169.182429672474,False
4418,4019,2022-09-13,1,4037.1201171875,4037.1201171875,3921.280029296875,3932.68994140625,4224550000,4045.2662296976423,4166.829270585249,False
4419,4020,2022-09-14,1,3940.72998046875,3961.93994140625,3912.179931640625,3946.010009765625,4293240000,4035.8132563707836,4164.632064009929,False
4420,4021,2022-09-15,1,3932.409912109375,3959.139892578125,3888.280029296875,3901.35009765625,4441830000,4023.007241255114,4162.012342951684,False
4421,4022,2022-09-16,1,3880.949951171875,3880.949951171875,3837.080078125,3873.330078125,7954650000,4008.7522733379606,4159.13988260515,False
4422,4023,2022-09-19,1,3849.909912109375,3900.449951171875,3838.5,3899.889892578125,3766850000,3998.3844275513093,4156.560280714334,False
4423,4024,2022-09-20,1,3875.22998046875,3876.010009765625,3827.5400390625,3855.929931640625,4058050000,3984.8173327026725,4153.568933957383,False
4424,4025,2022-09-21,1,3871.39990234375,3907.070068359375,3789.489990234375,3789.929931640625,4078330000,3966.2566278396203,4149.950635426869,False
4425,4026,2022-09-22,1,3782.360107421875,3790.89990234375,3749.449951171875,3757.989990234375,4284600000,3946.421709972454,4146.050529504556,False
4426,4027,2022-09-23,1,3727.139892578125,3727.139892578125,3647.469970703125,3693.22998046875,5144270000,3922.3082119244827,4141.544852399722,False
4427,4028,2022-09-26,1,3682.719970703125,3715.669921875,3644.760009765625,3655.0400390625,4886140000,3896.8541002233414,4136.704008485919,False
4428,4029,2022-09-27,1,3686.43994140625,3717.530029296875,3623.2900390625,3647.2900390625,4577740000,3873.0860943984994,4131.834217745388,False
4429,4030,2022-09-28,1,3651.93994140625,3736.739990234375,3640.610107421875,3719.0400390625,4684850000,3858.415041509357,4127.726812982374,False
4430,4031,2022-09-29,1,3687.010009765625,3687.010009765625,3610.39990234375,3640.469970703125,4681810000,3837.6583680992394,4122.878486193526,False
4431,4032,2022-09-30,1,3633.47998046875,3671.43994140625,3584.1298828125,3585.6201171875,5645360000,3813.6547251552643,4117.532631775556,False
4432,4033,2022-10-03,1,3609.780029296875,3698.35009765625,3604.929931640625,3678.429931640625,4806680000,3800.776173391965,4113.163450679686,False
4433,4034,2022-10-04,1,3726.4599609375,3791.919921875,3726.4599609375,3790.929931640625,5146580000,3799.838436082314,4109.957147007656,False
4434,4035,2022-10-05,1,3753.25,3806.909912109375,3722.659912109375,3783.280029296875,4293180000,3798.2614449598914,4106.70662842347,False
4435,4036,2022-10-06,1,3771.969970703125,3797.929931640625,3739.219970703125,3744.52001953125,4252100000,3793.1432139666877,4103.10278156882,False
4436,4037,2022-10-07,1,3706.739990234375,3706.739990234375,3620.72998046875,3639.659912109375,4449660000,3778.5257566469436,4098.491409733403,False
4437,4038,2022-10-10,1,3647.510009765625,3652.169921875,3588.10009765625,3612.389892578125,3834320000,3762.703293402294,4093.654578716933,False
4438,4039,2022-10-11,1,3595.860107421875,3640.659912109375,3568.449951171875,3588.840087890625,4759030000,3746.1448928773734,4088.631548957467,False
4439,4040,2022-10-12,1,3590.830078125,3608.340087890625,3573.860107421875,3577.030029296875,4006830000,3730.038715393516,4083.540986572785,False
4440,4041,2022-10-13,1,3520.3701171875,3685.409912109375,3491.580078125,3669.909912109375,5021680000,3724.3121626997886,4079.4252544885726,False
4441,4042,2022-10-14,1,3690.409912109375,3712.0,3579.679931640625,3583.070068359375,4243030000,3710.860534667368,4074.486396915148,False
4442,4043,2022-10-17,1,3638.64990234375,3689.72998046875,3638.64990234375,3677.949951171875,4352780000,3707.726193382083,4070.540760639096,False
4443,4044,2022-10-18,1,3746.260009765625,3762.7900390625,3686.530029296875,3719.97998046875,4483740000,3708.89322072367,4067.052593672227,False
4444,4045,2022-10-19,1,3703.110107421875,3728.580078125,3666.510009765625,3695.159912109375,4223800000,3707.5852865699276,4063.352168980059,False
4445,4046,2022-10-20,1,3689.050048828125,3736.0,3656.43994140625,3665.780029296875,4496620000,3703.6038334963037,4059.3962272916697,False
4446,4047,2022-10-21,1,3657.10009765625,3757.889892578125,3647.419921875,3752.75,5078020000,3708.28442078237,4056.345021049962,False
4447,4048,2022-10-24,1,3762.010009765625,3810.739990234375,3741.64990234375,3797.340087890625,4747930000,3716.765912887918,4053.7678575359387,False
4448,4049,2022-10-25,1,3799.43994140625,3862.85009765625,3799.43994140625,3859.110107421875,4843120000,3730.322502843533,4051.830964499978,False
4449,4050,2022-10-26,1,3825.969970703125,3886.14990234375,3824.070068359375,3830.60009765625,4817310000,3739.8727499685538,4049.6296623423295,False
4450,4051,2022-10-27,1,3834.68994140625,3859.949951171875,3803.7900390625,3807.300048828125,4687320000,3746.294397478989,4047.2184224068646,False
4451,4052,2022-10-28,1,3808.260009765625,3905.419921875,3808.260009765625,3901.06005859375,4459410000,3761.0339842518233,4045.7641103291226,False
4452,4053,2022-10-31,1,3881.85009765625,3893.72998046875,3863.179931640625,3871.97998046875,4820620000,3771.6002696058163,4044.0349150071293,False
4453,4054,2022-11-01,1,3901.7900390625,3911.7900390625,3843.800048828125,3856.10009765625,4481210000,3779.6478722772863,4042.1649168245335,False
4454,4055,2022-11-02,1,3852.89990234375,3894.43994140625,3758.679931640625,3759.68994140625,4899000000,3777.747116956235,4039.3542205517147,False
4455,4056,2022-11-03,1,3733.25,3750.590087890625,3698.14990234375,3719.889892578125,4625290000,3772.2369051107007,4036.175471019639,False
4456,4057,2022-11-04,1,3766.97998046875,3796.340087890625,3708.840087890625,3770.550048828125,5400180000,3772.0762521314077,4033.532431992858,False
4457,4058,2022-11-07,1,3780.7099609375,3813.949951171875,3764.699951171875,3806.800048828125,4341620000,3775.383280388238,4031.276388379279,False
4458,4059,2022-11-08,1,3817.02001953125,3859.39990234375,3786.280029296875,3828.110107421875,4607640000,3780.40488296287,4029.254833344877,False
4459,4060,2022-11-09,1,3810.93994140625,3818.199951171875,3744.219970703125,3748.570068359375,4645010000,3777.3729958577755,4026.4619501111906,False
4460,4061,2022-11-10,1,3859.889892578125,3958.330078125,3859.889892578125,3956.3701171875,5781260000,3794.420340746321,4025.764518937821,False
4461,4062,2022-11-11,1,3963.719970703125,4001.47998046875,3944.820068359375,3992.929931640625,5593310000,3813.3260160695877,4025.437806626406,False
4462,4063,2022-11-14,1,3977.969970703125,4008.969970703125,3956.39990234375,3957.25,4561930000,3827.0330621581984,4024.7593209883325,False
4463,4064,2022-11-15,1,4006.409912109375,4028.840087890625,3953.169921875,3991.72998046875,5015310000,3842.718482949679,4024.430670833909,False
4464,4065,2022-11-16,1,3976.820068359375,3983.090087890625,3954.340087890625,3958.7900390625,4165320000,3853.772916865186,4023.777530219268,False
4465,4066,2022-11-17,1,3919.260009765625,3954.330078125,3906.5400390625,3946.56005859375,4051780000,3862.6097875060013,4023.009197168268,False
4466,4067,2022-11-18,1,3966.389892578125,3979.889892578125,3935.97998046875,3965.340087890625,4037360000,3872.39362563787,4022.435375185406,False
4467,4068,2022-11-21,1,3956.22998046875,3962.0,3933.340087890625,3949.93994140625,3850690000,3879.7789890443823,4021.7140275856136,False
4468,4069,2022-11-22,1,3965.510009765625,4005.8798828125,3956.8798828125,4003.580078125,3887990000,3891.5695689568224,4021.5335902775482,False
4469,4070,2022-11-23,1,4000.300048828125,4033.780029296875,3998.659912109375,4027.260009765625,3279720000,3904.49246808147,4021.5905695759375,False
4470,4071,2022-11-25,1,4023.340087890625,4034.02001953125,4020.760009765625,4026.1201171875,1706460000,3916.0760537106157,4021.635639701426,False
4471,4072,2022-11-28,1,4005.360107421875,4012.27001953125,3955.77001953125,3963.93994140625,3615430000,3920.634519205438,4021.0615531512253,False
4472,4073,2022-11-29,1,3964.18994140625,3976.77001953125,3937.64990234375,3957.6298828125,3546040000,3924.1578871680153,4020.4303922523327,False
4473,4074,2022-11-30,1,3957.179931640625,4080.110107421875,3938.580078125,4080.110107421875,6579360000,3939.010479573145,4021.02422026397,False
4474,4075,2022-12-01,1,4087.139892578125,4100.509765625,4050.8701171875,4076.570068359375,4527130000,3952.111392790881,4021.576915269895,False
4475,4076,2022-12-02,1,4040.169921875,4080.47998046875,4026.6298828125,4071.699951171875,4012620000,3963.5007793033565,4022.0756519455367,False
4476,4077,2022-12-05,1,4052.02001953125,4052.449951171875,3984.489990234375,3998.840087890625,4280820000,3966.866427740239,4021.8444523031994,False
4477,4078,2022-12-06,1,3996.6298828125,4001.510009765625,3918.389892578125,3941.260009765625,4368380000,3964.427721266466,4021.0426170540695,False
4478,4079,2022-12-07,1,3933.280029296875,3957.570068359375,3922.679931640625,3933.919921875,4118050000,3961.522216562517,4020.1757245647254,False
4479,4080,2022-12-08,1,3947.7900390625,3974.18994140625,3935.830078125,3963.510009765625,4006900000,3961.711530200908,4019.611886606526,False
4480,4081,2022-12-09,1,3954.169921875,3977.02001953125,3933.0400390625,3934.3798828125,3888260000,3959.1085161639166,4018.7638069667846,False
4481,4082,2022-12-12,1,3939.2900390625,3990.7099609375,3935.300048828125,3990.56005859375,3904130000,3962.103901157234,4018.4831726546154,False
4482,4083,2022-12-13,1,4069.3798828125,4100.9599609375,3993.030029296875,4019.64990234375,5079360000,3967.5844726988066,4018.494781905254,False
4483,4084,2022-12-14,1,4015.5400390625,4053.760009765625,3965.64990234375,3995.320068359375,4472340000,3970.225957999813,4018.2641877406186,False
4484,4085,2022-12-15,1,3958.3701171875,3958.3701171875,3879.449951171875,3895.75,4493900000,3963.1330096188785,4017.0451410964333,False
4485,4086,2022-12-16,1,3890.909912109375,3890.909912109375,3827.909912109375,3852.360107421875,7493660000,3952.5832094096404,4015.406484044945,False
4486,4087,2022-12-19,1,3853.7900390625,3854.860107421875,3800.0400390625,3817.659912109375,3969610000,3939.73337157152,4013.4388564634964,False
4487,4088,2022-12-20,1,3810.469970703125,3838.239990234375,3795.6201171875,3821.6201171875,3985370000,3928.4844902016134,4011.5302122915964,False
4488,4089,2022-12-21,1,3839.489990234375,3889.820068359375,3839.489990234375,3878.43994140625,3775200000,3923.718342697293,4010.2059309892547,False
4489,4090,2022-12-22,1,3853.260009765625,3853.260009765625,3764.489990234375,3822.389892578125,3956950000,3914.068014114515,4008.3371146866566,False
4490,4091,2022-12-23,1,3815.110107421875,3845.800048828125,3797.010009765625,3844.820068359375,2819280000,3907.4729716616444,4006.710079399818,False
4491,4092,2022-12-27,1,3843.340087890625,3846.64990234375,3813.219970703125,3829.25,3030300000,3900.0231648367258,4004.9443074654914,False
4492,4093,2022-12-28,1,3829.56005859375,3848.320068359375,3780.780029296875,3783.219970703125,3083520000,3888.8990511097163,4002.7380951593987,False
4493,4094,2022-12-29,1,3805.449951171875,3858.18994140625,3805.449951171875,3849.280029296875,3003680000,3885.1258109370647,4001.2111492304184,False
4494,4095,2022-12-30,1,3829.06005859375,3839.85009765625,3800.340087890625,3839.5,2979870000,3880.780495609725,3999.602083068922,False
4495,4096,2023-01-03,1,3853.2900390625,3878.4599609375,3794.330078125,3824.139892578125,3959140000,3875.3861524638583,3997.856190626228,False
4496,4097,2023-01-04,1,3840.360107421875,3873.159912109375,3815.77001953125,3852.969970703125,4414080000,3873.2512780104553,3996.414536696645,False
4497,4098,2023-01-05,1,3839.739990234375,3839.739990234375,3802.419921875,3808.10009765625,3893450000,3867.046403691007,3994.5407611838054,False
4498,4099,2023-01-06,1,3823.3701171875,3906.18994140625,3809.56005859375,3895.080078125,3923560000,3869.7162774466256,3993.551102645907,False
4499,4100,2023-01-09,1,3910.820068359375,3950.570068359375,3890.419921875,3892.090087890625,4311770000,3871.8471165365304,3992.5415403100337,False
4500,4101,2023-01-10,1,3888.570068359375,3919.830078125,3877.2900390625,3919.25,3851030000,3876.3616768663846,3991.8122712522227,False
4501,4102,2023-01-11,1,3932.35009765625,3970.070068359375,3928.5400390625,3969.610107421875,4303360000,3885.2424797764315,3991.5913541991845,False
4502,4103,2023-01-12,1,3977.570068359375,3997.760009765625,3937.56005859375,3983.169921875,4440260000,3894.568902833438,3991.5075588526756,False
4503,4104,2023-01-13,1,3960.60009765625,4003.949951171875,3947.669921875,3999.090087890625,3939700000,3904.5233014103133,3991.5830069028043,False
4504,4105,2023-01-17,1,3999.280029296875,4015.389892578125,3984.570068359375,3990.969970703125,4235560000,3912.756317533438,3991.576907040121,False
4505,4106,2023-01-18,1,4002.25,4014.159912109375,3926.590087890625,3928.860107421875,4298710000,3914.290011808527,3990.952859282726,False
4506,4107,2023-01-19,1,3911.840087890625,3922.93994140625,3885.5400390625,3898.85009765625,3991500000,3912.8195437940244,3990.036413893408,False
4507,4108,2023-01-20,1,3909.0400390625,3972.9599609375,3897.860107421875,3972.610107421875,4013360000,3918.513883187153,3989.863017809114,False
4508,4109,2023-01-23,1,3978.139892578125,4039.31005859375,3971.639892578125,4019.81005859375,3945210000,3928.1611379877813,3990.1609983144335,False
4509,4110,2023-01-24,1,4001.739990234375,4023.919921875,3989.7900390625,4016.949951171875,3320430000,3936.6172154338856,3990.427555059284,False
4510,4111,2023-01-25,1,3982.7099609375,4019.550048828125,3949.06005859375,4016.219970703125,3724020000,3944.1984302214323,3990.6841960109637,False
4511,4112,2023-01-26,1,4036.080078125,4061.570068359375,4013.2900390625,4060.429931640625,3809590000,3955.26809702326,3991.3781834301644,False
4512,4113,2023-01-27,1,4053.719970703125,4094.2099609375,4048.699951171875,4070.56005859375,3907760000,3966.248283839497,3992.166062785026,False
4513,4114,2023-01-30,1,4049.27001953125,4063.85009765625,4015.550048828125,4017.77001953125,3802000000,3971.15511581014,3992.4208285237946,False
4514,4115,2023-01-31,1,4020.85009765625,4077.159912109375,4020.43994140625,4076.60009765625,4679320000,3981.1974950335793,3993.258433191779,False
4515,4116,2023-02-01,1,4070.070068359375,4148.9501953125,4037.199951171875,4119.2099609375,4856930000,3994.3415394053814,3994.5116822240752,False
4516,4117,2023-02-02,1,4158.68017578125,4195.43994140625,4141.8798828125,4179.759765625,5624360000,4012.000418092964,3996.3549467355274,False
4517,4118,2023-02-03,1,4136.68994140625,4182.35986328125,4123.35986328125,4136.47998046875,4694510000,4023.8556145097054,3997.7492256781466,False
4518,4119,2023-02-06,1,4119.56982421875,4124.6298828125,4093.3798828125,4111.080078125,4114240000,4032.1627062825905,3998.876895851747,False
4519,4120,2023-02-07,1,4105.35009765625,4176.5400390625,4088.389892578125,4164.0,4355860000,4044.7186390175816,4000.5199118134215,False
4520,4121,2023-02-08,1,4153.47021484375,4156.85009765625,4111.669921875,4117.85986328125,4029820000,4051.6844698998357,4001.6874735195693,False
4521,4122,2023-02-09,1,4144.25,4156.22998046875,4069.669921875,4081.5,4270200000,4054.5240441950896,4002.481628011912,False
4522,4123,2023-02-10,1,4068.919921875,4094.360107421875,4060.7900390625,4090.4599609375,3891520000,4057.946512456271,4003.3570343096794,False
4523,4124,2023-02-13,1,4096.6201171875,4138.89990234375,4092.669921875,4137.2900390625,3448620000,4065.5030387997213,4004.689701023638,False
4524,4125,2023-02-14,1,4126.7001953125,4159.77001953125,4095.010009765625,4136.1298828125,3929200000,4072.229404896176,4005.997563529,False
4525,4126,2023-02-15,1,4119.5,4148.10986328125,4103.97998046875,4147.60009765625,4075980000,4079.407566111421,4007.4065439680776,False
4526,4127,2023-02-16,1,4114.75,4136.5400390625,4089.489990234375,4090.409912109375,4143660000,4080.455408587417,4008.232448128688,False
4527,4128,2023-02-17,1,4077.389892578125,4081.510009765625,4047.949951171875,4079.090087890625,4045480000,4080.3253780448654,4008.937499270598,False
4528,4129,2023-02-21,1,4052.35009765625,4052.35009765625,3995.18994140625,3997.340087890625,4121590000,4072.422017077795,4008.8221021424392,False
4529,4130,2023-02-22,1,4001.830078125,4017.3701171875,3976.89990234375,3991.050048828125,4079320000,4064.672305815922,4008.645265791053,False
4530,4131,2023-02-23,1,4018.60009765625,4028.300048828125,3969.18994140625,4012.320068359375,3952940000,4059.6863784391076,4008.681830990738,False
4531,4132,2023-02-24,1,3973.239990234375,3978.25,3943.080078125,3970.0400390625,3877700000,4051.1486318318116,4008.2973355486665,False
4532,4133,2023-02-27,1,3992.360107421875,4018.050048828125,3973.550048828125,3982.239990234375,3836950000,4044.585904060627,4008.0380584808627,False
4533,4134,2023-02-28,1,3977.18994140625,3997.5,3968.97998046875,3970.14990234375,5043400000,4037.4967610399717,4007.661061902384,False
4534,4135,2023-03-01,1,3963.340087890625,3971.72998046875,3939.050048828125,3951.389892578125,4249480000,4029.2961069007483,4007.1011497698046,False
4535,4136,2023-03-02,1,3938.679931640625,3990.840087890625,3928.159912109375,3981.35009765625,4244900000,4024.729820306034,4006.8449203955406,False
4536,4137,2023-03-03,1,3998.02001953125,4048.2900390625,3995.169921875,4045.639892578125,4084730000,4026.721255760519,4007.230940019248,False
4537,4138,2023-03-06,1,4055.14990234375,4078.489990234375,4044.610107421875,4048.419921875,4000870000,4028.78779539047,4007.6407806347283,False
4538,4139,2023-03-07,1,4048.260009765625,4050.0,3980.31005859375,3986.3701171875,3922500000,4024.7480165139964,4007.4291322422187,False
4539,4140,2023-03-08,1,3987.550048828125,4000.409912109375,3969.760009765625,3992.010009765625,3535570000,4021.6301111093894,4007.275708137974,False
4540,4141,2023-03-09,1,3998.659912109375,4017.81005859375,3908.699951171875,3918.320068359375,4445260000,4011.791059418912,4006.3905773939086,False
4541,4142,2023-03-10,1,3912.77001953125,3934.050048828125,3846.320068359375,3861.590087890625,5518190000,3997.4862049876465,4004.949776503329,False
4542,4143,2023-03-13,1,3835.1201171875,3905.050048828125,3808.860107421875,3855.760009765625,6558020000,3983.988472109359,4003.4653012124063,False
4543,4144,2023-03-14,1,3894.010009765625,3937.2900390625,3873.6298828125,3919.2900390625,5665870000,3977.8267165810867,4002.627736414895,False
4544,4145,2023-03-15,1,3876.739990234375,3894.260009765625,3838.239990234375,3891.929931640625,6594010000,3969.646070396281,4001.5262657206235,False
4545,4146,2023-03-16,1,3878.929931640625,3964.4599609375,3864.110107421875,3960.280029296875,5695790000,3968.754066482052,4001.1158554079493,False
4546,4147,2023-03-17,1,3958.68994140625,3958.909912109375,3901.27001953125,3916.639892578125,9354280000,3963.790811824535,4000.2752985638717,False
4547,4148,2023-03-20,1,3917.469970703125,3956.6201171875,3916.889892578125,3951.570068359375,5347140000,3962.62693149452,3999.790669407608,False
4548,4149,2023-03-21,1,3975.889892578125,4009.080078125,3971.18994140625,4002.8701171875,4920240000,3966.4596158462323,3999.82131067905,False
4549,4150,2023-03-22,1,4002.0400390625,4039.489990234375,3936.169921875,3936.969970703125,4533010000,3963.6510782135556,3999.1959242116277,False
4550,4151,2023-03-23,1,3959.2099609375,4007.659912109375,3919.050048828125,3948.719970703125,4991600000,3962.229067974467,3998.6936759180107,False
4551,4152,2023-03-24,1,3939.2099609375,3972.739990234375,3909.159912109375,3970.989990234375,4583970000,3963.0634415230297,3998.418017353995,False
4552,4153,2023-03-27,1,3982.929931640625,4003.830078125,3970.489990234375,3977.530029296875,4233540000,3964.4412117872057,3998.21017667681,False
4553,4154,2023-03-28,1,3974.1298828125,3979.199951171875,3951.530029296875,3971.27001953125,4014600000,3965.0915744294957,3997.9421154116803,False
4554,4155,2023-03-29,1,3999.530029296875,4030.590087890625,3999.530029296875,4027.81005859375,4145250000,3971.06476339752,3998.2393088761787,False
4555,4156,2023-03-30,1,4046.739990234375,4057.85009765625,4032.10009765625,4050.830078125,3930860000,3978.6614600382327,3998.7626001124854,False
4556,4157,2023-03-31,1,4056.179931640625,4110.75,4056.179931640625,4109.31005859375,4525120000,3991.1041837101866,3999.862574823742,False
4557,4158,2023-04-03,1,4102.2001953125,4127.66015625,4098.7900390625,4124.509765625,4234700000,4003.8094772258833,4001.1028453789786,False
4558,4159,2023-04-04,1,4128.02978515625,4133.1298828125,4086.8701171875,4100.60009765625,4227800000,4013.027631552585,4002.0928677896977,False
4559,4160,2023-04-05,1,4094.5,4099.68994140625,4072.56005859375,4090.3798828125,3968020000,4020.3945126249578,4002.9713455511187,False
4560,4161,2023-04-06,1,4081.14990234375,4107.31982421875,4069.840087890625,4105.02001953125,3486690000,4028.454084711271,4003.9867552424635,False
4561,4162,2023-04-10,1,4085.199951171875,4109.5,4072.550048828125,4109.10986328125,3423650000,4036.1355874322217,4005.0327563174765,False
4562,4163,2023-04-11,1,4110.2900390625,4124.259765625,4102.60986328125,4108.93994140625,3665830000,4043.069335429748,4006.0666586566686,False
4563,4164,2023-04-12,1,4121.72021484375,4134.3701171875,4086.93994140625,4091.949951171875,3633120000,4047.7246321670937,4006.921218781198,False
4564,4165,2023-04-13,1,4100.0400390625,4150.259765625,4099.39990234375,4146.22021484375,3596590000,4057.1051638505846,4008.307278443512,False
4565,4166,2023-04-14,1,4140.10986328125,4163.18994140625,4113.2001953125,4137.64013671875,3575690000,4064.7751612666007,4009.5941725557036,False
4566,4167,2023-04-17,1,4137.169921875,4151.72021484375,4123.18017578125,4151.31982421875,3611180000,4073.017510119186,4011.004378044888,False
4567,4168,2023-04-18,1,4164.259765625,4169.47998046875,4140.35986328125,4154.8701171875,3536640000,4080.8129965066446,4012.4358779368545,False
4568,4169,2023-04-19,1,4139.330078125,4162.56982421875,4134.490234375,4154.52001953125,3572560000,4087.832712985178,4013.8496504900327,False
4569,4170,2023-04-20,1,4130.47998046875,4148.56982421875,4114.56982421875,4129.7900390625,3772080000,4091.8286488020663,4015.0032861972218,False
4570,4171,2023-04-21,1,4132.14013671875,4138.02001953125,4113.85986328125,4133.52001953125,3611750000,4095.799255538179,4016.18255717567,False
4571,4172,2023-04-24,1,4132.06982421875,4142.41015625,4117.77001953125,4137.0400390625,3290940000,4099.726949207162,4017.385119184494,False
4572,4173,2023-04-25,1,4126.43017578125,4126.43017578125,4071.3798828125,4071.6298828125,3978640000,4097.051038121956,4017.9248680763153,False
4573,4174,2023-04-26,1,4087.780029296875,4089.669921875,4049.35009765625,4055.989990234375,3837030000,4093.140462132662,4018.303625510724,False
4574,4175,2023-04-27,1,4075.2900390625,4138.240234375,4075.2900390625,4135.35009765625,3750550000,4097.160427420623,4019.4682670246098,False
4575,4176,2023-04-28,1,4129.6298828125,4170.06005859375,4127.18017578125,4169.47998046875,4087800000,4104.048003901397,4020.960920889726,False
4576,4177,2023-05-01,1,4166.7900390625,4186.919921875,4164.1201171875,4167.8701171875,3321370000,4110.126300404836,4022.422703937465,False
4577,4178,2023-05-02,1,4164.10009765625,4164.10009765625,4089.719970703125,4119.580078125,4486130000,4111.026660187709,4023.389443979132,False
4578,4179,2023-05-03,1,4122.25,4148.2998046875,4088.860107421875,4090.75,4246510000,4109.095549693642,4024.059698267897,False
4579,4180,2023-05-04,1,4082.550048828125,4082.610107421875,4048.280029296875,4061.219970703125,4920090000,4104.535970742165,4024.429452222477,False
4580,4181,2023-05-05,1,4084.72998046875,4147.02001953125,4084.72998046875,4136.25,4186270000,4107.556354481007,4025.54209448892,False
4581,4182,2023-05-08,1,4136.97998046875,4142.2998046875,4123.81005859375,4138.1201171875,3641640000,4110.467189024482,4026.6622738192546,False
4582,4183,2023-05-09,1,4124.25,4130.35009765625,4116.64990234375,4119.169921875,3810140000,4111.296020724531,4027.582747929262,False
4583,4184,2023-05-10,1,4143.740234375,4154.27978515625,4098.919921875,4137.64013671875,4057160000,4113.804984152552,4028.6778463251776,False
4584,4185,2023-05-11,1,4132.240234375,4132.7998046875,4109.2900390625,4130.6201171875,3752900000,4115.406425393975,4029.692197279032,False
4585,4186,2023-05-12,1,4138.5400390625,4143.740234375,4099.1201171875,4124.080078125,3533740000,4116.232487558835,4030.631380173022,False
4586,4187,2023-05-15,1,4126.64990234375,4141.25,4110.27001953125,4136.27978515625,3562170000,4118.141753996684,4031.682608083303,False
4587,4188,2023-05-16,1,4127.9501953125,4135.5400390625,4109.85986328125,4109.89990234375,3654200000,4117.356815744024,4032.460889618233,False
4588,4189,2023-05-17,1,4122.85009765625,4164.669921875,4113.6201171875,4158.77001953125,4039080000,4121.300930390426,4033.7176968810495,False
4589,4190,2023-05-18,1,4157.68017578125,4202.2001953125,4153.5,4198.0498046875,3980500000,4128.610346990147,4035.3528422323575,False
4590,4191,2023-05-19,1,4204.14990234375,4212.91015625,4180.2001953125,4191.97998046875,4041900000,4134.645550178586,4036.9113212197844,False
4591,4192,2023-05-22,1,4190.77978515625,4209.22021484375,4179.68017578125,4192.6298828125,3728520000,4140.167867572292,4038.460759643593,False
4592,4193,2023-05-23,1,4176.7998046875,4185.68017578125,4142.5400390625,4145.580078125,4155320000,4140.68331619636,4039.52662350908,False
4593,4194,2023-05-24,1,4132.9599609375,4132.9599609375,4103.97998046875,4115.240234375,0,4138.260165546706,4040.2799927714273,False
4594,4195,2023-05-25,1,4155.7099609375,4165.740234375,4129.72998046875,4151.27978515625,4147760000,4139.5001293190435,4041.3844683175453,False
4595,4196,2023-05-26,1,4156.16015625,4212.8701171875,4156.16015625,4205.4501953125,3715460000,4145.781087985087,4043.016963113515,False
4596,4197,2023-05-30,1,4226.7099609375,4231.10009765625,4192.18017578125,4205.52001953125,4228510000,4151.470510037102,4044.6339089485177,False
4597,4198,2023-05-31,1,4190.740234375,4195.43994140625,4166.14990234375,4179.830078125,5980670000,4154.171421283569,4045.9791444627117,False
4598,4199,2023-06-01,1,4183.02978515625,4232.43017578125,4171.64013671875,4221.02001953125,4391860000,4160.537954450015,4047.72084471215,False
4599,4200,2023-06-02,1,4241.009765625,4290.669921875,4241.009765625,4282.3701171875,4454200000,4172.14101756787,4050.055663343746,False
4600,4201,2023-06-05,1,4282.990234375,4299.27978515625,4266.81982421875,4273.7900390625,3813290000,4181.821876757835,4052.281876037465,False
4601,4202,2023-06-06,1,4271.33984375,4288.330078125,4263.08984375,4283.85009765625,3996560000,4191.538850176731,4054.586037446607,False
4602,4203,2023-06-07,1,4285.47021484375,4299.18994140625,4263.9599609375,4267.52001953125,4537800000,4198.775152020018,4056.7047835370017,False
4603,4204,2023-06-08,1,4268.68994140625,4298.009765625,4261.06982421875,4293.93017578125,3826740000,4207.837535235373,4059.0652352011234,False
4604,4205,2023-06-09,1,4304.8798828125,4322.6201171875,4291.7001953125,4298.85986328125,3786510000,4216.506328382599,4061.4512514009257,False
4605,4206,2023-06-12,1,4308.31982421875,4340.1298828125,4304.3701171875,4338.93017578125,3945670000,4228.165742420566,4064.2122357231183,False
4606,4207,2023-06-13,1,4352.60986328125,4375.3701171875,4349.31005859375,4369.009765625,4275400000,4241.579458916226,4067.2450469659234,False
4607,4208,2023-06-14,1,4366.2900390625,4391.81982421875,4337.85009765625,4372.58984375,4252110000,4254.056638424205,4070.2833036503425,False
4608,4209,2023-06-15,1,4365.330078125,4439.2001953125,4362.60009765625,4425.83984375,4176690000,4270.416943693328,4073.821179671235,False
4609,4210,2023-06-16,1,4440.9501953125,4448.47021484375,4407.43994140625,4409.58984375,6848600000,4283.671505603487,4077.1621614033625,False
4610,4211,2023-06-20,1,4396.10986328125,4400.14990234375,4367.18994140625,4388.7099609375,4055790000,4293.675168016251,4080.2621395081796,False
4611,4212,2023-06-21,1,4380.009765625,4386.22021484375,4360.14013671875,4365.68994140625,3709330000,4300.533717862917,4083.1022171390064,False
4612,4213,2023-06-22,1,4355.39990234375,4382.25,4351.81982421875,4381.89013671875,3511000000,4308.281948230139,4086.075231264178,False
4613,4214,2023-06-23,1,4354.169921875,4366.5498046875,4341.33984375,4348.330078125,6053620000,4312.0960558391735,4088.6847322279677,False
4614,4215,2023-06-26,1,4344.83984375,4362.06005859375,4328.080078125,4328.81982421875,3415030000,4313.688795684848,4091.0741361283735,False
4615,4216,2023-06-27,1,4337.35986328125,4384.419921875,4335.0,4378.41015625,3573500000,4319.852734786291,4093.933201005206,False
4616,4217,2023-06-28,1,4367.47998046875,4390.35009765625,4360.22021484375,4376.85986328125,3739330000,4325.281985119144,4096.74839167462,False
4617,4218,2023-06-29,1,4374.93994140625,4398.39013671875,4371.97021484375,4396.43994140625,3696660000,4332.058933336964,4099.730397144586,False
4618,4219,2023-06-30,1,4422.43994140625,4458.47998046875,4422.43994140625,4450.3798828125,3923450000,4343.327595191777,4103.219446753223,False
4619,4220,2023-07-03,1,4450.47998046875,4456.4599609375,4442.2900390625,4455.58984375,2034280000,4354.019237911608,4106.725619857669,False
4620,4221,2023-07-05,1,4442.0400390625,4454.06005859375,4436.60986328125,4446.81982421875,3482620000,4362.857388988478,4110.10964179161,False
4621,4222,2023-07-06,1,4422.6201171875,4422.6201171875,4385.0498046875,4411.58984375,3682020000,4367.498575156242,4113.109444796171,False
4622,4223,2023-07-07,1,4404.5400390625,4440.39013671875,4397.39990234375,4398.9501953125,3630480000,4370.493967552075,4115.953631368474,False
4623,4224,2023-07-10,1,4394.22998046875,4412.60009765625,4389.919921875,4409.52978515625,3429600000,4374.2116644667585,4118.874787127556,False
4624,4225,2023-07-11,1,4415.5498046875,4443.64013671875,4408.4599609375,4439.259765625,3624220000,4380.4067217199245,4122.062697361363,False
4625,4226,2023-07-12,1,4467.68994140625,4488.33984375,4463.22998046875,4472.16015625,3920290000,4389.145144056122,4125.546254166225,False
4626,4227,2023-07-13,1,4491.5,4517.3798828125,4489.35986328125,4510.0400390625,3839530000,4400.658943580539,4129.372062971163,False
4627,4228,2023-07-14,1,4514.60986328125,4527.759765625,4499.56005859375,4505.419921875,3647450000,4410.636179608583,4133.1138327115,False
4628,4229,2023-07-17,1,4508.85986328125,4532.85009765625,4504.89990234375,4522.7900390625,3538240000,4421.317499556575,4136.991207899073,False
4629,4230,2023-07-18,1,4521.77978515625,4562.2998046875,4514.58984375,4554.97998046875,4090010000,4434.047259643448,4141.150300163448,False
4630,4231,2023-07-19,1,4563.8701171875,4578.43017578125,4557.47998046875,4565.72021484375,4115670000,4446.587541091096,4145.374876428924,False
4631,4232,2023-07-20,1,4554.3798828125,4564.740234375,4527.56005859375,4534.8701171875,3761770000,4454.99540548123,4149.250450963836,False
4632,4233,2023-07-21,1,4550.16015625,4555.0,4535.7900390625,4536.33984375,3570190000,4462.74249484016,4153.102086712952,False
4633,4234,2023-07-24,1,4543.39013671875,4563.41015625,4541.2900390625,4554.64013671875,3856250000,4471.494651209549,4157.097490195597,False
4634,4235,2023-07-25,1,4555.18994140625,4580.6201171875,4552.419921875,4567.4599609375,3812470000,4480.634204516973,4161.180698859695,False
4635,4236,2023-07-26,1,4558.9599609375,4582.47021484375,4547.580078125,4566.75,3990290000,4488.83570884869,4165.216214293928,False
4636,4237,2023-07-27,1,4598.259765625,4607.06982421875,4528.56005859375,4537.41015625,4553210000,4493.461846696434,4168.919636601949,False
4637,4238,2023-07-28,1,4565.75,4590.16015625,4564.009765625,4582.22998046875,3981010000,4501.91595467475,4173.032177336942,False
4638,4239,2023-07-31,1,4584.81982421875,4594.22021484375,4573.14013671875,4588.9599609375,4503600000,4510.205860033107,4177.170762248391,False
4639,4240,2023-08-01,1,4578.830078125,4584.6201171875,4567.52978515625,4576.72998046875,4042370000,4516.541490550787,4181.146475862524,False
4640,4241,2023-08-02,1,4550.93017578125,4550.93017578125,4505.75,4513.39013671875,4270710000,4516.241361614402,4184.45238293572,False
4641,4242,2023-08-03,1,4494.27001953125,4519.490234375,4485.5400390625,4501.89013671875,4149120000,4514.874578291006,4187.610967550477,False
4642,4243,2023-08-04,1,4513.9599609375,4540.33984375,4474.5498046875,4478.02978515625,4143310000,4511.365550373411,4190.500707029141,False
4643,4244,2023-08-07,1,4491.580078125,4519.83984375,4491.14990234375,4518.43994140625,3493920000,4512.039301900348,4193.763783988118,False
4644,4245,2023-08-08,1,4498.02978515625,4503.31005859375,4464.39013671875,4499.3798828125,3884910000,4510.8336429396,4196.804740195326,False
4645,4246,2023-08-09,1,4501.56982421875,4502.43994140625,4461.330078125,4467.7099609375,3803100000,4506.7266256060675,4199.50031453107,False
4646,4247,2023-08-10,1,4487.16015625,4527.3701171875,4457.919921875,4468.830078125,4504370000,4503.11743060787,4202.180212676284,False
4647,4248,2023-08-11,1,4450.68994140625,4476.22998046875,4443.97998046875,4464.0498046875,3753290000,4499.39670432974,4204.785880258485,False
4648,4249,2023-08-14,1,4458.1298828125,4490.330078125,4453.43994140625,4489.72021484375,3896410000,4498.475133902502,4207.621047766796,False
4649,4250,2023-08-15,1,4478.8701171875,4478.8701171875,4432.18994140625,4437.85986328125,3832250000,4492.702250986193,4209.911981254502,False
4650,4251,2023-08-16,1,4433.7900390625,4449.9501953125,4403.5498046875,4404.330078125,3753910000,4484.285853570841,4211.846489681075,False
4651,4252,2023-08-17,1,4416.31982421875,4421.169921875,4364.830078125,4370.35986328125,3943700000,4473.435759257547,4213.423737179584,False
4652,4253,2023-08-18,1,4344.8798828125,4381.81982421875,4335.31005859375,4369.7099609375,3940400000,4463.557111798495,4214.978823983146,False
4653,4254,2023-08-21,1,4380.27978515625,4407.5498046875,4360.2998046875,4399.77001953125,3726850000,4457.482150630186,4216.817542346808,False
4654,4255,2023-08-22,1,4415.330078125,4418.58984375,4382.77001953125,4387.5498046875,3522760000,4450.821927207073,4218.5163708278105,False
4655,4256,2023-08-23,1,4396.43994140625,4443.18017578125,4396.43994140625,4436.009765625,3837270000,4449.411245151638,4220.680484208878,False
4656,4257,2023-08-24,1,4455.16015625,4458.2998046875,4375.5498046875,4376.31005859375,3723470000,4442.44922738422,4222.229037187833,False
4657,4258,2023-08-25,1,4389.3798828125,4418.4599609375,4356.2900390625,4405.7099609375,3296180000,4438.950249627389,4224.054718021163,False
4658,4259,2023-08-28,1,4426.02978515625,4439.56005859375,4414.97998046875,4433.31005859375,2957230000,4438.413088576566,4226.136860713428,False
4659,4260,2023-08-29,1,4432.75,4500.14013671875,4431.68017578125,4497.6298828125,3354820000,4444.052783265703,4228.838283818892,False
4660,4261,2023-08-30,1,4500.33984375,4521.64990234375,4493.58984375,4514.8701171875,3064110000,4450.7972912582545,4231.684371713107,False
4661,4262,2023-08-31,1,4517.009765625,4532.259765625,4507.39013671875,4507.66015625,3946360000,4456.2128022098495,4234.430399419942,False
4662,4263,2023-09-01,1,4530.60009765625,4541.25,4501.35009765625,4515.77001953125,3246260000,4461.8849181452215,4237.22979862503,False
4663,4264,2023-09-05,1,4510.06005859375,4514.2900390625,4496.009765625,4496.830078125,3526250000,4465.213028619486,4239.812885983239,False
4664,4265,2023-09-06,1,4490.35009765625,4490.35009765625,4442.3798828125,4465.47998046875,3418850000,4465.23845260513,4242.058329709464,False
4665,4266,2023-09-07,1,4434.5498046875,4457.81005859375,4430.4599609375,4451.14013671875,3763760000,4463.895755854046,4244.138745699606,False
4666,4267,2023-09-08,1,4451.2998046875,4473.52978515625,4448.3798828125,4457.490234375,3259290000,4463.285706189375,4246.261646084436,False
4667,4268,2023-09-11,1,4480.97998046875,4490.77001953125,4467.89013671875,4487.4599609375,3369920000,4465.588016165387,4248.6616293168045,False
4668,4269,2023-09-12,1,4473.27001953125,4487.10986328125,4456.830078125,4461.89990234375,3435740000,4465.236767229992,4250.783403177769,False
4669,4270,2023-09-13,1,4462.64990234375,4479.39013671875,4453.52001953125,4467.43994140625,3529430000,4465.446593342017,4252.939189627804,False
4670,4271,2023-09-14,1,4487.77978515625,4511.990234375,4478.68994140625,4505.10009765625,3648720000,4469.22311756242,4255.4482533892815,False
4671,4272,2023-09-15,1,4497.97998046875,4497.97998046875,4447.2099609375,4450.31982421875,6932230000,4467.422803910642,4257.38727399455,False
4672,4273,2023-09-18,1,4445.1298828125,4466.35986328125,4442.10986328125,4453.52978515625,3161230000,4466.099659267366,4259.338940772278,False
4673,4274,2023-09-19,1,4445.41015625,4449.85009765625,4416.60986328125,4443.9501953125,3614880000,4463.99018650976,4261.17586867815,False
4674,4275,2023-09-20,1,4452.81005859375,4461.02978515625,4401.3798828125,4402.2001953125,3308450000,4458.105425443354,4262.57909580884,False
4675,4276,2023-09-21,1,4374.35986328125,4375.7001953125,4329.169921875,4330.0,3662340000,4445.904908734463,4263.249950576911,False
4676,4277,2023-09-22,1,4341.740234375,4357.39990234375,4316.490234375,4320.06005859375,3349570000,4433.919684911538,4263.815225283546,False
4677,4278,2023-09-25,1,4310.6201171875,4338.509765625,4302.7001953125,4337.43994140625,3195650000,4424.731137911034,4264.547809523573,False
4678,4279,2023-09-26,1,4312.8798828125,4313.009765625,4265.97998046875,4273.52978515625,3472340000,4410.331009077245,4264.637182415441,False
4679,4280,2023-09-27,1,4282.6298828125,4292.06982421875,4238.6298828125,4274.509765625,3875880000,4397.395652557983,4264.735417074243,False
4680,4281,2023-09-28,1,4269.64990234375,4317.27001953125,4264.3798828125,4299.7001953125,3846230000,4388.091323296509,4265.08332531542,False
4681,4282,2023-09-29,1,4328.18017578125,4333.14990234375,4274.85986328125,4288.0498046875,3865960000,4378.56355961946,4265.311847498227,False
4682,4283,2023-10-02,1,4284.52001953125,4300.580078125,4260.2099609375,4288.39013671875,3938660000,4369.975614581297,4265.541482216839,False
4683,4284,2023-10-03,1,4269.75,4281.14990234375,4216.4501953125,4229.4501953125,3953830000,4356.592241317602,4265.182364934208,False
4684,4285,2023-10-04,1,4233.830078125,4268.5,4220.47998046875,4263.75,3777600000,4347.750123096878,4265.168112546803,False
4685,4286,2023-10-05,1,4259.31005859375,4267.1298828125,4225.91015625,4258.18994140625,3581470000,4339.220581983485,4265.098678008091,False
4686,4287,2023-10-06,1,4234.7900390625,4324.10009765625,4219.5498046875,4308.5,3902030000,4336.294812270772,4265.53053195826,False
4687,4288,2023-10-09,1,4289.02001953125,4341.72998046875,4283.7900390625,4335.66015625,3174630000,4336.2343688402225,4266.228339165144,False
4688,4289,2023-10-10,1,4339.75,4385.4599609375,4339.64013671875,4358.240234375,3520240000,4338.330165557821,4267.143880411013,False
4689,4290,2023-10-11,1,4366.58984375,4378.64013671875,4345.33984375,4376.9501953125,3601660000,4342.008263629695,4268.236480559287,False
4690,4291,2023-10-12,1,4380.93994140625,4385.85009765625,4325.43017578125,4349.60986328125,3713140000,4342.732225501271,4269.046165959506,False
4691,4292,2023-10-13,1,4360.490234375,4377.10009765625,4311.97021484375,4327.77978515625,3566560000,4341.30818356365,4269.630580080867,False
4692,4293,2023-10-16,1,4342.3701171875,4383.330078125,4342.3701171875,4373.6298828125,3409960000,4344.386440634969,4270.66539901352,False
4693,4294,2023-10-17,1,4345.22998046875,4393.56982421875,4337.5400390625,4373.2001953125,3794850000,4347.130607747115,4271.685645742863,False
4694,4295,2023-10-18,1,4357.35009765625,4364.2001953125,4303.83984375,4314.60009765625,3686030000,4344.032463928937,4272.112655214638,False
4695,4296,2023-10-19,1,4321.35986328125,4339.5400390625,4269.68994140625,4278.0,3969730000,4337.743657840467,4272.171235759765,False
4696,4297,2023-10-20,1,4273.85009765625,4276.56005859375,4223.02978515625,4224.16015625,4004030000,4326.9261814985175,4271.693513575588,False
4697,4298,2023-10-23,1,4210.39990234375,4255.83984375,4189.22021484375,4217.0400390625,3776100000,4316.4608345998495,4271.1496979087915,False
4698,4299,2023-10-24,1,4235.7900390625,4259.3798828125,4219.43017578125,4247.68017578125,3821820000,4309.910295664745,4270.916170325433,False
4699,4300,2023-10-25,1,4232.419921875,4232.419921875,4181.419921875,4186.77001953125,3869370000,4298.182650318698,4270.078895193153,False
4700,4301,2023-10-26,1,4175.990234375,4183.60009765625,4127.89990234375,4137.22998046875,4277640000,4282.853824618703,4268.757015444652,False
4701,4302,2023-10-27,1,4152.93017578125,4156.7001953125,4103.77978515625,4117.3701171875,4019500000,4267.093471530017,4267.250678148562,False
4702,4303,2023-10-30,1,4139.39013671875,4177.47021484375,4132.93994140625,4166.81982421875,3911140000,4257.543600357516,4266.251366169161,False
4703,4304,2023-10-31,1,4171.330078125,4195.5498046875,4153.1201171875,4193.7998046875,4249470000,4251.472762674657,4265.5304551096415,False
4704,4305,2023-11-01,1,4201.27001953125,4245.64013671875,4197.740234375,4237.85986328125,4224900000,4250.176296065762,4265.255125837718,False
4705,4306,2023-11-02,1,4268.259765625,4319.72021484375,4268.259765625,4317.77978515625,4669780000,4256.614723598189,4265.777759263773,False
4706,4307,2023-11-03,1,4334.22998046875,4373.6201171875,4334.22998046875,4358.33984375,4570960000,4266.302830279314,4266.698775029805,False
4707,4308,2023-11-06,1,4364.27001953125,4372.2099609375,4347.52978515625,4365.97998046875,3656340000,4275.795892202117,4267.6866477207395,False
4708,4309,2023-11-07,1,4366.2099609375,4386.259765625,4355.41015625,4378.3798828125,3791230000,4285.565796069773,4268.788072945534,False
4709,4310,2023-11-08,1,4384.3701171875,4391.2001953125,4359.759765625,4382.77978515625,3729510000,4294.824271220866,4269.922318838178,False
4710,4311,2023-11-09,1,4391.41015625,4393.39990234375,4343.93994140625,4347.35009765625,3900780000,4299.826730881378,4270.69274449806,False
4711,4312,2023-11-10,1,4364.14990234375,4418.02978515625,4353.33984375,4415.240234375,3665080000,4310.818493118866,4272.1310279794225,False
4712,4313,2023-11-13,1,4406.66015625,4421.759765625,4393.81982421875,4411.5498046875,3326240000,4320.411951363498,4273.518279488956,False
4713,4314,2023-11-14,1,4458.97021484375,4508.669921875,4458.97021484375,4495.7001953125,4700350000,4337.106069834831,4275.729044820533,False
4714,4315,2023-11-15,1,4505.2998046875,4521.169921875,4495.31005859375,4502.8798828125,4347170000,4352.894052023181,4277.989252163737,False
4715,4316,2023-11-16,1,4497.080078125,4511.990234375,4487.830078125,4508.240234375,3964520000,4367.688926532878,4280.280306713103,False
4716,4317,2023-11-17,1,4509.5498046875,4520.1201171875,4499.66015625,4514.02001953125,3777240000,4381.625221104152,4282.6060749998505,False
4717,4318,2023-11-20,1,4511.7001953125,4557.10986328125,4510.35986328125,4547.3798828125,3644790000,4397.41137936209,4285.240640251718,False
4718,4319,2023-11-21,1,4538.77001953125,4542.14013671875,4525.509765625,4538.18994140625,3511080000,4410.818861461534,4287.757548720918,False
4719,4320,2023-11-22,1,4553.0400390625,4568.43017578125,4545.0498046875,4556.6201171875,3042810000,4424.704695340197,4290.4327981583965,False
4720,4321,2023-11-24,1,4555.83984375,4560.31005859375,4552.7998046875,4559.33984375,1639500000,4437.527090426845,4293.108490154333,False
4721,4322,2023-11-27,1,4554.85986328125,4560.52001953125,4546.31982421875,4550.43017578125,3403990000,4448.279765222503,4295.6689049366905,False
4722,4323,2023-11-28,1,4545.5498046875,4568.14013671875,4540.509765625,4554.89013671875,3586240000,4458.433133936431,4298.248220675816,False
4723,4324,2023-11-29,1,4571.83984375,4587.64013671875,4547.14990234375,4550.580078125,4418760000,4467.209033382961,4300.758985426554,False
4724,4325,2023-11-30,1,4554.8701171875,4569.89013671875,4537.240234375,4567.7998046875,5399300000,4476.789106840536,4303.416108006265,False
4725,4326,2023-12-01,1,4559.43017578125,4599.39013671875,4554.7099609375,4594.6298828125,4397120000,4488.012037885485,4306.313757506824,False
4726,4327,2023-12-04,1,4564.3701171875,4572.3701171875,4546.72021484375,4569.77978515625,4369910000,4495.7994423874625,4308.935310020748,False
4727,4328,2023-12-05,1,4557.25,4578.56005859375,4551.68017578125,4567.18017578125,3909950000,4502.597607472585,4311.504910675081,False
4728,4329,2023-12-06,1,4586.22998046875,4590.740234375,4546.5,4549.33984375,4245680000,4507.049249022814,4313.871427422096,False
4729,4330,2023-12-07,1,4568.83984375,4590.919921875,4565.22021484375,4585.58984375,3818880000,4514.529305663499,4316.575093256205,False
4730,4331,2023-12-08,1,4576.2001953125,4609.22998046875,4574.06005859375,4604.3701171875,3707010000,4523.08557342769,4319.438725335123,False
4731,4332,2023-12-11,1,4593.39013671875,4623.7099609375,4593.39013671875,4622.43994140625,3823210000,4532.547894187553,4322.453662808468,False
4732,4333,2023-12-12,1,4618.2998046875,4643.93017578125,4608.08984375,4643.7001953125,3808380000,4543.133827628024,4325.650145718956,False
4733,4334,2023-12-13,1,4646.2001953125,4709.68994140625,4643.22998046875,4707.08984375,5063650000,4558.748686306307,4329.445565599863,False
4734,4335,2023-12-14,1,4721.0400390625,4738.56982421875,4694.33984375,4719.5498046875,6314040000,4574.063078533087,4333.327199819641,False
4735,4336,2023-12-15,1,4714.22998046875,4725.52978515625,4704.68994140625,4719.18994140625,8218980000,4587.884684521006,4337.166630084184,False
4736,4337,2023-12-18,1,4725.580078125,4749.52001953125,4725.580078125,4740.56005859375,4060340000,4602.425196337458,4341.180495044479,False
4737,4338,2023-12-19,1,4743.72021484375,4768.68994140625,4743.72021484375,4768.3701171875,4026970000,4618.229474513653,4345.431138050878,False
4738,4339,2023-12-20,1,4764.72998046875,4778.009765625,4697.81982421875,4698.35009765625,4201320000,4625.860010051044,4348.942769489738,False
4739,4340,2023-12-21,1,4724.2900390625,4748.7099609375,4708.35009765625,4746.75,3431180000,4637.373342427135,4352.901050390337,False
4740,4341,2023-12-22,1,4753.919921875,4772.93994140625,4736.77001953125,4754.6298828125,3046770000,4648.5406319876465,4356.898352205484,False
4741,4342,2023-12-26,1,4758.85986328125,4784.72021484375,4758.4501953125,4774.75,2513910000,4660.560571798347,4361.056080044236,False
4742,4343,2023-12-27,1,4773.4501953125,4785.39013671875,4768.89990234375,4781.580078125,2748450000,4672.086239067552,4365.2403984331,False
4743,4344,2023-12-28,1,4786.43994140625,4793.2998046875,4780.97998046875,4783.35009765625,2698860000,4682.682797028381,4369.400693947759,False
4744,4345,2023-12-29,1,4782.8798828125,4788.43017578125,4751.990234375,4769.830078125,3126060000,4690.982538085202,4373.385065929621,False
4745,4346,2024-01-02,1,4745.2001953125,4754.330078125,4722.669921875,4742.830078125,3743050000,4695.9203990413735,4377.06113570271,False
4746,4347,2024-01-03,1,4725.06982421875,4729.2900390625,4699.7099609375,4704.81005859375,3950760000,4696.767033284457,4380.322319015058,False
4747,4348,2024-01-04,1,4697.419921875,4726.77978515625,4687.52978515625,4688.68017578125,3715480000,4695.99685637939,4383.390556395816,False
4748,4349,2024-01-05,1,4690.56982421875,4721.490234375,4682.10986328125,4697.240234375,3844370000,4696.115273331353,4386.513438763768,False
4749,4350,2024-01-08,1,4703.7001953125,4764.5400390625,4699.81982421875,4763.5400390625,3742320000,4702.536679591462,4390.264947224452,False
4750,4351,2024-01-09,1,4741.93017578125,4765.47021484375,4730.35009765625,4756.5,3529960000,4707.676043439895,4393.909077102816,False
4751,4352,2024-01-10,1,4759.93994140625,4790.7998046875,4756.2001953125,4783.4501953125,3498680000,4714.892629332524,4397.785108129779,False
4752,4353,2024-01-11,1,4792.1298828125,4798.5,4739.580078125,4780.240234375,3759890000,4721.116210765141,4401.59063177401,False
4753,4354,2024-01-12,1,4791.18017578125,4802.39990234375,4768.97998046875,4783.830078125,3486340000,4727.088960037508,4405.394009349642,False
4754,4355,2024-01-16,1,4772.35009765625,4782.33984375,4747.1201171875,4765.97998046875,4260550000,4730.792866745245,4408.98192946028,False
4755,4356,2024-01-17,1,4739.1298828125,4744.22998046875,4714.81982421875,4739.2099609375,3928600000,4731.594494763555,4412.267780519755,False
4756,4357,2024-01-18,1,4760.10009765625,4785.7900390625,4740.56982421875,4780.93994140625,4019000000,4736.294061110479,4415.936160230069,False
4757,4358,2024-01-19,1,4796.27978515625,4842.06982421875,4785.8701171875,4839.81005859375,4287200000,4746.152727537457,4420.153810960055,False
4758,4359,2024-01-22,1,4853.419921875,4868.41015625,4844.0498046875,4850.43017578125,4297610000,4756.083913084485,4424.435167823947,False
4759,4360,2024-01-23,1,4856.7998046875,4866.47998046875,4844.3701171875,4864.60009765625,3912800000,4766.4187878056055,4428.814918369542,False
4760,4361,2024-01-24,1,4888.56005859375,4903.68017578125,4865.93994140625,4868.5498046875,4330030000,4776.145551318166,4433.190389875193,False
4761,4362,2024-01-25,1,4886.66015625,4898.14990234375,4869.33984375,4894.16015625,4020430000,4787.38503750215,4437.7771537197195,False
4762,4363,2024-01-26,1,4888.91015625,4906.68994140625,4881.47021484375,4890.97021484375,3353400000,4797.250292487064,4442.286537412496,False
4763,4364,2024-01-29,1,4892.9501953125,4929.31005859375,4887.39990234375,4927.93017578125,3525160000,4809.695995657939,4447.11881242114,False
4764,4365,2024-01-30,1,4925.89013671875,4931.08984375,4916.27001953125,4924.97021484375,3836130000,4820.674492723255,4451.873552743754,False
4765,4366,2024-01-31,1,4899.18994140625,4906.75,4845.14990234375,4845.64990234375,4696120000,4823.053103163302,4455.79172537659,False
4766,4367,2024-02-01,1,4861.10986328125,4906.97021484375,4853.52001953125,4906.18994140625,4386090000,4830.970897281678,4460.273299665442,False
4767,4368,2024-02-02,1,4916.06005859375,4975.2900390625,4907.990234375,4958.60986328125,3974350000,4843.126989281638,4465.231872437739,False
4768,4369,2024-02-05,1,4957.18994140625,4957.18994140625,4918.08984375,4942.81005859375,4023640000,4852.620614930411,4469.9838941905355,False
4769,4370,2024-02-06,1,4950.16015625,4957.77001953125,4934.8798828125,4954.22998046875,4440880000,4862.297697362633,4474.802263208229,False
4770,4371,2024-02-07,1,4973.0498046875,4999.89013671875,4969.0498046875,4995.06005859375,4895590000,4874.941731765596,4479.978957689678,False
4771,4372,2024-02-08,1,4995.16015625,5000.39990234375,4987.08984375,4997.91015625,4341860000,4886.653010287921,4485.13250195396,False
4772,4373,2024-02-09,1,5004.169921875,5030.06005859375,5000.33984375,5026.60986328125,3912990000,4899.9822343825235,4490.520336395028,False
4773,4374,2024-02-12,1,5026.830078125,5048.39013671875,5016.830078125,5021.83984375,3805740000,4911.5877209889495,4495.807097662241,False
4774,4375,2024-02-13,1,4967.93994140625,4971.2998046875,4920.31005859375,4953.169921875,4302190000,4915.547930597145,4500.357971535005,False
4775,4376,2024-02-14,1,4976.43994140625,5002.52001953125,4956.4501953125,5000.6201171875,3845600000,4923.65004360575,4505.335704327567,False
4776,4377,2024-02-15,1,5003.14013671875,5032.72021484375,4999.43994140625,5029.72998046875,4137970000,4933.7528947355595,4510.5535578215095,False
4777,4378,2024-02-16,1,5031.1298828125,5038.7001953125,4999.52001953125,5005.56982421875,3833270000,4940.592602305387,4515.479092810538,False
4778,4379,2024-02-20,1,4989.31982421875,4993.7099609375,4955.02001953125,4975.509765625,4034880000,4943.918046431065,4520.056512440533,False
4779,4380,2024-02-21,1,4963.02978515625,4983.2099609375,4946.0,4981.7998046875,3788390000,4947.5258329316775,4524.650973059906,False
4780,4381,2024-02-22,1,5038.830078125,5094.39013671875,5038.830078125,5087.02978515625,4051710000,4960.811923619733,4530.246782135492,False
4781,4382,2024-02-23,1,5100.919921875,5111.06005859375,5081.4599609375,5088.7998046875,3672790000,4973.001245626187,4535.804523653423,False
4782,4383,2024-02-26,1,5093.0,5097.66015625,5068.91015625,5069.52978515625,3683930000,4982.194439867145,4541.115222772854,False
4783,4384,2024-02-27,1,5074.60009765625,5080.68994140625,5057.2900390625,5078.18017578125,3925950000,4991.335938525631,4546.459152653535,False
4784,4385,2024-02-28,1,5067.2001953125,5077.3701171875,5058.35009765625,5069.759765625,3789370000,4998.804874439857,4551.666123926882,False
4785,4386,2024-02-29,1,5085.35986328125,5104.990234375,5061.89013671875,5096.27001953125,5219740000,5008.087269210466,4557.085068161751,False
4786,4387,2024-03-01,1,5098.509765625,5140.330078125,5094.16015625,5137.080078125,4748110000,5020.372298630898,4562.856162788252,False
4787,4388,2024-03-04,1,5130.990234375,5149.669921875,5127.18017578125,5130.9501953125,4758440000,5030.903526886288,4568.508839728792,False
4788,4389,2024-03-05,1,5110.52001953125,5114.5400390625,5056.81982421875,5078.64990234375,4418410000,5035.45080073938,4573.584870202572,False
4789,4390,2024-03-06,1,5108.02978515625,5127.97021484375,5092.22021484375,5104.759765625,4559050000,5042.051654538011,4578.870192545084,False
4790,4391,2024-03-07,1,5132.3798828125,5165.6201171875,5128.2099609375,5157.35986328125,4137980000,5053.033388704033,4584.626308671813,False
4791,4392,2024-03-08,1,5164.4599609375,5189.259765625,5117.5,5123.68994140625,4208870000,5059.762584199483,4589.990125912952,False
4792,4393,2024-03-11,1,5111.9599609375,5124.66015625,5091.14013671875,5117.93994140625,3896430000,5065.303284885842,4595.24335790791,False
4793,4394,2024-03-12,1,5134.2998046875,5179.8701171875,5114.47998046875,5175.27001953125,4080510000,5075.7763072330235,4601.014767476302,False
4794,4395,2024-03-13,1,5173.490234375,5179.14013671875,5151.8798828125,5165.31005859375,4282890000,5084.303331172141,4606.629645994884,False
4795,4396,2024-03-14,1,5175.14013671875,5176.85009765625,5123.2998046875,5150.47998046875,4687970000,5090.605869200389,4612.041092109052,False
4796,4397,2024-03-15,1,5123.31005859375,5136.85986328125,5104.35009765625,5117.08984375,7753670000,5093.128152490828,4617.066452821899,False
4797,4398,2024-03-18,1,5154.77001953125,5175.60009765625,5145.47021484375,5149.419921875,4036220000,5098.489273384559,4622.363502265213,False
4798,4399,2024-03-19,1,5139.08984375,5180.31005859375,5131.58984375,5178.509765625,4031760000,5106.110272645554,4627.897295930485,False
4799,4400,2024-03-20,1,5181.68994140625,5226.18994140625,5171.5498046875,5224.6201171875,4064850000,5117.396924506692,4633.834836440506,False
4800,4401,2024-03-21,1,5253.43017578125,5261.10009765625,5240.66015625,5241.52978515625,4207730000,5129.219101711412,4639.881552348125,False
4801,4402,2024-03-22,1,5242.47998046875,5246.08984375,5229.8701171875,5234.18017578125,3374700000,5139.2153944799675,4645.794971486764,False
4802,4403,2024-03-25,1,5219.52001953125,5229.08984375,5216.08984375,5218.18994140625,3331360000,5146.736779901518,4651.490443824272,False
4803,4404,2024-03-26,1,5228.85009765625,5235.16015625,5203.419921875,5203.580078125,3871790000,5152.150427351374,4656.983873021294,False
4804,4405,2024-03-27,1,5226.31005859375,5249.259765625,5213.919921875,5248.490234375,3850500000,5161.32564706791,4662.869508457649,False
4805,4406,2024-03-28,1,5248.02978515625,5264.85009765625,5245.81982421875,5254.35009765625,3998270000,5170.185118552514,4668.754887454651,False
4806,4407,2024-04-01,1,5257.97021484375,5263.9501953125,5229.2001953125,5243.77001953125,3325930000,5177.193204360012,4674.476431057403,False
4807,4408,2024-04-02,1,5204.2900390625,5208.33984375,5184.0498046875,5205.81005859375,3886590000,5179.918619048939,4679.7633328239335,False
4808,4409,2024-04-03,1,5194.3701171875,5228.75,5194.3701171875,5211.490234375,3703250000,5182.925439556183,4685.05414776474,False
4809,4410,2024-04-04,1,5244.0498046875,5256.58984375,5146.06005859375,5147.2099609375,4075680000,5179.523965402022,4689.652713069942,False
4810,4411,2024-04-05,1,5158.9501953125,5222.18017578125,5157.2099609375,5204.33984375,3386780000,5181.887382387544,4694.773978051834,False
4811,4412,2024-04-08,1,5211.3701171875,5219.56982421875,5197.35009765625,5202.39013671875,3278180000,5183.840025657182,4699.824885103247,False
4812,4413,2024-04-09,1,5217.02978515625,5224.81005859375,5160.77978515625,5209.91015625,3400680000,5186.32289523745,4704.9003604380405,False
4813,4414,2024-04-10,1,5167.8798828125,5178.43017578125,5138.7001953125,5160.64013671875,3845930000,5183.876918235669,4709.435084580137,False
4814,4415,2024-04-11,1,5172.9501953125,5211.77978515625,5138.77001953125,5199.06005859375,3509380000,5185.322931603106,4714.30697486883,False
4815,4416,2024-04-12,1,5171.509765625,5175.02978515625,5107.93994140625,5123.41015625,3963220000,5179.426476807572,4718.377653290534,False
4816,4417,2024-04-15,1,5149.669921875,5168.43017578125,5052.47021484375,5061.81982421875,3950210000,5168.225843227684,4721.794988324646,False
4817,4418,2024-04-16,1,5064.58984375,5079.83984375,5039.830078125,5051.41015625,4006200000,5157.100539706,4725.074741239326,False
4818,4419,2024-04-17,1,5068.97021484375,5077.9599609375,5007.25,5022.2099609375,3596130000,5144.253817918524,4728.031310589557,False
4819,4420,2024-04-18,1,5031.52001953125,5056.66015625,5001.89013671875,5011.1201171875,3619760000,5131.574417848902,4730.848114635307,False
4820,4421,2024-04-19,1,5005.43994140625,5019.02001953125,4953.56005859375,4967.22998046875,3878750000,5115.92256666984,4733.200173001808,False
4821,4422,2024-04-22,1,4987.330078125,5038.83984375,4969.39990234375,5010.60009765625,3820250000,5105.891855335213,4735.960371257077,False
4822,4423,2024-04-23,1,5028.85009765625,5076.1201171875,5027.9599609375,5070.5498046875,3751400000,5102.525945749717,4739.289619350912,False
4823,4424,2024-04-24,1,5084.85986328125,5089.47998046875,5047.02001953125,5071.6298828125,3656740000,5099.58346356522,4742.596487644063,False
4824,4425,2024-04-25,1,5019.8798828125,5057.75,4990.580078125,5048.419921875,3958050000,5094.710745309008,4745.639506890143,False
4825,4426,2024-04-26,1,5084.64990234375,5114.6201171875,5073.14013671875,5099.9599609375,3604140000,5095.210670606961,4749.16508354733,False
4826,4427,2024-04-29,1,5114.1298828125,5123.490234375,5088.64990234375,5116.169921875,3447450000,5097.206789775345,4752.816872983426,False
4827,4428,2024-04-30,1,5103.77978515625,5110.830078125,5035.31005859375,5035.68994140625,4082470000,5091.348042311622,4755.631530380669,False
4828,4429,2024-05-01,1,5029.02978515625,5096.1201171875,5013.4501953125,5018.39013671875,4544170000,5084.399670350396,4758.24604387657,False
4829,4430,2024-05-02,1,5049.31982421875,5073.2099609375,5011.0498046875,5064.2001953125,4381660000,5082.475910822977,4761.290363791355,False
4830,4431,2024-05-03,1,5122.77978515625,5139.1201171875,5101.22021484375,5127.7900390625,3924990000,5086.791542083884,4764.937126729376,False
4831,4432,2024-05-06,1,5142.419921875,5181.0,5142.419921875,5180.740234375,3683250000,5095.7390365878,4769.074471084059,False
4832,4433,2024-05-07,1,5187.2001953125,5200.22998046875,5178.9599609375,5187.7001953125,3987890000,5104.497242180629,4773.239901175884,False
4833,4434,2024-05-08,1,5168.97998046875,5191.9501953125,5165.85986328125,5187.669921875,3842100000,5112.418449770568,4777.363582973885,False
4834,4435,2024-05-09,1,5189.02978515625,5215.2998046875,5180.41015625,5214.080078125,3727370000,5122.100509613848,4781.709020736584,False
4835,4436,2024-05-10,1,5225.490234375,5239.66015625,5209.68017578125,5222.68017578125,3617900000,5131.6795254393155,4786.096793423595,False
4836,4437,2024-05-13,1,5233.080078125,5237.259765625,5211.16015625,5221.419921875,4255710000,5140.226229861762,4790.428366841022,False
4837,4438,2024-05-14,1,5221.10009765625,5250.3701171875,5217.97998046875,5246.68017578125,4763580000,5150.364700901712,4794.9681858354525,False
4838,4439,2024-05-15,1,5263.259765625,5311.759765625,5263.259765625,5308.14990234375,4360810000,5165.391862943811,4800.074471571854,False
4839,4440,2024-05-16,1,5310.06982421875,5325.490234375,5296.18994140625,5297.10009765625,3817470000,5177.935504344996,4805.020000189609,False
4840,4441,2024-05-17,1,5303.10009765625,5305.4501953125,5283.58984375,5303.27001953125,3578120000,5189.872124838925,4809.97771182485,False
4841,4442,2024-05-20,1,5305.35009765625,5325.31982421875,5302.39990234375,5308.1298828125,3420100000,5201.134768455456,4814.934449844628,False
4842,4443,2024-05-21,1,5298.68994140625,5324.31982421875,5297.8701171875,5321.41015625,3662240000,5212.589567293031,4819.974009112343,False
4843,4444,2024-05-22,1,5319.27978515625,5323.18017578125,5286.009765625,5307.009765625,3847130000,5221.5819671341715,4824.8201360428175,False
4844,4445,2024-05-23,1,5340.259765625,5341.8798828125,5256.93017578125,5267.83984375,3869520000,5225.987479192822,4829.228292338412,False
4845,4446,2024-05-24,1,5281.4501953125,5311.64990234375,5278.39013671875,5304.72021484375,3005510000,5233.4858349691,4833.959555248913,False
4846,4447,2024-05-28,1,5315.91015625,5315.91015625,5280.89013671875,5306.0400390625,3751540000,5240.395759168471,4838.656873495814,False
4847,4448,2024-05-29,1,5278.72998046875,5282.27001953125,5262.7001953125,5266.9501953125,3552750000,5242.92475308695,4842.918498588517,False
4848,4449,2024-05-30,1,5259.77001953125,5260.2099609375,5222.10009765625,5235.47998046875,3818750000,5242.215727123312,4846.824582985335,False
4849,4450,2024-05-31,1,5243.2099609375,5280.330078125,5191.68017578125,5277.509765625,5437160000,5245.577064123473,4851.110007688218,False
4850,4451,2024-06-03,1,5297.14990234375,5302.10986328125,5234.31982421875,5283.39990234375,4046920000,5249.179239192071,4855.41139967484,False
4851,4452,2024-06-04,1,5278.240234375,5298.7998046875,5257.6298828125,5291.33984375,3707900000,5253.194534864255,4859.748996133299,False
4852,4453,2024-06-05,1,5314.47998046875,5354.16015625,5297.64013671875,5354.02978515625,3591460000,5262.797892034921,4864.667212939498,False
4853,4454,2024-06-06,1,5357.7998046875,5362.35009765625,5335.35986328125,5352.9599609375,3609990000,5271.384755739929,4869.525847247936,False
4854,4455,2024-06-07,1,5343.81005859375,5375.080078125,5331.330078125,5346.990234375,3692760000,5278.585277514698,4874.276736672086,False
4855,4456,2024-06-10,1,5341.22021484375,5365.7900390625,5331.52001953125,5360.7900390625,3622280000,5286.414302424013,4879.117665054081,False
4856,4457,2024-06-11,1,5353.0,5375.9501953125,5327.25,5375.31982421875,3568030000,5294.881494975893,4884.054999971143,False
4857,4458,2024-06-12,1,5409.1298828125,5447.25,5409.1298828125,5421.02978515625,3962840000,5306.895617850212,4889.398032659552,False
4858,4459,2024-06-13,1,5441.93017578125,5441.93017578125,5402.509765625,5433.740234375,3530380000,5318.9760575192395,4894.814372975129,False
4859,4460,2024-06-14,1,5424.080078125,5432.39013671875,5403.75,5431.60009765625,3438650000,5329.702156579907,4900.155524464494,False
4860,4461,2024-06-17,1,5431.10986328125,5488.5,5420.39990234375,5473.22998046875,3447840000,5343.371473140749,4905.857757857571,False
4861,4462,2024-06-18,1,5476.14990234375,5490.3798828125,5471.31982421875,5487.02978515625,3544330000,5357.053217142226,4911.64056409935,False
4862,4463,2024-06-20,1,5499.990234375,5505.52978515625,5455.56005859375,5473.169921875,3847060000,5368.111950926299,4917.227920893138,False
4863,4464,2024-06-21,1,5466.77001953125,5478.31005859375,5452.02978515625,5464.6201171875,6773800000,5377.303204855938,4922.67460941348,False
4864,4465,2024-06-24,1,5459.580078125,5490.66015625,5447.58984375,5447.8701171875,3696750000,5384.02386317323,4927.90043536148,False
4865,4466,2024-06-25,1,5460.72998046875,5472.8798828125,5446.56005859375,5469.2998046875,3591960000,5392.145381412684,4933.287493762734,False
4866,4467,2024-06-26,1,5460.7099609375,5483.14013671875,5451.8701171875,5477.89990234375,3563920000,5400.312478644215,4938.706522703839,False
4867,4468,2024-06-27,1,5473.58984375,5490.81005859375,5467.5400390625,5482.8701171875,3589530000,5408.175110886432,4944.1210858330305,False
4868,4469,2024-06-28,1,5488.47998046875,5523.64013671875,5451.1201171875,5460.47998046875,7199220000,5413.156527037129,4949.258985282142,False
4869,4470,2024-07-01,1,5471.080078125,5479.5498046875,5446.52978515625,5475.08984375,3488760000,5419.054938152642,4954.4911331275935,False
4870,4471,2024-07-02,1,5461.83984375,5509.68994140625,5458.43017578125,5509.009765625,3329950000,5427.622064578581,4960.008731460901,False
4871,4472,2024-07-03,1,5507.43994140625,5539.27001953125,5507.419921875,5537.02001953125,2179470000,5438.040917431215,4965.750137312348,False
4872,4473,2024-07-05,1,5537.91015625,5570.330078125,5531.6298828125,5567.18994140625,3253080000,5450.340824476456,4971.734612974974,False
4873,4474,2024-07-08,1,5572.75,5583.10986328125,5562.509765625,5572.85009765625,3185670000,5462.008374303103,4977.715861578768,False
4874,4475,2024-07-09,1,5584.240234375,5590.75,5574.56982421875,5576.97998046875,3232920000,5472.958051080783,4983.678688632401,False
4875,4476,2024-07-10,1,5591.259765625,5635.39013671875,5586.43994140625,5633.91015625,3336100000,5488.28682300166,4990.148653484317,False
4876,4477,2024-07-11,1,5635.2099609375,5642.4501953125,5576.52978515625,5584.5400390625,4020950000,5497.453795959836,4996.062995629374,False
4877,4478,2024-07-12,1,5590.759765625,5655.56005859375,5590.43994140625,5615.35009765625,3700280000,5508.682015169018,5002.22505634606,False
4878,4479,2024-07-15,1,5638.16015625,5666.93994140625,5614.75,5631.22021484375,3620470000,5520.352319899945,5008.483714639569,False
4879,4480,2024-07-16,1,5644.08984375,5669.669921875,5639.02001953125,5667.2001953125,4041760000,5534.337831843997,5015.038107482086,False
4880,4481,2024-07-17,1,5610.06982421875,5622.490234375,5584.81005859375,5588.27001953125,4246450000,5539.474230671354,5020.741907601979,False
4881,4482,2024-07-18,1,5608.56005859375,5614.0498046875,5522.81005859375,5544.58984375,4007510000,5539.96143191694,5025.954324877083,False
4882,4483,2024-07-19,1,5543.3701171875,5557.5,5497.0400390625,5505.0,3760570000,5536.631771734374,5030.7209485101475,False
4883,4484,2024-07-22,1,5544.5400390625,5570.35986328125,5529.0400390625,5564.41015625,3375180000,5539.277332164433,5036.031288885669,False
4884,4485,2024-07-23,1,5565.2998046875,5585.33984375,5550.89990234375,5555.740234375,3500210000,5540.845227613058,5041.2025221741205,False
4885,4486,2024-07-24,1,5505.83984375,5508.0400390625,5419.97998046875,5427.1298828125,3945550000,5530.01519477491,5045.042595414304,False
4886,4487,2024-07-25,1,5428.7001953125,5491.58984375,5390.9501953125,5399.22021484375,4592120000,5517.558530019562,5048.566750831513,False
4887,4488,2024-07-26,1,5433.669921875,5488.31982421875,5430.7001953125,5459.10009765625,3638770000,5511.991060270675,5052.651659755143,False
4888,4489,2024-07-29,1,5476.5498046875,5487.740234375,5444.43994140625,5463.5400390625,3379970000,5507.376677298467,5056.740101340291,False
4889,4490,2024-07-30,1,5478.72998046875,5489.4599609375,5401.7001953125,5436.43994140625,3777740000,5500.620797689684,5060.518209201645,False
4890,4491,2024-07-31,1,5505.58984375,5551.509765625,5493.75,5522.2998046875,4546910000,5502.68546502281,5065.1130509477725,False
4891,4492,2024-08-01,1,5537.83984375,5566.16015625,5410.419921875,5446.68017578125,4703620000,5497.351627952185,5068.909738757061,False
4892,4493,2024-08-02,1,5376.6298828125,5383.89013671875,5302.02978515625,5346.56005859375,5156450000,5482.990526108524,5071.67242850668,False
4893,4494,2024-08-05,1,5151.14013671875,5250.89013671875,5119.259765625,5186.330078125,5333250000,5454.737150110093,5072.813300642186,False
4894,4495,2024-08-06,1,5206.419921875,5312.33984375,5193.56005859375,5240.02978515625,4690190000,5434.288829638299,5074.477146259242,False
4895,4496,2024-08-07,1,5293.1298828125,5330.64013671875,5195.5400390625,5199.5,4558260000,5411.927988720366,5075.721154754175,False
4896,4497,2024-08-08,1,5252.56982421875,5328.02978515625,5233.85009765625,5319.31005859375,4016830000,5403.107233470211,5078.144924941634,False
4897,4498,2024-08-09,1,5314.66015625,5358.669921875,5300.83984375,5344.16015625,3516400000,5397.493226115906,5080.791842666095,False
4898,4499,2024-08-12,1,5351.8798828125,5371.2001953125,5324.3701171875,5344.39013671875,3360160000,5392.435789030462,5083.414711263635,False
4899,4500,2024-08-13,1,5376.97998046875,5436.5,5376.97998046875,5434.43017578125,3648980000,5396.435254435299,5086.907402452865,False
4900,4501,2024-08-14,1,5442.35986328125,5463.22021484375,5415.91015625,5455.2099609375,3380050000,5402.032845530746,5090.572104527339,False
4901,4502,2024-08-15,1,5501.1298828125,5546.22998046875,5501.1298828125,5543.22021484375,3723310000,5415.479261655794,5095.07606582402,False
4902,4503,2024-08-16,1,5530.5,5561.97998046875,5525.169921875,5554.25,3357690000,5428.695522450481,5099.644960691443,False
4903,4504,2024-08-19,1,5557.22998046875,5608.2998046875,5550.740234375,5608.25,3222050000,5445.795948883769,5104.70570735123,False
4904,4505,2024-08-20,1,5602.8798828125,5620.509765625,5585.5,5597.1201171875,2994420000,5460.207774436505,5109.605353220248,False
4905,4506,2024-08-21,1,5603.08984375,5632.68017578125,5591.56982421875,5620.85009765625,3119670000,5475.507043314577,5114.692365602696,False
4906,4507,2024-08-22,1,5637.77001953125,5643.22021484375,5560.9501953125,5570.64013671875,2981530000,5484.567337924498,5119.229159345145,False
4907,4508,2024-08-23,1,5602.490234375,5641.81982421875,5585.16015625,5634.60986328125,3291940000,5498.857102244189,5124.357325553465,False
4908,4509,2024-08-26,1,5639.66015625,5651.6201171875,5602.33984375,5616.83984375,2938570000,5510.093553816172,5129.25764911761,False
4909,4510,2024-08-27,1,5602.89013671875,5631.18017578125,5593.47998046875,5625.7998046875,2798990000,5521.113196756298,5134.19836708348,False
4910,4511,2024-08-28,1,5624.509765625,5627.02978515625,5560.9501953125,5592.18017578125,3053450000,5527.88148047296,5138.755400005846,False
4911,4512,2024-08-29,1,5607.2998046875,5646.9501953125,5583.7099609375,5591.9599609375,3065640000,5533.984192898154,5143.264898124569,False
4912,4513,2024-08-30,1,5612.740234375,5651.3701171875,5581.7900390625,5648.39990234375,4185850000,5544.880927131067,5148.291117072024,False
4913,4514,2024-09-03,1,5623.89013671875,5623.89013671875,5504.330078125,5528.93017578125,3866350000,5543.361807954894,5152.078570392513,False
4914,4515,2024-09-04,1,5506.68017578125,5552.990234375,5503.66015625,5520.06982421875,3478140000,5541.143523789547,5155.740174908197,False
4915,4516,2024-09-05,1,5520.080078125,5546.2998046875,5480.5400390625,5503.41015625,3521650000,5537.549869738161,5159.199577707619,False
4916,4517,2024-09-06,1,5507.330078125,5522.47021484375,5402.6201171875,5408.419921875,3822800000,5525.25177946548,5161.679382127195,False
4917,4518,2024-09-09,1,5442.06982421875,5484.2001953125,5434.490234375,5471.0498046875,3825940000,5520.089686629482,5164.757694789487,False
4918,4519,2024-09-10,1,5490.509765625,5497.91015625,5441.72021484375,5495.52001953125,3848180000,5517.749718334412,5168.048862199853,False
4919,4520,2024-09-11,1,5496.419921875,5560.41015625,5406.9599609375,5554.1298828125,3839450000,5521.214495903754,5171.890464395004,False
4920,4521,2024-09-12,1,5557.47998046875,5600.7099609375,5535.5,5595.759765625,3655070000,5528.314045401016,5176.108069382368,False
4921,4522,2024-09-13,1,5603.33984375,5636.27001953125,5601.64990234375,5626.02001953125,3500790000,5537.6193762705625,5180.584805204745,False
4922,4523,2024-09-16,1,5615.2099609375,5636.0498046875,5604.52978515625,5633.08984375,3437070000,5546.711801744795,5185.087342901714,False
4923,4524,2024-09-17,1,5655.509765625,5670.81005859375,5614.0498046875,5634.580078125,3443600000,5555.0802090191,5189.559907431299,False
4924,4525,2024-09-18,1,5641.68017578125,5689.75,5615.080078125,5618.259765625,3691390000,5561.097309648233,5193.825577662082,False
4925,4526,2024-09-19,1,5702.6298828125,5733.56982421875,5686.419921875,5713.64013671875,4024530000,5575.625197940663,5198.9978618318,False
4926,4527,2024-09-20,1,5709.64013671875,5715.14013671875,5674.490234375,5702.5498046875,7867260000,5587.713255726076,5204.008328924892,False
4927,4528,2024-09-23,1,5711.89990234375,5725.35986328125,5704.22021484375,5718.56982421875,3529550000,5600.175786058711,5209.128343803439,False
4928,4529,2024-09-24,1,5727.66015625,5735.31982421875,5698.990234375,5732.93017578125,3872710000,5612.819061270381,5214.340302330581,False
4929,4530,2024-09-25,1,5733.64990234375,5741.02978515625,5712.06005859375,5722.259765625,3624910000,5623.241985494631,5219.3942273384855,False
4930,4531,2024-09-26,1,5762.22021484375,5767.3701171875,5721.009765625,5745.3701171875,4391180000,5634.873236132047,5224.627818282257,False
4931,4532,2024-09-27,1,5755.35986328125,5763.77978515625,5727.33984375,5738.169921875,3898530000,5644.711015726614,5229.737689959797,False
4932,4533,2024-09-30,1,5726.52001953125,5765.14013671875,5703.52978515625,5762.47998046875,4425730000,5655.927107606818,5235.038608273319,False
4933,4534,2024-10-01,1,5757.72998046875,5757.72998046875,5681.27978515625,5708.75,4025180000,5660.957859263312,5239.752154459655,False
4934,4535,2024-10-02,1,5698.14013671875,5719.6298828125,5674.0,5709.5400390625,3829050000,5665.584733529901,5244.426660774111,False
4935,4536,2024-10-03,1,5698.18994140625,5718.77978515625,5677.3701171875,5699.93994140625,3597450000,5668.856658089554,5248.959131228163,False
4936,4537,2024-10-04,1,5737.47998046875,5753.2099609375,5702.830078125,5751.06982421875,3479400000,5676.686483435192,5253.955257526577,False
4937,4538,2024-10-07,1,5737.7998046875,5739.33984375,5686.85009765625,5695.93994140625,3637790000,5678.520146099102,5258.353115077619,False
4938,4539,2024-10-08,1,5719.14013671875,5757.60009765625,5714.56005859375,5751.1298828125,3393400000,5685.435359119426,5263.256366497866,False
4939,4540,2024-10-09,1,5751.7998046875,5796.7998046875,5745.02001953125,5792.0400390625,3650340000,5695.588185780671,5268.517895578111,False
4940,4541,2024-10-10,1,5778.35986328125,5795.02978515625,5764.759765625,5780.0498046875,3208790000,5703.632149486084,5273.607765320493,False
4941,4542,2024-10-11,1,5775.08984375,5822.1298828125,5775.08984375,5815.02978515625,3208720000,5714.241448121338,5278.995049099953,False
4942,4543,2024-10-14,1,5829.81005859375,5871.41015625,5829.56982421875,5859.85009765625,3005250000,5728.108938553235,5284.774701324393,False
4943,4544,2024-10-15,1,5866.740234375,5870.35986328125,5804.47998046875,5815.259765625,3882120000,5736.409017321975,5290.053159675644,False
4944,4545,2024-10-16,1,5816.580078125,5846.52001953125,5808.33984375,5842.47021484375,3467230000,5746.51008375262,5295.549846791744,False
4945,4546,2024-10-17,1,5875.6201171875,5878.4599609375,5840.25,5841.47021484375,3480010000,5755.553905761299,5300.981890254948,False
4946,4547,2024-10-18,1,5859.43017578125,5872.169921875,5846.10986328125,5864.669921875,3374490000,5765.945907295937,5306.590726390471,False
4947,4548,2024-10-21,1,5857.81982421875,5866.919921875,5824.7900390625,5853.97998046875,3407010000,5774.330104740967,5312.037385635032,False
4948,4549,2024-10-22,1,5832.7001953125,5863.0400390625,5821.169921875,5851.2001953125,3342080000,5781.651065747779,5317.402189711424,False
4949,4550,2024-10-23,1,5834.5,5834.85009765625,5762.41015625,5797.419921875,3532650000,5783.152861569419,5322.178485553848,False
4950,4551,2024-10-24,1,5817.7998046875,5817.7998046875,5784.919921875,5809.85986328125,3543030000,5785.696385541974,5327.031036576012,False
4951,4552,2024-10-25,1,5826.75,5862.81982421875,5799.97998046875,5808.1201171875,3501280000,5787.831979032025,5331.8179926019975,False
4952,4553,2024-10-28,1,5833.93017578125,5842.919921875,5823.080078125,5823.52001953125,3691280000,5791.230840031951,5336.710550083881,False
4953,4554,2024-10-29,1,5819.68017578125,5847.18994140625,5802.169921875,5832.919921875,3879100000,5795.2012287789075,5341.64795676837,False
4954,4555,2024-10-30,1,5832.64990234375,5850.93994140625,5811.27978515625,5813.669921875,3851120000,5796.960151930916,5346.344692739581,False
4955,4556,2024-10-31,1,5775.33984375,5775.33984375,5702.85986328125,5705.4501953125,4425660000,5788.244917967258,5349.917881819909,False
4956,4557,2024-11-01,1,5723.22021484375,5772.52001953125,5723.22021484375,5728.7998046875,3796450000,5782.58347860728,5353.687851201676,False
4957,4558,2024-11-04,1,5725.14990234375,5741.43017578125,5696.509765625,5712.68994140625,3602060000,5775.926951254801,5357.260011303214,False
4958,4559,2024-11-05,1,5722.43017578125,5783.43994140625,5722.10009765625,5782.759765625,3768310000,5776.577695480534,5361.493839704426,False
4959,4560,2024-11-06,1,5864.89013671875,5936.14013671875,5864.89013671875,5929.0400390625,6329530000,5791.097918678817,5367.141065568686,False
4960,4561,2024-11-07,1,5947.2099609375,5983.83984375,5947.2099609375,5973.10009765625,4925740000,5808.431459533811,5373.170508674035,False
4961,4562,2024-11-08,1,5976.759765625,6012.4501953125,5976.759765625,5995.5400390625,4666740000,5826.251324250829,5379.363240319692,False
4962,4563,2024-11-11,1,6008.85986328125,6017.31005859375,5986.68994140625,6001.35009765625,4333000000,5842.927397908488,5385.552164273289,False
4963,4564,2024-11-12,1,6003.60009765625,6009.919921875,5960.080078125,5983.990234375,4243400000,5856.361953762442,5391.506771935993,False
4964,4565,2024-11-13,1,5985.75,6008.18994140625,5965.91015625,5985.3798828125,4220180000,5868.649375576733,5397.415957118844,False
4965,4566,2024-11-14,1,5989.68017578125,5993.8798828125,5942.27978515625,5949.169921875,4184570000,5876.317999033711,5402.906046320398,False
4966,4567,2024-11-15,1,5912.7900390625,5915.31982421875,5853.009765625,5870.6201171875,4590960000,5875.775343619786,5407.55991767231,False
4967,4568,2024-11-18,1,5874.169921875,5908.1201171875,5865.9501953125,5893.6201171875,3983860000,5877.47484586433,5412.396337567983,False
4968,4569,2024-11-19,1,5870.0498046875,5923.509765625,5855.2900390625,5916.97998046875,4036940000,5881.237239636179,5417.417070333166,False
4969,4570,2024-11-20,1,5914.33984375,5920.669921875,5860.56005859375,5917.10986328125,3772620000,5884.653679983328,5422.389137924689,False
4970,4571,2024-11-21,1,5940.580078125,5963.31982421875,5887.259765625,5948.7099609375,4230120000,5890.75427816944,5427.626161039244,False
4971,4572,2024-11-22,1,5944.35986328125,5972.89990234375,5944.35986328125,5969.33984375,4141420000,5898.238617748541,5433.016346936864,False
4972,4573,2024-11-25,1,5992.27978515625,6020.75,5963.91015625,5987.3701171875,5633150000,5906.727331980823,5438.532304849806,False
4973,4574,2024-11-26,1,6000.02978515625,6025.419921875,5992.27001953125,6021.6298828125,3835170000,5917.67043206003,5444.3342707996835,False
4974,4575,2024-11-27,1,6014.10986328125,6020.16015625,5984.8701171875,5998.740234375,3363340000,5925.391365613837,5449.850748049189,False
4975,4576,2024-11-29,1,6003.97998046875,6044.169921875,6003.97998046875,6032.3798828125,2444420000,5935.5807482041855,5455.647057847829,False
4976,4577,2024-12-02,1,6040.10986328125,6053.580078125,6035.330078125,6047.14990234375,4412470000,5946.206381931763,5461.5326582905755,False
4977,4578,2024-12-03,1,6042.97021484375,6052.06982421875,6033.39013671875,6049.8798828125,4095000000,5956.080048682309,5467.3868595296,False
4978,4579,2024-12-04,1,6069.39013671875,6089.83984375,6061.06005859375,6086.490234375,4003390000,5968.500066367327,5473.547092115127,False
4979,4580,2024-12-05,1,6089.02978515625,6094.5498046875,6072.89990234375,6075.10986328125,4212020000,5978.653380359129,5479.532791330711,False
4980,4581,2024-12-06,1,6081.3798828125,6099.97021484375,6079.97998046875,6090.27001953125,3924830000,5989.28353647076,5485.60977867599,False
4981,4582,2024-12-09,1,6083.009765625,6088.509765625,6048.6298828125,6052.85009765625,4556460000,5995.337494678902,5491.253960954401,False
4982,4583,2024-12-10,1,6057.58984375,6065.39990234375,6029.89013671875,6034.91015625,4048410000,5999.106319590434,5496.663475335452,False
4983,4584,2024-12-11,1,6060.14990234375,6092.58984375,6060.14990234375,6084.18994140625,4269950000,6007.209521668131,5502.509509823719,False
4984,4585,2024-12-12,1,6074.2900390625,6079.68017578125,6051.25,6051.25,3678010000,6011.403852937833,5507.969614203583,False
4985,4586,2024-12-13,1,6068.169921875,6078.580078125,6035.77001953125,6051.08984375,3584960000,6015.18347111042,5513.373795592104,False
4986,4587,2024-12-16,1,6063.7900390625,6085.18994140625,6059.14013671875,6074.080078125,4391100000,6020.792671778475,5518.952962582482,False
4987,4588,2024-12-17,1,6052.5498046875,6057.68017578125,6035.18994140625,6050.60986328125,4544500000,6023.632404302549,5524.243080997395,False
4988,4589,2024-12-18,1,6047.64990234375,6070.669921875,5867.7900390625,5872.16015625,5246960000,6009.206475916591,5527.704942442695,False
4989,4590,2024-12-19,1,5912.7099609375,5935.52001953125,5866.06982421875,5867.080078125,4896880000,5995.670628507868,5531.08180946441,False
4990,4591,2024-12-20,1,5842.0,5982.06005859375,5832.2998046875,5930.85009765625,8223220000,5989.497244617238,5535.059603376767,False
4991,4592,2024-12-23,1,5940.25,5978.25,5902.56982421875,5974.06982421875,3593280000,5988.027966484048,5539.427864280668,False
4992,4593,2024-12-24,1,5984.6298828125,6040.10009765625,5981.43994140625,6040.0400390625,1757720000,5992.981497205806,5544.409079950138,False
4993,4594,2024-12-26,1,6024.97021484375,6049.75,6007.3701171875,6037.58984375,2904530000,5997.229911162396,5549.316351231729,False
4994,4595,2024-12-27,1,6006.169921875,6006.169921875,5932.9501953125,5970.83984375,3159610000,5994.716571408834,5553.510614838876,False
4995,4596,2024-12-30,1,5920.669921875,5940.7900390625,5869.16015625,5906.93994140625,3433250000,5986.356892360969,5557.027324555964,False
4996,4597,2024-12-31,1,5919.740234375,5929.740234375,5868.85986328125,5881.6298828125,3128350000,5976.382891451592,5560.257200757522,False
4997,4598,2025-01-02,1,5903.259765625,5935.08984375,5829.52978515625,5868.5498046875,3621680000,5966.113073664535,5563.324788856327,False
4998,4599,2025-01-03,1,5891.06982421875,5949.33984375,5888.66015625,5942.47021484375,3667340000,5963.86137282446,5567.097380159686,False
4999,4600,2025-01-06,1,5982.81005859375,6021.0400390625,5960.009765625,5975.3798828125,4940120000,5964.958373775702,5571.159892623893,False
5000,4601,2025-01-07,1,5993.259765625,6000.68017578125,5890.68017578125,5909.02978515625,4517330000,5959.63184152623,5574.521782101828,False
5001,4602,2025-01-08,1,5910.66015625,5927.89013671875,5874.77978515625,5918.25,4441740000,5955.690713761827,5577.9419633744465,False
5002,4603,2025-01-10,1,5890.35009765625,5890.35009765625,5807.77978515625,5827.0400390625,4751930000,5943.438268552368,5580.420551192238,False
5003,4604,2025-01-13,1,5782.02001953125,5838.60986328125,5773.31005859375,5836.22021484375,4421200000,5933.227025342023,5582.965821477328,False
5004,4605,2025-01-14,1,5859.27001953125,5871.919921875,5805.419921875,5842.91015625,4142280000,5924.625418761831,5585.552332271086,False
5005,4606,2025-01-15,1,5905.2099609375,5960.60986328125,5905.2099609375,5949.91015625,4544570000,5927.033488998799,5589.177783255951,False
5006,4607,2025-01-16,1,5963.60986328125,5964.68994140625,5930.72021484375,5937.33984375,4285810000,5928.0150465941515,5592.642082365344,False
5007,4608,2025-01-17,1,5995.39990234375,6014.9599609375,5978.43994140625,5996.66015625,4366830000,5934.552676085184,5596.662162702505,False
5008,4609,2025-01-21,1,6014.1201171875,6051.509765625,6006.8798828125,6049.240234375,4702920000,5945.475300684215,5601.165427097257,False
5009,4610,2025-01-22,1,6081.39013671875,6100.81005859375,6076.1298828125,6086.3701171875,4323040000,5958.893854636909,5605.993334461339,False
5010,4611,2025-01-23,1,6076.31982421875,6118.72998046875,6074.669921875,6118.7099609375,4432250000,5974.114436189347,5611.094992436227,False
5011,4612,2025-01-24,1,6121.43017578125,6128.18017578125,6088.740234375,6101.240234375,4214250000,5986.221655064171,5615.972059520195,False
5012,4613,2025-01-27,1,5969.0400390625,6017.169921875,5962.919921875,6012.27978515625,5198750000,5988.703381739607,5619.915419974285,False
5013,4614,2025-01-28,1,6026.97021484375,6074.5400390625,5994.6298828125,6067.7001953125,4473640000,5996.226887794168,5624.370989878148,False
5014,4615,2025-01-29,1,6057.7001953125,6062.830078125,6012.9599609375,6039.31005859375,4115310000,6000.330046917938,5628.499736830543,False
5015,4616,2025-01-30,1,6050.75,6086.64013671875,6027.4599609375,6071.169921875,4634620000,6007.076701675754,5632.904415288697,False
5016,4617,2025-01-31,1,6096.7900390625,6120.91015625,6030.93017578125,6040.52978515625,4843770000,6010.262709626277,5636.960389118225,False
5017,4618,2025-02-03,1,5969.64990234375,6022.1298828125,5923.93017578125,5994.56982421875,4797210000,6008.768149111274,5640.518691955046,False
5018,4619,2025-02-04,1,5998.14013671875,6042.47998046875,5990.8701171875,6037.8798828125,4410160000,6011.540695178058,5644.4725346501455,False
5019,4620,2025-02-05,1,6020.4501953125,6062.85986328125,6007.06005859375,6061.47998046875,4756250000,6016.296817586695,5648.6218624692365,False
5020,4621,2025-02-06,1,6072.22021484375,6084.02978515625,6046.830078125,6083.56982421875,4847120000,6022.7037705992725,5652.949702884655,False
5021,4622,2025-02-07,1,6083.1298828125,6101.27978515625,6019.9599609375,6025.990234375,4766900000,6023.016767149342,5656.661548969137,False
5022,4623,2025-02-10,1,6046.39990234375,6073.3798828125,6044.83984375,6066.43994140625,4458760000,6027.152307554761,5660.73894590881,False
5023,4624,2025-02-11,1,6049.31982421875,6076.27978515625,6042.33984375,6068.5,4324880000,6031.090183025736,5664.796269830115,False
5024,4625,2025-02-12,1,6025.080078125,6063.0,6003.0,6051.97021484375,4627960000,6033.0787574845945,5668.648746894927,False
5025,4626,2025-02-13,1,6060.58984375,6116.91015625,6050.9501953125,6115.06982421875,4763800000,6040.887430506895,5673.090747664319,False
5026,4627,2025-02-14,1,6115.52001953125,6127.47021484375,6107.6201171875,6114.6298828125,4335190000,6047.910521202667,5677.484171894649,False
5027,4628,2025-02-18,1,6121.60009765625,6129.6298828125,6099.509765625,6129.580078125,4684980000,6055.688574242889,5681.98263862331,False
5028,4629,2025-02-19,1,6117.759765625,6147.43017578125,6111.14990234375,6144.14990234375,4562330000,6064.113462633448,5686.581317864309,False
5029,4630,2025-02-20,1,6134.5,6134.5,6084.58984375,6117.52001953125,4813690000,6069.19980138562,5690.869265144578,False
5030,4631,2025-02-21,1,6114.10009765625,6114.81982421875,6008.56005859375,6013.1298828125,5434560000,6063.859809140561,5694.075838454707,False
5031,4632,2025-02-24,1,6026.68994140625,6043.64990234375,5977.830078125,5983.25,4990120000,6056.1826844605075,5696.953193295954,False
5032,4633,2025-02-25,1,5982.72998046875,5992.64990234375,5908.490234375,5955.25,5374690000,6046.570047845222,5699.523310775597,False
5033,4634,2025-02-26,1,5970.8701171875,6009.81982421875,5932.68994140625,5956.06005859375,4869580000,6037.950048868892,5702.0759152314995,False
5034,4635,2025-02-27,1,5981.8798828125,5993.68994140625,5858.77978515625,5861.56982421875,5057680000,6021.151932235545,5703.662919301024,False
5035,4636,2025-02-28,1,5856.740234375,5959.39990234375,5837.66015625,5954.5,6441140000,6014.804129165494,5706.158810651263,False
5036,4637,2025-03-03,1,5968.330078125,5986.08984375,5810.91015625,5849.72021484375,5613850000,5999.081851611042,5707.58728233477,False
5037,4638,2025-03-04,1,5811.97998046875,5865.080078125,5732.58984375,5778.14990234375,6138110000,5978.040713585586,5708.28939795675,False
5038,4639,2025-03-05,1,5781.35986328125,5860.58984375,5742.35009765625,5842.6298828125,5285970000,5965.144443988149,5709.626119199096,False
5039,4640,2025-03-06,1,5785.8701171875,5812.080078125,5711.64013671875,5738.52001953125,5165080000,5943.5611654684435,5709.913620694939,False
5040,4641,2025-03-07,1,5726.009765625,5783.009765625,5666.2900390625,5770.2001953125,5705140000,5927.0505968821635,5710.513487109044,False
5041,4642,2025-03-10,1,5705.3701171875,5705.3701171875,5564.02001953125,5614.56005859375,6409370000,5897.289593235648,5709.558726626305,False
5042,4643,2025-03-11,1,5603.64990234375,5636.2998046875,5528.41015625,5572.06982421875,6221240000,5866.316281900705,5708.19067784613,False
5043,4644,2025-03-12,1,5624.83984375,5642.18994140625,5546.08984375,5599.2998046875,5219830000,5840.886141213733,5707.107186570919,False
5044,4645,2025-03-13,1,5594.4501953125,5597.77978515625,5504.64990234375,5521.52001953125,5018980000,5810.470320101116,5705.260548092913,False
5045,4646,2025-03-14,1,5563.85009765625,5645.27001953125,5563.85009765625,5638.93994140625,4863180000,5794.134093558748,5704.600641558718,False
5046,4647,2025-03-17,1,5635.60009765625,5703.52001953125,5631.1201171875,5675.1201171875,5031770000,5782.799429142438,5704.307303007761,False
5047,4648,2025-03-18,1,5654.52978515625,5654.52978515625,5597.759765625,5614.66015625,4666270000,5766.786165057444,5703.415291597236,False
5048,4649,2025-03-19,1,5632.3701171875,5715.330078125,5622.2001953125,5675.2900390625,4660090000,5758.072248296021,5703.135438338184,False
5049,4650,2025-03-20,1,5646.919921875,5711.14990234375,5632.330078125,5662.89013671875,4678420000,5749.007285288662,5702.734987575802,False
5050,4651,2025-03-21,1,5630.72998046875,5670.83984375,5603.10009765625,5667.56005859375,9367460000,5741.250406555813,5702.384988282448,False
5051,4652,2025-03-24,1,5718.080078125,5775.14013671875,5718.080078125,5767.56982421875,4517990000,5743.757017761807,5703.033593615148,False
5052,4653,2025-03-25,1,5775.9599609375,5786.9501953125,5760.419921875,5776.64990234375,4467340000,5746.889673436278,5703.766094199512,False
5053,4654,2025-03-26,1,5771.66015625,5783.6201171875,5694.41015625,5712.2001953125,4183140000,5743.585913614967,5703.850015603622,False
5054,4655,2025-03-27,1,5695.64013671875,5732.27978515625,5670.93994140625,5693.31005859375,4403460000,5738.797736946279,5703.745140409494,False
5055,4656,2025-03-28,1,5679.2001953125,5685.89013671875,5572.419921875,5580.93994140625,4513330000,5723.763661180561,5702.523198130855,False
5056,4657,2025-03-31,1,5527.91015625,5627.56005859375,5488.72998046875,5611.85009765625,5257250000,5713.105226559198,5701.620978225636,False
5057,4658,2025-04-01,1,5597.52978515625,5650.56982421875,5558.52001953125,5633.06982421875,4434500000,5705.4828072886785,5700.938877190741,False
5058,4659,2025-04-02,1,5580.759765625,5695.31005859375,5571.47998046875,5670.97021484375,4243830000,5702.195893722495,5700.6406815454975,False
5059,4660,2025-04-03,1,5492.740234375,5499.52978515625,5390.830078125,5396.52001953125,7210470000,5673.083905704281,5697.61460530655,False
5060,4661,2025-04-04,1,5292.14013671875,5292.14013671875,5069.89990234375,5074.080078125,8853500000,5616.035922125303,5691.410281653003,False
5061,4662,2025-04-07,1,4953.7900390625,5246.56982421875,4835.0400390625,5062.25,8691980000,5563.294405732417,5685.149980343023,False
5062,4663,2025-04-08,1,5193.56982421875,5267.47021484375,4910.419921875,4982.77001953125,7408140000,5508.006368951354,5678.161125011563,False
5063,4664,2025-04-09,1,4965.27978515625,5481.33984375,4948.43017578125,5456.89990234375,9489600000,5503.139086417296,5675.959520805913,False
5064,4665,2025-04-10,1,5353.14990234375,5353.14990234375,5115.27001953125,5268.0498046875,6677140000,5480.749631014458,5671.9007176604555,False
5065,4666,2025-04-11,1,5255.56005859375,5381.4599609375,5220.77001953125,5363.35986328125,5602550000,5469.569653135105,5668.830659407926,False
5066,4667,2025-04-14,1,5441.9599609375,5459.4599609375,5358.02001953125,5405.97021484375,5031440000,5463.512563774024,5666.215132596342,False
5067,4668,2025-04-15,1,5411.990234375,5450.41015625,5386.43994140625,5396.6298828125,4317110000,5457.1427846348315,5663.532692299986,False
5068,4669,2025-04-16,1,5335.75,5367.240234375,5220.7900390625,5275.7001953125,4607750000,5439.862538032705,5659.673662479215,False
5069,4670,2025-04-17,1,5305.4501953125,5328.31005859375,5255.580078125,5282.7001953125,4714880000,5424.894695868876,5655.922682706412,False
5070,4671,2025-04-21,1,5232.93994140625,5232.93994140625,5101.6298828125,5158.2001953125,4226340000,5399.495219625411,5650.970220145279,False
5071,4672,2025-04-22,1,5207.669921875,5309.60986328125,5207.669921875,5287.759765625,4666950000,5388.853747815848,5647.356185771943,False
5072,4673,2025-04-23,1,5395.919921875,5469.68994140625,5356.169921875,5375.85986328125,5371390000,5387.616235003029,5644.654729826762,False
5073,4674,2025-04-24,1,5381.3798828125,5489.39990234375,5371.9599609375,5484.77001953125,4697710000,5396.86897638667,5643.063837187006,False
5074,4675,2025-04-25,1,5489.72998046875,5528.10986328125,5455.85986328125,5525.2099609375,4236580000,5409.091927296273,5641.89116180144,False
5075,4676,2025-04-28,1,5529.22021484375,5553.66015625,5468.64013671875,5528.75,4257880000,5420.487934220438,5640.765379096948,False
5076,4677,2025-04-29,1,5508.8701171875,5571.9501953125,5505.7001953125,5560.830078125,4747150000,5433.853852687538,5639.970002967874,False
5077,4678,2025-04-30,1,5499.43994140625,5581.83984375,5433.240234375,5569.06005859375,5449490000,5446.730634202416,5639.264431382062,False
5078,4679,2025-05-01,1,5625.14013671875,5658.91015625,5597.35009765625,5604.14013671875,4935270000,5461.722015394447,5638.914935912775,False
5079,4680,2025-05-02,1,5645.8798828125,5700.7001953125,5642.27978515625,5686.669921875,4854380000,5483.145625535452,5639.39010990245,False
5080,4681,2025-05-05,1,5655.31982421875,5683.3798828125,5634.47998046875,5650.3798828125,4358260000,5499.072697657077,5639.499460876679,False
5081,4682,2025-05-06,1,5605.8701171875,5649.580078125,5586.0400390625,5606.91015625,4717260000,5509.342931808784,5639.175189188852,False
5082,4683,2025-05-07,1,5614.18017578125,5654.72998046875,5578.64013671875,5631.27978515625,4987440000,5520.955965460924,5639.0966279546965,False
5083,4684,2025-05-08,1,5663.60009765625,5720.10009765625,5635.3798828125,5663.93994140625,5627400000,5534.573486979526,5639.343825103469,False
5084,4685,2025-05-09,1,5679.64990234375,5691.68994140625,5644.14990234375,5659.91015625,4645090000,5546.510312624333,5639.54846521438,False
5085,4686,2025-05-12,1,5807.2001953125,5845.3701171875,5786.080078125,5844.18994140625,6014580000,5574.860753460706,5641.5846988083285,False
5086,4687,2025-05-13,1,5854.14990234375,5906.64013671875,5845.02001953125,5886.5498046875,5516290000,5604.545425006116,5644.02216254842,False
5087,4688,2025-05-14,1,5896.740234375,5906.5498046875,5872.10986328125,5892.580078125,5233450000,5631.977296731724,5646.495375638735,False
5088,4689,2025-05-15,1,5869.81982421875,5924.2099609375,5865.16015625,5916.93017578125,4991290000,5659.115666165013,5649.186269172492,False
5089,4690,2025-05-16,1,5929.08984375,5958.6201171875,5907.35986328125,5958.3798828125,4850850000,5687.617020131441,5652.262822542044,False
5090,4691,2025-05-19,1,5902.8798828125,5968.60986328125,5895.68994140625,5963.60009765625,4144010000,5713.901122752851,5655.360705876514,False
5091,4692,2025-05-20,1,5944.66015625,5953.06005859375,5909.259765625,5940.4599609375,4416850000,5735.478154960912,5658.197514384584,False
5092,4693,2025-05-21,1,5910.18017578125,5938.3701171875,5830.91015625,5844.60986328125,5254250000,5745.871650991421,5660.0523636273365,False
5093,4694,2025-05-22,1,5841.259765625,5878.080078125,5825.81982421875,5842.009765625,5157050000,5755.0276619089045,5661.862885040249,False
5094,4695,2025-05-23,1,5781.89013671875,5829.509765625,5767.41015625,5802.81982421875,4662820000,5759.579296414604,5663.26544164899,False
5095,4696,2025-05-27,1,5854.06982421875,5924.330078125,5854.06982421875,5921.5400390625,5366380000,5775.004129047737,5665.835338140667,False
5096,4697,2025-05-28,1,5925.5400390625,5939.919921875,5881.8798828125,5888.5498046875,4665050000,5785.81800291819,5668.051402484417,False
5097,4698,2025-05-29,1,5939.9599609375,5943.1298828125,5873.7998046875,5912.169921875,4569750000,5797.851519009315,5670.480442478353,False
5098,4699,2025-05-30,1,5903.669921875,5922.14013671875,5843.66015625,5911.68994140625,6378540000,5808.6932735233095,5672.880536995049,False
5099,4700,2025-06-02,1,5896.68017578125,5937.39990234375,5861.43017578125,5935.93994140625,4832240000,5820.812003797875,5675.498043506603,False
5100,4701,2025-06-03,1,5938.56005859375,5981.35009765625,5929.0,5970.3701171875,5026680000,5835.055633644506,5678.43209399099,False
5101,4702,2025-06-04,1,5978.93994140625,5990.47998046875,5966.10986328125,5970.81005859375,4767050000,5847.984626496815,5681.341327469625,False
5102,4703,2025-06-05,1,5985.669921875,5999.7001953125,5921.2001953125,5939.2998046875,5091850000,5856.681310134023,5683.908078486718,False
5103,4704,2025-06-06,1,5987.06005859375,6016.8701171875,5978.6298828125,6000.35986328125,4355710000,5870.364981862331,5687.056852464773,False
5104,4705,2025-06-09,1,6004.6298828125,6021.31005859375,5994.18017578125,6005.8798828125,4642360000,5883.271162905204,5690.229220925945,False
5105,4706,2025-06-10,1,6009.91015625,6043.009765625,6000.27978515625,6038.81005859375,4882880000,5898.084391066018,5693.697686972391,False
5106,4707,2025-06-11,1,6049.3798828125,6059.39990234375,6002.31982421875,6022.240234375,5111550000,5909.908757095445,5696.9667670460485,False
5107,4708,2025-06-12,1,6009.89990234375,6045.43017578125,6003.8798828125,6045.259765625,4669500000,5922.799329336355,5700.432369021959,False
5108,4709,2025-06-13,1,6000.56005859375,6026.16015625,5963.2099609375,5976.97021484375,5258910000,5927.9584612894405,5703.183989378395,False
5109,4710,2025-06-16,1,6004.0,6050.830078125,6004.0,6033.10986328125,5111710000,5937.972880526756,5706.466833894842,False
5110,4711,2025-06-17,1,6012.14990234375,6023.25,5974.7998046875,5982.72021484375,4955700000,5942.234531414089,5709.215623755031,False
5111,4712,2025-06-18,1,5987.93017578125,6018.25,5971.89013671875,5980.8701171875,5106470000,5945.914111011557,5711.918653540429,False
5112,4713,2025-06-20,1,5999.669921875,6018.2001953125,5952.56005859375,5967.83984375,7451500000,5948.002276034265,5714.4651330450015,False
5113,4714,2025-06-23,1,5969.669921875,6028.77001953125,5943.22998046875,6025.169921875,5597000000,5955.351575638146,5717.556722983609,False
5114,4715,2025-06-24,1,6061.2099609375,6101.759765625,6059.25,6092.18017578125,5443690000,5968.38287088987,5721.28431952886,False
5115,4716,2025-06-25,1,6104.22998046875,6108.509765625,6080.08984375,6092.16015625,5171110000,5980.171183781311,5724.974626361906,False
5116,4717,2025-06-26,1,6112.08984375,6146.52001953125,6107.27001953125,6141.02001953125,5308140000,5995.490120519401,5729.114381517821,False
5117,4718,2025-06-27,1,6150.7001953125,6187.68017578125,6132.35009765625,6173.06982421875,7889350000,6012.402473252672,5733.531848609373,False
5118,4719,2025-06-30,1,6193.35986328125,6215.080078125,6174.97021484375,6204.9501953125,5782900000,6030.740351544084,5738.222578427314,False
5119,4720,2025-07-01,1,6187.25,6210.77978515625,6177.97021484375,6198.009765625,6275310000,6046.670771932742,5742.797575314854,False
5120,4721,2025-07-02,1,6193.8798828125,6227.60009765625,6188.2900390625,6227.419921875,5645710000,6063.884976689148,5747.61968821595,False
5121,4722,2025-07-03,1,6246.4599609375,6284.64990234375,6246.4599609375,6279.35009765625,3378110000,6084.405464400301,5752.910538061127,False
5122,4723,2025-07-07,1,6259.0400390625,6262.06982421875,6201.0,6229.97998046875,5236740000,6098.269704025867,5757.657497687073,False
5123,4724,2025-07-08,1,6234.02978515625,6242.7001953125,6217.75,6225.52001953125,5739030000,6110.388781693046,5762.312846163135,False
5124,4725,2025-07-09,1,6243.330078125,6269.16015625,6231.43017578125,6263.259765625,4813340000,6124.9479230198995,5767.297392625442,False
5125,4726,2025-07-10,1,6266.7998046875,6290.22021484375,6251.43994140625,6280.4599609375,5367350000,6139.758593297766,5772.403487832527,False
5126,4727,2025-07-11,1,6255.68017578125,6269.43994140625,6237.60009765625,6259.75,4656210000,6151.186346317027,5777.252706859069,False
5127,4728,2025-07-14,1,6255.14990234375,6273.31005859375,6239.22021484375,6268.56005859375,4722250000,6162.364795105286,5782.141337224589,False
5128,4729,2025-07-15,1,6295.2900390625,6302.0400390625,6241.68017578125,6243.759765625,5133670000,6170.116697059544,5786.734555417628,False
5129,4730,2025-07-16,1,6254.5,6268.1201171875,6201.58984375,6263.7001953125,5177460000,6179.0294111788735,5791.480482182752,False
5130,4731,2025-07-17,1,6263.39990234375,6304.68994140625,6262.27001953125,6297.35986328125,5512290000,6190.2989780457665,5796.514107865325,False
5131,4732,2025-07-18,1,6312.9501953125,6315.60986328125,6285.27001953125,6296.7900390625,5184700000,6200.4409838568845,5801.491977827486,False
5132,4733,2025-07-21,1,6304.740234375,6336.080078125,6303.7900390625,6305.60009765625,5010840000,6210.4561375520625,5806.507979019812,False
5133,4734,2025-07-22,1,6306.60009765625,6316.1201171875,6281.7099609375,6309.6201171875,5662040000,6219.90032608877,5811.514069946855,False
5134,4735,2025-07-23,1,6326.89990234375,6360.64013671875,6317.490234375,6358.91015625,5642510000,6233.1393575326965,5816.960797173752,False
5135,4736,2025-07-24,1,6368.60009765625,6381.31005859375,6360.56982421875,6363.35009765625,5282720000,6245.540380401606,5822.39750663129,False
5136,4737,2025-07-25,1,6370.009765625,6395.81982421875,6368.52978515625,6388.64013671875,4470720000,6259.168928622286,5828.0317616570355,False
5137,4738,2025-07-28,1,6397.68994140625,6401.06982421875,6375.7900390625,6389.77001953125,4565620000,6271.607127756473,5833.621197058769,False
5138,4739,2025-07-29,1,6405.6201171875,6409.259765625,6363.919921875,6370.85986328125,5076120000,6281.059769235024,5838.966855429142,False
5139,4740,2025-07-30,1,6381.22998046875,6396.5400390625,6336.3798828125,6362.89990234375,5375070000,6288.854067626331,5844.180119577546,False
5140,4741,2025-07-31,1,6427.02001953125,6427.02001953125,6327.64013671875,6339.39013671875,6077080000,6293.667026587515,5849.107582434673,False
5141,4742,2025-08-01,1,6287.27978515625,6287.27978515625,6212.68994140625,6238.009765625,5827150000,6288.366335067276,5852.977255899254,False
5142,4743,2025-08-04,1,6271.7099609375,6330.68994140625,6271.7099609375,6329.93994140625,4842580000,6292.325726147178,5857.723153267483,False
5143,4744,2025-08-05,1,6336.6298828125,6346.0,6289.3701171875,6299.18994140625,5517410000,6292.979460933757,5862.115857627074,False
5144,4745,2025-08-06,1,6309.2998046875,6352.830078125,6301.10986328125,6345.06005859375,5408560000,6297.939517853756,5866.9212725620655,False
5145,4746,2025-08-07,1,6374.31982421875,6389.7099609375,6310.31982421875,6340.0,5306090000,6301.9452780581605,5871.628523581348,False
5146,4747,2025-08-08,1,6355.22021484375,6395.16015625,6355.22021484375,6389.4501953125,4769910000,6310.279079701431,5876.780978026434,False
5147,4748,2025-08-11,1,6389.669921875,6407.25,6364.06005859375,6373.4501953125,4652400000,6316.295376426295,5881.722960287988,False
5148,4749,2025-08-12,1,6395.169921875,6446.5498046875,6385.759765625,6445.759765625,5135300000,6328.6253182547425,5887.335266808755,False
5149,4750,2025-08-13,1,6462.669921875,6480.27978515625,6445.02001953125,6466.580078125,5195950000,6341.763866813815,5893.0988967721005,False
5150,4751,2025-08-14,1,6453.4599609375,6473.919921875,6441.06982421875,6468.5400390625,4462050000,6353.837787980357,5898.824679282453,False
5151,4752,2025-08-15,1,6477.3798828125,6481.33984375,6441.85009765625,6449.7998046875,4575060000,6362.977027666751,5904.307018838722,False
5152,4753,2025-08-18,1,6445.02001953125,6455.35009765625,6437.7001953125,6449.14990234375,4162290000,6371.18396811218,5909.728341062653,False
5153,4754,2025-08-19,1,6446.240234375,6456.47998046875,6400.22021484375,6411.3701171875,4377440000,6375.011220405067,5914.719801521607,False
5154,4755,2025-08-20,1,6406.6201171875,6408.39990234375,6343.85986328125,6395.77978515625,4470390000,6376.989178952799,5919.506468025435,False
5155,4756,2025-08-21,1,6380.830078125,6393.64990234375,6352.7099609375,6370.169921875,4013560000,6376.33972589777,5923.990681496575,False
5156,4757,2025-08-22,1,6384.58984375,6478.89013671875,6384.58984375,6466.91015625,5046860000,6384.965481169412,5929.392865324969,False
5157,4758,2025-08-25,1,6457.669921875,6466.89013671875,6438.06005859375,6439.31982421875,4059070000,6390.142085269349,5934.466765413465,False
5158,4759,2025-08-26,1,6435.490234375,6468.3701171875,6429.2099609375,6465.93994140625,4867680000,6397.360928710958,5939.75505572185,False
5159,4760,2025-08-27,1,6462.259765625,6487.06005859375,6457.83984375,6481.39990234375,4143680000,6405.36464048551,5945.144556683262,False
5160,4761,2025-08-28,1,6483.83984375,6508.22998046875,6466.9599609375,6501.85986328125,4283760000,6414.554661704152,5950.684012470307,False
5161,4762,2025-08-29,1,6489.27978515625,6491.759765625,6444.56982421875,6460.259765625,4234840000,6418.907528744233,5955.7544179743345,False
5162,4763,2025-09-02,1,6401.509765625,6416.5400390625,6360.580078125,6415.5400390625,4784000000,6418.586815441211,5960.329399278695,False
5163,4764,2025-09-03,1,6445.81982421875,6453.669921875,6416.169921875,6448.259765625,4465360000,6421.41281069681,5965.184427799554,False
5164,4765,2025-09-04,1,6456.60009765625,6502.5400390625,6445.97998046875,6502.080078125,4670770000,6429.095407594733,5970.526673076424,False
5165,4766,2025-09-05,1,6529.080078125,6532.64990234375,6443.97998046875,6481.5,5066120000,6434.0863211571395,5975.610984787107,False
5166,4767,2025-09-08,1,6498.08984375,6508.669921875,6483.2900390625,6495.14990234375,5211500000,6439.901900317769,5980.780526255332,False
5167,4768,2025-09-09,1,6503.330078125,6518.22998046875,6483.080078125,6512.60986328125,4798350000,6446.826468219053,5986.072360454595,False
5168,4769,2025-09-10,1,6550.2900390625,6555.97021484375,6516.33984375,6532.0400390625,5253010000,6454.942046394619,5991.504874669599,False
5169,4770,2025-09-11,1,6554.41015625,6592.89013671875,6545.7998046875,6587.47021484375,5426460000,6467.563776723107,5997.434878054417,False
5170,4771,2025-09-12,1,6590.66015625,6600.2099609375,6579.490234375,6584.2900390625,4641640000,6478.680563612574,6003.274232890319,False
5171,4772,2025-09-15,1,6603.490234375,6619.6201171875,6602.06982421875,6615.27978515625,5045020000,6491.6900132834,6009.363840375552,False
5172,4773,2025-09-16,1,6624.1298828125,6626.990234375,6600.10986328125,6606.759765625,5359510000,6502.649037315933,6015.308078437736,False
5173,4774,2025-09-17,1,6604.8701171875,6624.39013671875,6551.14990234375,6600.35009765625,5805340000,6511.953900205487,6021.129392061801,False
5174,4775,2025-09-18,1,6626.85009765625,6656.7998046875,6611.89013671875,6631.9599609375,5292400000,6523.383048846631,6027.207308170017,False
5175,4776,2025-09-19,1,6647.10986328125,6671.81982421875,6630.31005859375,6664.35986328125,9125960000,6536.809412126119,6033.547134589035,False
5176,4777,2025-09-22,1,6654.27978515625,6698.8798828125,6648.06982421875,6693.75,5642620000,6551.756134780775,6040.116317329443,False
5177,4778,2025-09-23,1,6692.43994140625,6699.52001953125,6645.580078125,6656.919921875,5633620000,6561.771733551654,6046.253666628404,False
5178,4779,2025-09-24,1,6669.7900390625,6672.66015625,6621.759765625,6637.97021484375,5459180000,6569.0287317699485,6052.141393476319,False
5179,4780,2025-09-25,1,6608.18994140625,6619.0,6569.22021484375,6604.72021484375,5874670000,6572.42792063412,6057.6396902063425,False
5180,4781,2025-09-26,1,6615.3798828125,6648.97021484375,6604.43017578125,6643.7001953125,5103110000,6579.215756317775,6063.471138018344,False
5181,4782,2025-09-29,1,6661.580078125,6677.31005859375,6644.490234375,6661.2099609375,5358760000,6587.024728186321,6069.41878799764,False
5182,4783,2025-09-30,1,6656.18994140625,6691.25,6641.0,6688.4599609375,6057210000,6596.685226543576,6075.578401658733,False
5183,4784,2025-10-01,1,6664.919921875,6718.47998046875,6656.2001953125,6711.2001953125,6037950000,6607.591414045379,6081.9029966204625,False
5184,4785,2025-10-02,1,6731.31005859375,6731.93994140625,6693.22998046875,6715.35009765625,5416130000,6617.854145817842,6088.205952849675,False
5185,4786,2025-10-03,1,6722.14013671875,6750.8701171875,6705.669921875,6715.7900390625,5713110000,6627.181373745905,6094.450570622937,False
5186,4787,2025-10-06,1,6733.85986328125,6749.52001953125,6717.77978515625,6740.27978515625,5604460000,6637.952651023081,6100.876731961577,False
5187,4788,2025-10-07,1,6746.14013671875,6754.490234375,6699.9599609375,6714.58984375,5546150000,6645.251431282787,6106.983330088826,False
5188,4789,2025-10-08,1,6723.8701171875,6755.64013671875,6718.08984375,6753.72021484375,5383130000,6655.581791621926,6113.41852297196,False
5189,4790,2025-10-09,1,6760.5,6764.580078125,6716.169921875,6735.10986328125,5385020000,6663.155893684718,6119.604506457625,False
5190,4791,2025-10-10,1,6740.490234375,6762.39990234375,6550.77978515625,6552.509765625,6596610000,6652.618167202841,6123.912021474216,False
5191,4792,2025-10-13,1,6622.52978515625,6668.68017578125,6620.7099609375,6654.72021484375,5303960000,6652.8183622162605,6129.193695040082,False
5192,4793,2025-10-14,1,6602.490234375,6680.7001953125,6555.06982421875,6644.31005859375,5666920000,6652.008047585545,6134.31923099584,False
5193,4794,2025-10-15,1,6688.27001953125,6724.1201171875,6612.10986328125,6671.06005859375,5633060000,6653.822524824422,6139.659935748059,False
5194,4795,2025-10-16,1,6689.02001953125,6709.33984375,6593.990234375,6629.06982421875,6048180000,6651.465124766739,6144.529685882097,False
5195,4796,2025-10-17,1,6613.27001953125,6678.8798828125,6603.759765625,6664.009765625,5358120000,6652.659852467526,6149.698641899439,False
5196,4797,2025-10-20,1,6690.0498046875,6744.35009765625,6690.0498046875,6735.1298828125,4672170000,6660.51414107181,6155.523828376186,False
5197,4798,2025-10-21,1,6736.75,6752.16015625,6722.02978515625,6735.35009765625,5245020000,6667.641375032233,6161.293243990914,False
5198,4799,2025-10-22,1,6741.33984375,6741.75,6655.68994140625,6699.39990234375,5710010000,6670.665996680948,6166.647539098903,False
5199,4800,2025-10-23,1,6703.64990234375,6749.52978515625,6700.14013671875,6738.43994140625,5565750000,6677.120658083358,6172.337015738776,False
5200,4801,2025-10-24,1,6772.06982421875,6807.10986328125,6772.06982421875,6791.68994140625,5058220000,6688.032018399823,6178.4997314170605,False
5201,4802,2025-10-27,1,6845.4599609375,6877.27978515625,6843.93994140625,6875.16015625,5290650000,6705.853745814125,6185.431675942762,False
5202,4803,2025-10-28,1,6897.740234375,6911.2998046875,6870.72998046875,6890.89013671875,5695930000,6723.476259233614,6192.451163114662,False
5203,4804,2025-10-29,1,6910.9501953125,6920.33984375,6851.91015625,6890.58984375,6280130000,6739.3918387113645,6199.3978166533225,False
5204,4805,2025-10-30,1,6860.5,6880.75,6820.68994140625,6822.33984375,6052700000,6747.291648715043,6205.596244783638,False
5205,4806,2025-10-31,1,6879.169921875,6879.169921875,6814.259765625,6840.2001953125,6398280000,6756.140081724325,6211.91071195308,False
5206,4807,2025-11-03,1,6882.31982421875,6882.31982421875,6820.6201171875,6851.97021484375,6065720000,6765.266761069031,6218.279463225624,False
5207,4808,2025-11-04,1,6788.52001953125,6820.2099609375,6766.7099609375,6771.5498046875,5739510000,6765.865146175552,6223.784640752608,False
5208,4809,2025-11-05,1,6769.77001953125,6829.77978515625,6763.10986328125,6796.2900390625,5939600000,6768.762755021928,6229.481211880069,False
5209,4810,2025-11-06,1,6787.58984375,6796.68017578125,6707.509765625,6720.31982421875,6051900000,6764.149142564482,6234.365178171997,False
5210,4811,2025-11-07,1,6696.18017578125,6730.10986328125,6631.43994140625,6728.7998046875,5926070000,6760.78253895715,6239.284925699515,False
5211,4812,2025-11-10,1,6785.35986328125,6841.31982421875,6770.56005859375,6832.43017578125,5366050000,6767.606123416588,6245.186868486398,False
5212,4813,2025-11-11,1,6815.64013671875,6855.1298828125,6806.8701171875,6846.60986328125,4983490000,6775.130289117984,6251.171176892318,False
5213,4814,2025-11-12,1,6867.77001953125,6869.91015625,6829.6201171875,6850.919921875,5293610000,6782.348349380557,6257.138826096126,False
5214,4815,2025-11-13,1,6826.47021484375,6828.0498046875,6724.72021484375,6737.490234375,5473720000,6778.076147951457,6261.9184420989,False
5215,4816,2025-11-14,1,6672.14013671875,6774.31005859375,6646.8701171875,6734.10986328125,5042660000,6773.88888274477,6266.616864200218,False
5216,4817,2025-11-17,1,6713.60986328125,6754.5,6638.89990234375,6672.41015625,5204220000,6764.224242126221,6270.654608399718,False
5217,4818,2025-11-18,1,6641.18994140625,6666.6298828125,6574.31982421875,6617.31982421875,5159390000,6750.233345182652,6274.104013532246,False
5218,4819,2025-11-19,1,6625.83984375,6689.75,6603.5,6642.16015625,5021610000,6739.940660522399,6277.766263708542,False
5219,4820,2025-11-20,1,6737.93017578125,6770.35009765625,6534.0498046875,6538.759765625,5596080000,6720.780575294076,6280.363213976369,False
5220,4821,2025-11-21,1,6555.77001953125,6660.0498046875,6521.919921875,6602.990234375,5929930000,6709.562447587497,6283.573433084814,False
5221,4822,2025-11-24,1,6636.5400390625,6715.75,6630.7001953125,6705.1201171875,6039740000,6709.139368501784,6287.767927453995,False
5222,4823,2025-11-25,1,6697.02978515625,6776.39990234375,6659.97998046875,6765.8798828125,5003330000,6714.543227007566,6292.5252603431345,False
5223,4824,2025-11-26,1,6793.5498046875,6831.43994140625,6783.8701171875,6812.60986328125,4485000000,6723.88290665268,6297.700231516648,False
5224,4825,2025-11-28,1,6822.52001953125,6850.85986328125,6819.75,6849.08984375,2558540000,6735.807376852425,6303.186695319966,False
5225,4826,2025-12-01,1,6812.2998046875,6843.64990234375,6799.93994140625,6812.6298828125,4549370000,6743.1238059914795,6308.2557817626775,False
5226,4827,2025-12-02,1,6830.9599609375,6851.5498046875,6806.7099609375,6829.3701171875,4582290000,6751.3377403911,6313.440999030587,False
5227,4828,2025-12-03,1,6815.2900390625,6862.419921875,6810.43017578125,6849.72021484375,4736780000,6760.707499862781,6318.777110630717,False
5228,4829,2025-12-04,1,6866.47021484375,6866.47021484375,6827.1201171875,6857.1201171875,4872440000,6769.889653893707,6324.133757462128,False
5229,4830,2025-12-05,1,6866.31982421875,6895.77978515625,6858.2900390625,6870.39990234375,4944560000,6779.462058507997,6329.569241490802,False
5230,4831,2025-12-08,1,6875.2001953125,6878.27001953125,6827.18994140625,6846.509765625,4757130000,6785.847554423903,6334.712928298108,False
5231,4832,2025-12-09,1,6840.60986328125,6864.919921875,6837.43017578125,6840.509765625,4508050000,6791.053479300197,6339.74573264962,False
5232,4833,2025-12-10,1,6833.490234375,6900.669921875,6824.68994140625,6886.68017578125,5526570000,6800.160783726964,6345.187866412124,False
5233,4834,2025-12-11,1,6861.2998046875,6903.4599609375,6833.4501953125,6901.0,5021060000,6809.764518610111,6350.7183354030485,False
5234,4835,2025-12-12,1,6886.85009765625,6899.85009765625,6801.7900390625,6827.41015625,4910160000,6811.445055528196,6355.46153760053,False
5235,4836,2025-12-15,1,6860.18994140625,6861.58984375,6801.490234375,6816.509765625,4975600000,6811.927408870748,6360.049082157988,False
5236,4837,2025-12-16,1,6800.1201171875,6819.27001953125,6759.740234375,6800.259765625,4983180000,6810.8162047521055,6364.42928796363,False
5237,4838,2025-12-17,1,6802.8798828125,6812.259765625,6720.43017578125,6721.43017578125,5122120000,6802.303249612024,6367.981535603607,False
5238,4839,2025-12-18,1,6778.06005859375,6816.1298828125,6758.5,6774.759765625,5101190000,6799.680060660879,6372.029080180934,False
5239,4840,2025-12-19,1,6792.6201171875,6840.02001953125,6792.6201171875,6834.5,8554470000,6802.996245359842,6376.630780875651,False
5240,4841,2025-12-22,1,6865.2099609375,6882.02978515625,6855.740234375,6878.490234375,4465030000,6810.186149075571,6381.62440727863,False
5241,4842,2025-12-23,1,6872.41015625,6910.8798828125,6868.81005859375,6909.7900390625,3820560000,6819.672233836231,6386.8797866993655,False
5242,4843,2025-12-24,1,6904.91015625,6937.31982421875,6904.91015625,6932.0498046875,1798270000,6830.37485963159,6392.30436399278,False
5243,4844,2025-12-26,1,6936.02001953125,6945.77001953125,6921.60009765625,6929.93994140625,2586550000,6839.857248372034,6397.653971728238,False
5244,4845,2025-12-29,1,6903.60009765625,6920.2099609375,6888.759765625,6905.740234375,3541750000,6846.131818467554,6402.70955643119,False
5245,4846,2025-12-30,1,6900.43994140625,6913.25,6893.47021484375,6896.240234375,3309930000,6850.904048553977,6407.620309445557,False
5246,4847,2025-12-31,1,6898.81982421875,6901.419921875,6844.5498046875,6845.5,3261830000,6850.389377263122,6411.97732129187,False
5247,4848,2026-01-02,1,6878.10986328125,6894.8701171875,6824.31005859375,6858.47021484375,4184120000,6851.1589808422295,6416.420036650595,False
5248,4849,2026-01-05,1,6892.18994140625,6920.3798828125,6891.56005859375,6902.0498046875,5771930000,6856.005725970351,6421.252173645987,False
5249,4850,2026-01-06,1,6908.02978515625,6948.68994140625,6904.02001953125,6944.81982421875,5509680000,6864.464211517818,6426.461802009895,False
5250,4851,2026-01-07,1,6945.06982421875,6965.68994140625,6919.18994140625,6920.93017578125,5214480000,6869.841922400049,6431.381885331003,False
5251,4852,2026-01-08,1,6914.10986328125,6931.27978515625,6899.330078125,6921.4599609375,5333200000,6874.757926070282,6436.258284093256,False
5252,4853,2026-01-09,1,6927.830078125,6978.35986328125,6917.64013671875,6966.27978515625,5163900000,6883.474293602279,6441.532129874978,False
5253,4854,2026-01-12,1,6944.1201171875,6986.330078125,6934.06982421875,6977.27001953125,5019040000,6892.407219881229,6446.86285514519,False
5254,4855,2026-01-13,1,6977.41015625,6985.830078125,6938.77001953125,6963.740234375,5091730000,6899.200840309207,6452.005913644989,False
5255,4856,2026-01-14,1,6937.41015625,6941.2998046875,6885.740234375,6926.60009765625,5530830000,6901.810293389877,6456.728243834156,False
5256,4857,2026-01-15,1,6969.4599609375,6979.33984375,6937.93017578125,6944.47021484375,5114050000,6905.87314305215,6461.581397774551,False
5257,4858,2026-01-16,1,6960.5400390625,6967.2998046875,6925.08984375,6940.009765625,5356550000,6909.12424996385,6466.341879046695,False
5258,4859,2026-01-20,1,6865.240234375,6871.169921875,6789.0498046875,6796.85986328125,5769500000,6898.432403613127,6469.6306152082325,False
5259,4860,2026-01-21,1,6810.7099609375,6910.39013671875,6804.9599609375,6875.6201171875,5835520000,6896.259804905924,6473.67031174534,False
5260,4861,2026-01-22,1,6914.43994140625,6934.75,6893.6201171875,6913.35009765625,5307580000,6897.8874518345265,6478.045234988235,False
5261,4862,2026-01-23,1,6907.85009765625,6932.9599609375,6895.5,6915.60986328125,4871930000,6899.575300543738,6482.399111886673,False
5262,4863,2026-01-26,1,6923.22998046875,6964.66015625,6921.60009765625,6950.22998046875,4968050000,6904.399555774692,6487.0541454049035,False
5263,4864,2026-01-27,1,6965.9599609375,6988.81982421875,6958.830078125,6978.60009765625,5331720000,6911.466274049127,6491.945149904916,False
5264,4865,2026-01-28,1,7002.0,7002.27978515625,6963.4599609375,6978.02978515625,5507670000,6917.805656059329,6496.781812942243,False
5265,4866,2026-01-29,1,6977.740234375,6992.83984375,6870.7998046875,6969.009765625,6877780000,6922.682237922726,6501.480598541078,False
5266,4867,2026-01-30,1,6947.27001953125,6964.08984375,6893.47998046875,6939.02978515625,6697340000,6924.239147183062,6505.8343217909805,False
5267,4868,2026-02-02,1,6916.64013671875,6991.919921875,6914.33984375,6976.43994140625,5772050000,6929.210651394795,6510.516964772227,False
5268,4869,2026-02-03,1,6985.4501953125,6993.080078125,6862.0498046875,6917.81005859375,7017660000,6928.124880651838,6514.569632372441,False
5269,4870,2026-02-04,1,6924.5,6936.08984375,6838.7998046875,6882.72021484375,7475750000,6923.800626765354,6518.232822247778,False
5270,4871,2026-02-05,1,6837.39013671875,6857.85009765625,6780.1298828125,6798.39990234375,6989120000,6911.857700629963,6521.020554388037,False
5271,4872,2026-02-06,1,6816.740234375,6944.89013671875,6816.740234375,6932.2998046875,6283680000,6913.804567683062,6525.112885236789,False
5272,4873,2026-02-09,1,6917.259765625,6980.10009765625,6905.8701171875,6964.81982421875,5650260000,6918.663163543603,6529.488078659495,False
5273,4874,2026-02-10,1,6974.490234375,6986.830078125,6937.52978515625,6941.81005859375,5595950000,6920.867629738856,6533.590784927498,False
5274,4875,2026-02-11,1,6976.47998046875,6993.47998046875,6911.97021484375,6941.47021484375,6175510000,6922.829780701227,6537.649286717709,False
5275,4876,2026-02-12,1,6957.5400390625,6973.22021484375,6824.0400390625,6832.759765625,7118700000,6914.251684027301,6540.585709393404,False
5276,4877,2026-02-13,1,6834.27001953125,6881.9599609375,6794.5498046875,6836.169921875,5718360000,6906.8153257270815,6543.526845836007,False
5277,4878,2026-02-17,1,6819.85986328125,6866.990234375,6775.5,6843.22021484375,5418480000,6900.7586485000975,6546.508869408224,False
5278,4879,2026-02-18,1,6855.47998046875,6909.1201171875,6849.66015625,6881.31005859375,5098160000,6898.9064018423505,6549.840224524498,False
5279,4880,2026-02-19,1,6861.33984375,6879.1201171875,6833.06005859375,6861.89013671875,5151690000,6895.381043259151,6552.945198775187,False
5280,4881,2026-02-20,1,6843.259765625,6915.85986328125,6836.330078125,6909.509765625,5432480000,6896.726635865422,6556.493104912996,False
5281,4882,2026-02-23,1,6901.25,6916.9599609375,6819.81982421875,6837.75,5638350000,6891.1098134020485,6559.291680983514,False
5282,4883,2026-02-24,1,6837.3701171875,6899.169921875,6815.43017578125,6890.06982421875,5266090000,6891.010766813163,6562.583005791825,False
5283,4884,2026-02-25,1,6915.14990234375,6952.509765625,6915.14990234375,6946.1298828125,5328060000,6896.260206432147,6566.399392627851,False
5284,4885,2026-02-26,1,6944.740234375,6947.25,6859.72998046875,6908.85986328125,5889550000,6897.460173751109,6569.806959500024,False
5285,4886,2026-02-27,1,6856.5400390625,6882.9599609375,6831.740234375,6878.8798828125,6665660000,6895.690622233147,6572.882311970795,False
5286,4887,2026-03-02,1,6824.35986328125,6901.009765625,6796.85009765625,6881.6201171875,6079080000,6894.350574133562,6575.954329933151,False
5287,4888,2026-03-03,1,6800.259765625,6840.0498046875,6710.419921875,6816.6298828125,6442080000,6886.948603531557,6578.349111553841,False
5288,4889,2026-03-04,1,6831.68994140625,6885.93994140625,6811.64013671875,6869.5,5252170000,6885.286831766647,6581.246135319475,False
5289,4890,2026-03-05,1,6851.080078125,6870.43017578125,6770.77978515625,6830.7099609375,5989300000,6880.089034544823,6583.7283624400525,False
5290,4891,2026-03-06,1,6769.02978515625,6773.419921875,6711.56005859375,6740.02001953125,5793120000,6866.749128353054,6585.283503306632,False
5291,4892,2026-03-09,1,6699.7998046875,6810.43994140625,6636.0400390625,6795.990234375,6709410000,6860.01018606943,6587.380087695373,False
5292,4893,2026-03-10,1,6796.56005859375,6845.080078125,6759.740234375,6781.47998046875,5944950000,6852.531118869366,6589.311429912023,False
5293,4894,2026-03-11,1,6790.08984375,6811.14990234375,6745.58984375,6775.7998046875,5511090000,6845.223374661569,6591.167035631182,False
5294,4895,2026-03-12,1,6740.8798828125,6740.8798828125,6670.39990234375,6672.6201171875,6292170000,6828.784969187848,6591.977514054628,False
5295,4896,2026-03-13,1,6673.490234375,6733.2998046875,6623.919921875,6632.18994140625,5337120000,6810.061633208648,6592.377637709868,False
5296,4897,2026-03-16,1,6674.3701171875,6729.7900390625,6674.3701171875,6699.3798828125,5176290000,6799.520514123301,6593.442336666114,False
5297,4898,2026-03-17,1,6722.35009765625,6754.2998046875,6710.7998046875,6716.08984375,5063390000,6791.574735992511,6594.662709870929,False
5298,4899,2026-03-18,1,6697.16015625,6705.18017578125,6621.66015625,6624.7001953125,5275480000,6775.681922594415,6594.961590323084,False
5299,4900,2026-03-19,1,6583.1201171875,6636.740234375,6557.81982421875,6606.490234375,5973390000,6759.56842847828,6595.076303199223,False
5300,4901,2026-03-20,1,6594.66015625,6594.66015625,6473.52001953125,6506.47998046875,10025820000,6735.464766763087,6594.1947477491685,False
5301,4902,2026-03-23,1,6574.9599609375,6651.6201171875,6565.5498046875,6581.0,6020650000,6720.753836595174,6594.063456726789,False
5302,4903,2026-03-24,1,6552.08984375,6595.75,6525.10986328125,6556.3701171875,5278580000,6705.098244270634,6593.68839862192,False
5303,4904,2026-03-25,1,6598.35009765625,6633.93994140625,6568.41015625,6591.89990234375,4936720000,6694.317449801407,6593.670602639053,False
5304,4905,2026-03-26,1,6555.85986328125,6573.22021484375,6473.7900390625,6477.16015625,4845560000,6673.635802796511,6592.511294714784,False
5305,4906,2026-03-27,1,6453.89013671875,6453.89013671875,6356.080078125,6368.85009765625,5303490000,6644.608592783152,6590.285810166938,False
5306,4907,2026-03-30,1,6403.3701171875,6427.31005859375,6316.91015625,6343.72021484375,5458640000,6615.952556788923,6587.832421158748,False
5307,4908,2026-03-31,1,6395.8798828125,6539.0498046875,6395.8798828125,6528.52001953125,6396100000,6607.625648478668,6587.242248008226,False
5308,4909,2026-04-01,1,6556.56005859375,6609.669921875,6554.2900390625,6575.31982421875,5637260000,6604.548903311057,6587.123616925744,False
5309,4910,2026-04-02,1,6512.60986328125,6601.91015625,6474.93994140625,6582.68994140625,4740740000,6602.467097415361,6587.079500751421,False
5310,4911,2026-04-06,1,6587.66015625,6618.1298828125,6579.72021484375,6611.830078125,3906440000,6603.358809863898,6587.325775153147,False
5311,4912,2026-04-07,1,6601.93017578125,6618.259765625,6534.5498046875,6616.85009765625,4555680000,6604.64369441555,6587.619549506412,False
5312,4913,2026-04-08,1,6754.35986328125,6793.5,6740.27978515625,6782.81005859375,5904880000,6621.611919575378,6589.561743626685,False
5313,4914,2026-04-09,1,6783.68994140625,6835.31005859375,6761.5498046875,6824.66015625,4912410000,6640.949846877723,6591.901031314479,False
5314,4915,2026-04-10,1,6839.240234375,6845.77001953125,6808.4599609375,6816.89013671875,4393220000,6657.706064957821,6594.139728880691,False
5315,4916,2026-04-13,1,6806.47021484375,6887.0,6790.02001953125,6886.240234375,4785840000,6679.471223949933,6597.046201572177,False
5316,4917,2026-04-14,1,6910.2001953125,6969.419921875,6905.169921875,6967.3798828125,5032380000,6706.891096222558,6600.731113823324,False
5317,4918,2026-04-15,1,6978.169921875,7026.240234375,6967.1298828125,7022.9501953125,5278610000,6736.991962802553,6604.932298713765,False
5318,4919,2026-04-16,1,7037.77978515625,7051.22998046875,7008.52001953125,7041.27978515625,5173650000,6765.971755407666,6609.274064748019,False
5319,4920,2026-04-17,1,7074.5498046875,7147.52001953125,7074.5498046875,7126.06005859375,6145300000,6800.265879520626,6614.416213940513,False
5320,4921,2026-04-20,1,7117.0498046875,7122.64990234375,7084.41015625,7109.14013671875,4661130000,6829.682475444257,6619.338840037809,False
5321,4922,2026-04-21,1,7122.64013671875,7137.27001953125,7050.2001953125,7064.009765625,5160270000,6851.999360223375,6623.76342636206,False
5322,4923,2026-04-22,1,7102.91015625,7138.64013671875,7102.91015625,7137.89990234375,4919460000,6879.227983282459,6628.879212192724,False
5323,4924,2026-04-23,1,7118.7998046875,7147.77978515625,7046.5498046875,7108.39990234375,5307260000,6901.053880335915,6633.6505623434805,False
5324,4925,2026-04-24,1,7136.47998046875,7168.58984375,7112.81982421875,7165.080078125,4608830000,6926.199232506304,6638.938418221904,False
5325,4926,2026-04-27,1,7152.72021484375,7178.740234375,7146.72021484375,7173.91015625,4783750000,6949.7907490533225,6644.26152009283,False
5326,4927,2026-04-28,1,7133.740234375,7152.52001953125,7115.169921875,7138.7998046875,4900650000,6967.791611494673,6649.182299044021,False
5327,4928,2026-04-29,1,7131.60986328125,7145.6298828125,7107.85986328125,7135.9501953125,5123100000,6983.806714715418,6654.025760698435,False
5328,4929,2026-04-30,1,7161.75,7219.830078125,7126.14990234375,7209.009765625,5723790000,7005.254624325854,6659.5479896031775,False
5329,4930,2026-05-01,1,7234.5400390625,7272.52001953125,7229.31982421875,7230.1201171875,4847390000,7026.670385550773,6665.225324206007,False
5330,4931,2026-05-04,1,7228.3798828125,7244.5400390625,7174.1201171875,7200.75,5215480000,7043.249396450699,6670.553927945251,False
5331,4932,2026-05-05,1,7233.6201171875,7273.259765625,7233.6201171875,7259.22021484375,5279760000,7063.8180458214665,6676.411303934292,False
5332,4933,2026-05-06,1,7294.14013671875,7369.22021484375,7294.14013671875,7365.1201171875,6579640000,7092.5134811896605,6683.264127946762,False
5333,4934,2026-05-07,1,7376.77978515625,7385.02001953125,7321.25,7337.10986328125,6237040000,7115.808374722193,6689.770055661533,False
5334,4935,2026-05-08,1,7362.97021484375,7401.5,7362.97021484375,7398.93017578125,5302740000,7142.772355775436,6696.826375264714,False
5335,4936,2026-05-11,1,7385.31005859375,7428.97021484375,7384.2001953125,7412.83984375,5821910000,7168.493068915871,6703.950887388946,False
5336,4937,2026-05-12,1,7390.6298828125,7409.56982421875,7338.5400390625,7400.9599609375,5624790000,7190.632772917931,6710.886301056096,False
5337,4938,2026-05-13,1,7409.1201171875,7460.0400390625,7375.1298828125,7444.25,5716600000,7214.786794544795,6718.18345228937,False
5338,4939,2026-05-14,1,7454.39990234375,7517.1201171875,7454.39990234375,7501.240234375,5267050000,7242.0680745286245,6725.975062061367,False
5339,4940,2026-05-15,1,7445.10986328125,7454.85009765625,7397.5,7408.5,5582070000,7257.918734097327,6732.766354976179,False
5340,4941,2026-05-18,1,7415.06982421875,7434.06005859375,7353.169921875,7403.0498046875,5489500000,7271.740740820201,6739.435842037984,False
5341,4942,2026-05-19,1,7375.75,7395.31982421875,7333.68017578125,7353.60986328125,5441140000,7279.537800102205,6745.547026328962,False
5342,4943,2026-05-20,1,7369.18994140625,7435.68994140625,7357.4599609375,7432.97021484375,5384150000,7294.150411029972,6752.387058055478,False
5343,4944,2026-05-21,1,7410.77978515625,7465.9599609375,7389.47998046875,7445.72021484375,5440620000,7308.585630440808,6759.285895436456,False
5344,4945,2026-05-22,1,7468.81982421875,7506.31982421875,7463.2900390625,7473.47021484375,4952440000,7324.288924193469,6766.392207072349,False
5345,4946,2026-05-26,1,7511.7900390625,7539.08984375,7501.10009765625,7519.1201171875,5496060000,7342.844275907186,6773.882037023744,False
5346,4947,2026-05-27,1,7526.009765625,7530.72021484375,7499.72021484375,7520.35986328125,5524250000,7359.750522323763,6781.3096770860075,False
5347,4948,2026-05-28,1,7519.81982421875,7568.72021484375,7508.0400390625,7563.6298828125,5494860000,7379.167604275071,6789.093957740003,False
5348,4949,2026-05-29,1,7579.330078125,7599.3798828125,7563.5498046875,7580.06005859375,7858290000,7398.300218972088,6796.964267201234,False
5349,4950,2026-06-01,1,7582.2900390625,7617.66015625,7562.60986328125,7599.9599609375,6583960000,7417.50590868308,6804.954274104082,False
5350,4951,2026-06-02,1,7595.39990234375,7620.89990234375,7582.990234375,7609.77978515625,5904410000,7435.81770644243,6812.962488144403,False
5351,4952,2026-06-03,1,7605.31005859375,7605.35009765625,7551.22021484375,7553.68017578125,5753860000,7447.042703522317,6820.3328133945215,False
5352,4953,2026-06-04,1,7516.5400390625,7598.18994140625,7516.5400390625,7584.31005859375,5398910000,7460.115784957692,6827.934577028345,False
5353,4954,2026-06-05,1,7537.35986328125,7541.81005859375,7368.6298828125,7383.740234375,5591290000,7452.841922997435,6833.464981579058,False
5354,4955,2026-06-08,1,7440.56982421875,7466.81005859375,7395.1298828125,7405.72998046875,4898180000,7448.3550713280365,6839.159160672489,False
5355,4956,2026-06-09,1,7438.66015625,7483.14990234375,7237.85009765625,7386.64990234375,6006390000,7442.478388567628,6844.606829743845,False
5356,4957,2026-06-10,1,7350.5400390625,7396.56005859375,7265.93017578125,7266.990234375,5247300000,7425.7652310254725,6848.809649690424,False
5357,4958,2026-06-11,1,7287.669921875,7412.68017578125,7257.330078125,7394.2998046875,5658920000,7422.76852375519,6854.2374124267135,False
5358,4959,2026-06-12,1,7410.85009765625,7456.39990234375,7363.009765625,7431.4599609375,4950530000,7423.596279677314,6859.980920372095,False
5359,4960,2026-06-15,1,7516.75,7577.919921875,7516.75,7554.2900390625,5674670000,7436.043304380665,6866.889468816777,False
5360,4961,2026-06-16,1,7548.77978515625,7564.9599609375,7508.68017578125,7511.35009765625,5286210000,7443.215379930721,6873.302012387319,False
5361,4962,2026-06-17,1,7524.5,7532.169921875,7402.60986328125,7420.10009765625,5883740000,7441.0139244760085,6878.742789355169,False
5362,4963,2026-06-18,1,7487.35986328125,7511.06982421875,7468.31982421875,7500.580078125,9061110000,7446.686891490198,6884.930225064322,False
5363,4964,2026-06-22,1,7500.43994140625,7530.009765625,7460.009765625,7472.7900390625,5976740000,7449.172905544703,6890.779576447389,False
5364,4965,2026-06-23,1,7366.509765625,7424.169921875,7347.60009765625,7365.4599609375,5640530000,7441.2002441535415,6895.502764352764,False
5365,4966,2026-06-24,1,7370.8798828125,7428.06005859375,7336.81982421875,7358.22021484375,5994860000,7433.297384219276,6900.106918088993,False
5366,4967,2026-06-25,1,7404.91015625,7419.080078125,7323.5,7357.490234375,5565760000,7426.077655662678,6904.657995862984,False
5367,4968,2026-06-26,1,7312.740234375,7392.9501953125,7294.18017578125,7354.02001953125,9105600000,7419.215023650161,6909.129259780081,False
5368,4969,2026-06-29,1,7391.8798828125,7444.31982421875,7348.8798828125,7440.43017578125,5794570000,7421.2355143293125,6914.415836058701,False
5369,4970,2026-06-30,1,7441.27001953125,7508.2900390625,7438.0400390625,7499.35986328125,6037540000,7428.675928515211,6920.23617463803,False
5370,4971,2026-07-01,1,7478.83984375,7521.81005859375,7449.6298828125,7483.22998046875,5782730000,7433.871552510786,6925.838103054257,False
5371,4972,2026-07-02,1,7495.14013671875,7540.75,7427.5498046875,7483.240234375,5463520000,7438.57333173595,6931.384392918146,False
5372,4973,2026-07-06,1,7506.9599609375,7551.31005859375,7500.97021484375,7537.43017578125,4971110000,7447.988269264074,6937.414699215291,False
5373,4974,2026-07-07,1,7516.6298828125,7536.06005859375,7478.6298828125,7503.85009765625,5049590000,7453.308443396662,6943.050872334106,False
5374,4975,2026-07-08,1,7476.5400390625,7488.509765625,7421.81982421875,7482.7099609375,5102020000,7456.108587924361,6948.420614509265,False
5375,4976,2026-07-09,1,7491.60009765625,7546.89013671875,7481.72998046875,7543.64013671875,4442950000,7464.44492590478,6954.343196819807,False
5376,4977,2026-07-10,1,7547.64013671875,7579.93017578125,7508.16015625,7575.39013671875,4006370000,7475.011136458491,6960.522768361091,False
5377,4978,2026-07-13,1,7547.52978515625,7565.3701171875,7506.41015625,7515.33984375,4729990000,7478.851965724349,6966.043336275408,False
5378,4979,2026-07-14,1,7536.7001953125,7557.43994140625,7513.22998046875,7543.58984375,4836950000,7485.0174779172685,6971.790067693066,False
5379,4980,2026-07-15,1,7571.72021484375,7581.5,7526.9501953125,7572.39990234375,5236550000,7493.3396135769335,6977.766284953272,False
5380,4981,2026-07-16,1,7558.7998046875,7570.740234375,7504.02001953125,7533.77001953125,5365300000,7497.1901284297255,6983.298660421709,False
5381,4982,2026-07-17,1,7447.52001953125,7498.47021484375,7431.259765625,7457.68994140625,5303290000,7493.428205856061,6988.018971675287,False
5382,4983,2026-07-20,1,7489.18017578125,7513.22998046875,7440.52978515625,7443.27978515625,5152910000,7488.652165789413,6992.548930018382,False
5383,4984,2026-07-21,1,7489.9501953125,7515.31005859375,7467.85986328125,7509.2001953125,5149030000,7490.609120982088,6997.6897386282735,False
5384,4985,2026-07-22,1,7497.47021484375,7525.93994140625,7485.85009765625,7498.9599609375,4890390000,7491.40443907308,7002.677502034336,False
5385,4986,2026-07-23,1,7418.2900390625,7450.1201171875,7376.0,7408.2998046875,5515210000,7483.489711988739,7006.713544846805,False
5386,4987,2026-07-24,1,7406.2998046875,7460.97998046875,7396.52978515625,7411.97998046875,4860620000,7476.679261367788,7010.74604669379,False
5387,4988,2026-07-27,1,7464.2001953125,7480.56982421875,7382.740234375,7413.18017578125,5038290000,7470.631729407165,7014.750366386203,False
5388,4989,2026-07-28,1,7395.5498046875,7452.08984375,7382.9501953125,7428.77978515625,5590890000,7466.645829954697,7018.870062095358,False
5389,4990,2026-07-29,1,7418.16015625,7450.83984375,7313.919921875,7316.14990234375,5836350000,7452.31288446794,7021.828070456038,False
5390,4991,2026-07-30,1,7390.4501953125,7448.75,7370.97998046875,7437.6298828125,5594430000,7450.914503357899,7025.965401922272,False
5391,4992,2026-07-31,1,7462.1298828125,7512.0400390625,7399.830078125,7489.72021484375,5391020000,7454.61028540417,7030.579877672734,False
5392,4993,2026-08-03,1,7504.77978515625,7610.0400390625,7504.77978515625,7600.5,5201470000,7468.504543937107,7036.250724661066,False
5393,4994,2026-08-04,1,7630.6201171875,7758.2099609375,7629.10009765625,7736.52001953125,5906940000,7494.0298273270255,7043.218578341367,False
5394,4995,2026-08-05,1,7771.6201171875,7793.68017578125,7720.169921875,7723.5498046875,5615640000,7515.8888727899275,7049.988043280135,False
5395,4996,2026-08-06,1,7713.7900390625,7742.85009765625,7698.14990234375,7709.9599609375,5330830000,7534.371833565887,7056.554928032944,False
5396,4997,2026-08-07,1,7735.18017578125,7763.080078125,7719.18994140625,7757.64013671875,5019970000,7555.6354814852075,7063.530900258675,False
5397,4998,2026-08-10,1,7751.740234375,7773.759765625,7743.10986328125,7753.10986328125,4879540000,7574.442565465783,7070.392382477806,False
5398,4999,2026-08-11,1,7767.509765625,7767.509765625,7717.25,7728.2001953125,4739500000,7589.086149260709,7076.937733849295,False
5399,5000,2026-08-12,1,7765.4599609375,7766.009765625,7737.9501953125,7748.5,4574170000,7604.268420759689,7083.619945452785,False
5400,5001,2026-08-13,1,7763.18017578125,7816.7001953125,7763.18017578125,7798.990234375,4833230000,7622.813355389719,7090.738057780369,False
5401,5002,2026-08-14,1,7806.60009765625,7810.009765625,7776.31005859375,7785.759765625,4159900000,7638.332061126413,7097.653696664395,False
5402,5003,2026-08-17,1,7790.68017578125,7790.68017578125,7744.8798828125,7745.06005859375,4452630000,7648.496632313779,7104.095551011951,False
5403,5004,2026-08-18,1,7700.0400390625,7713.9501953125,7688.6298828125,7691.759765625,4602700000,7652.616930724372,7109.94295613248,False
5404,5005,2026-08-19,1,7716.740234375,7743.93017578125,7700.06982421875,7707.97998046875,5184100000,7657.889602128598,7115.893573290055,False
5405,5006,2026-08-20,1,7690.490234375,7699.9599609375,7639.009765625,7641.16015625,4759610000,7656.296321568731,7121.120106453836,False
5406,5007,2026-08-21,1,7665.68017578125,7697.10986328125,7660.06005859375,7674.3701171875,4497270000,7658.017635437186,7126.625081685017,False
5407,5008,2026-08-24,1,7663.3798828125,7670.2998046875,7638.169921875,7652.85986328125,4400800000,7657.526419041383,7131.861248666074,False
5408,5009,2026-08-25,1,7676.66015625,7686.10986328125,7650.919921875,7677.27978515625,4260240000,7659.407692004703,7137.288298780405,False
5409,5010,2026-08-26,1,7666.8798828125,7690.72998046875,7657.41015625,7675.7001953125,4100600000,7660.959358986398,7142.645631084207,False
5410,5011,2026-08-27,1,7710.33984375,7741.27001953125,7689.89013671875,7730.990234375,4362240000,7667.628966166265,7148.49980624133,False
5411,5012,2026-08-28,1,7735.169921875,7771.47998046875,7700.91015625,7711.759765625,4297560000,7671.831899448049,7154.104382951616,False
5412,5013,2026-08-31,1,7697.52001953125,7697.52001953125,7665.06005859375,7686.14013671875,5386090000,7673.1945887119255,7159.398271048802,False
5413,5014,2026-09-01,1,7635.47021484375,7663.6298828125,7611.2001953125,7631.47021484375,4858180000,7669.220838819719,7164.095504320394,False
5414,5015,2026-09-02,1,7634.580078125,7681.18994140625,7633.6201171875,7666.60009765625,4738910000,7668.971244423198,7169.0955500252285,False
5415,5016,2026-09-03,1,7686.7099609375,7756.759765625,7686.7099609375,7747.7099609375,4726400000,7676.470169805512,7174.852907347739,False
5416,5017,2026-09-04,1,7750.18994140625,7750.18994140625,7706.1201171875,7718.60009765625,4103570000,7680.482543886535,7180.263327151804,False
5417,5018,2026-09-08,1,7717.81005859375,7717.81005859375,7666.990234375,7673.52001953125,4966930000,7679.819446328888,7185.17135394165,False
5418,5019,2026-09-09,1,7660.68017578125,7660.68017578125,7624.16015625,7636.35986328125,4896940000,7675.680438419589,7189.660791845527,False
5419,5020,2026-09-10,1,7594.740234375,7612.85986328125,7580.06005859375,7591.7001953125,4893500000,7667.682320028438,7193.661183919825,False
5420,5021,2026-09-11,1,7636.75,7677.02001953125,7636.75,7656.97998046875,4722480000,7666.663049594182,7198.271321198919,False
5421,5022,2026-09-14,1,7611.43994140625,7647.990234375,7592.27978515625,7619.97998046875,4963750000,7662.217043010807,7202.4674272613065,False
5422,5023,2026-09-15,1,7612.2998046875,7617.259765625,7572.68994140625,7585.72998046875,5154930000,7654.932560863945,7206.280985004664,False
5423,5024,2026-09-16,1,7601.25,7626.7900390625,7507.77001953125,7551.81005859375,5307920000,7645.111370171545,7209.7190852393815,False
5424,5025,2026-09-17,1,7631.43994140625,7646.85986328125,7611.81005859375,7637.759765625,5058210000,7644.411217357588,7213.978196487,False
5425,5026,2026-09-18,1,7657.169921875,7657.169921875,7610.52001953125,7650.5,8858350000,7644.99110141877,7218.321697019468,False
5426,5027,2026-09-21,1,7692.830078125,7779.22021484375,7691.18994140625,7764.7001953125,4828050000,7656.391967503887,7223.758298992533,False
5427,5028,2026-09-22,1,7770.81005859375,7782.18994140625,7756.259765625,7764.64013671875,5286270000,7666.701316952921,7229.140207825631,False
5428,5029,2026-09-23,1,7761.93994140625,7761.93994140625,7694.89013671875,7706.02978515625,5110910000,7670.446885353238,7233.885377749319,False
5429,5030,2026-09-24,1,7666.990234375,7719.009765625,7662.56982421875,7704.1298828125,5316390000,7673.654789873168,7238.564427550943,False
5430,5031,2026-09-25,1,7709.85986328125,7752.06982421875,7693.080078125,7743.41015625,4499180000,7680.298158099533,7243.587768135014,False
