session,date,equity,benchmarkEquity,dailyReturn,benchmarkReturn,close,exposureBars
1,2006-09-26,100653.2955252287,100653.2955252287,0.0065329552522870316,0.0065329552522870316,1336.3499755859375,1
2,2006-09-27,100671.3714846892,100671.3714846892,0.00017958636491899327,0.00017958636491899327,1336.5899658203125,1
3,2006-09-28,100843.8562250141,100843.8562250141,0.0017133444968626677,0.0017133444968626677,1338.8800048828125,1
4,2006-09-29,100615.63574397226,100615.63574397226,-0.0022631074374288573,-0.0022631074374288573,1335.8499755859375,1
5,2006-10-02,100274.43591916111,100274.43591916111,-0.00339112129330843,-0.00339112129330843,1331.3199462890625,1
6,2006-10-03,100484.58044074246,100484.58044074246,0.0020956938790537283,0.0020956938790537283,1334.1099853515625,1
7,2006-10-04,101696.46962717557,101696.46962717557,0.012060449286025454,0.012060449286025454,1350.199951171875,1
8,2006-10-05,101923.93617704966,101923.93617704966,0.002236720219570998,0.002236720219570998,1353.219970703125,1
9,2006-10-06,101650.52579735662,101650.52579735662,-0.0026824943182934824,-0.0026824943182934824,1349.5899658203125,1
10,2006-10-09,101731.1228780436,101731.1228780436,0.0007928840510640356,0.0007928840510640356,1350.6600341796875,1
11,2006-10-10,101939.00560612176,101939.00560612176,0.0020434526052304225,0.0020434526052304225,1353.4200439453125,1
12,2006-10-11,101677.63973654734,101677.63973654734,-0.002563943683974168,-0.002563943683974168,1349.949951171875,1
13,2006-10-12,102647.75606948452,102647.75606948452,0.009541098076733645,0.009541098076733645,1362.8299560546875,1
14,2006-10-13,102857.90059106586,102857.90059106586,0.002047239312655824,0.002047239312655824,1365.6199951171875,1
15,2006-10-16,103117.00466713708,103117.00466713708,0.0025190488487738527,0.0025190488487738527,1369.06005859375,1
16,2006-10-17,102739.65292340495,102739.65292340495,-0.0036594521432252725,-0.0036594521432252725,1364.050048828125,1
17,2006-10-18,102871.4621578025,102871.4621578025,0.0012829441276758224,0.0012829441276758224,1365.800048828125,1
18,2006-10-19,102958.82623043402,102958.82623043402,0.0008492546990097605,0.0008492546990097605,1366.9599609375,1
19,2006-10-20,103082.35141626904,103082.35141626904,0.0011997532446470505,0.0011997532446470505,1368.5999755859375,1
20,2006-10-23,103716.54544256919,103716.54544256919,0.006152304614580828,0.006152304614580828,1377.02001953125,1
21,2006-10-24,103743.65938175992,103743.65938175992,0.0002614234698528062,0.0002614234698528062,1377.3800048828125,1
22,2006-10-25,104108.20348992314,104108.20348992314,0.003513892900401272,0.003513892900401272,1382.219970703125,1
23,2006-10-26,104624.89458544758,104624.89458544758,0.004963019994619788,0.004963019994619788,1389.0799560546875,1
24,2006-10-27,103740.643657089,103740.643657089,-0.008451630291836598,-0.008451630291836598,1377.3399658203125,1
25,2006-10-30,103785.08881885502,103785.08881885502,0.00042842573748558266,0.00042842573748558266,1377.9300537109375,1
26,2006-10-31,103785.83355574022,103785.83355574022,7.175759964006545e-06,7.175759964006545e-06,1377.93994140625,1
27,2006-11-01,103022.85521399598,103022.85521399598,-0.007351469035843605,-0.007351469035843605,1367.81005859375,1
28,2006-11-02,102987.4480319602,102987.4480319602,-0.0003436827873022352,-0.0003436827873022352,1367.3399658203125,1
29,2006-11-03,102758.48281403318,102758.48281403318,-0.0022232342125417803,-0.0022232342125417803,1364.300048828125,1
30,2006-11-06,103924.42817064733,103924.42817064733,0.011346463325312195,0.011346463325312195,1379.780029296875,1
31,2006-11-07,104154.90125090982,104154.90125090982,0.002217698805944357,0.002217698805944357,1382.8399658203125,1
32,2006-11-08,104371.82195871821,104371.82195871821,0.002082674028808462,0.002082674028808462,1385.719970703125,1
33,2006-11-09,103815.20928843414,103815.20928843414,-0.005332978382845743,-0.005332978382845743,1378.3299560546875,1
34,2006-11-10,104008.78571289046,104008.78571289046,0.0018646249021037065,0.0018646249021037065,1380.9000244140625,1
35,2006-11-13,104273.912044021,104273.912044021,0.0025490763045961096,0.0025490763045961096,1384.4200439453125,1
36,2006-11-14,104936.7186775648,104936.7186775648,0.006356399415263114,0.006356399415263114,1393.219970703125,1
37,2006-11-15,105189.03737312644,105189.03737312644,0.002404484328664136,0.002404484328664136,1396.5699462890625,1
38,2006-11-16,105429.31155856943,105429.31155856943,0.002284213178895156,0.002284213178895156,1399.760009765625,1
39,2006-11-17,105537.76731533237,105537.76731533237,0.0010287059183031744,0.0010287059183031744,1401.199951171875,1
40,2006-11-20,105485.04729928637,105485.04729928637,-0.0004995369656484172,-0.0004995369656484172,1400.5,1
41,2006-11-21,105659.03990194673,105659.03990194673,0.001649452762406245,0.001649452762406245,1402.81005859375,1
42,2006-11-22,105906.08107933425,105906.08107933425,0.0023380978817977294,0.0023380978817977294,1406.0899658203125,1
43,2006-11-24,105518.93742470414,105518.93742470414,-0.0036555375355651343,-0.0036555375355651343,1400.949951171875,1
44,2006-11-27,104088.61966812718,104088.61966812718,-0.01355508112084236,-0.01355508112084236,1381.9599609375,1
45,2006-11-28,104447.1415212311,104447.1415212311,0.0034443905034673428,0.0034443905034673428,1386.719970703125,1
46,2006-11-29,105408.21987443803,105408.21987443803,0.009201576407062984,0.009201576407062984,1399.47998046875,1
47,2006-11-30,105494.83921018435,105494.83921018435,0.0008217512433992269,0.0008217512433992269,1400.6300048828125,1
48,2006-12-01,105199.58321519215,105199.58321519215,-0.002798771932378097,-0.002798771932378097,1396.7099609375,1
49,2006-12-04,106134.30156037607,106134.30156037607,0.00888519057411008,0.00888519057411008,1409.1199951171875,1
50,2006-12-05,106559.10499626261,106559.10499626261,0.00400250842226435,0.00400250842226435,1414.760009765625,1
51,2006-12-06,106419.01171330256,106419.01171330256,-0.0013147002592126533,-0.0013147002592126533,1412.9000244140625,1
52,2006-12-07,105996.47007091923,105996.47007091923,-0.003970546574156186,-0.003970546574156186,1407.2900390625,1
53,2006-12-08,106188.52943875754,106188.52943875754,0.001811941168510689,0.001811941168510689,1409.8399658203125,1
54,2006-12-11,106429.55755536827,106429.55755536827,0.002269813113380925,0.002269813113380925,1413.0400390625,1
55,2006-12-12,106318.08607393442,106318.08607393442,-0.0010473733424651854,-0.0010473733424651854,1411.56005859375,1
56,2006-12-13,106442.35599665465,106442.35599665465,0.0011688502615989638,0.0011688502615989638,1413.2099609375,1
57,2006-12-14,107367.2824309406,107367.2824309406,0.008689458492585622,0.008689458492585622,1425.489990234375,1
58,2006-12-15,107487.7918921047,107487.7918921047,0.0011224039431343424,0.0011224039431343424,1427.0899658203125,1
59,2006-12-18,107140.56981223423,107140.56981223423,-0.00323033968563613,-0.00323033968563613,1422.47998046875,1
60,2006-12-19,107371.80601794699,107371.80601794699,0.002158250661892236,0.002158250661892236,1425.550048828125,1
61,2006-12-20,107219.65903058577,107219.65903058577,-0.0014170106008628558,-0.0014170106008628558,1423.530029296875,1
62,2006-12-21,106825.73918972861,106825.73918972861,-0.003673951628075822,-0.003673951628075822,1418.300048828125,1
63,2006-12-22,106257.8267462111,106257.8267462111,-0.005316251006781014,-0.005316251006781014,1410.760009765625,1
64,2006-12-26,106720.28996335408,106720.28996335408,0.004352274381138388,0.004352274381138388,1416.9000244140625,1
65,2006-12-27,107468.96200147648,107468.96200147648,0.0070152736502073765,0.0070152736502073765,1426.8399658203125,1
66,2006-12-28,107310.0388278882,107310.0388278882,-0.0014787820653380246,-0.0014787820653380246,1424.72998046875,1
67,2006-12-29,106825.73918972861,106825.73918972861,-0.004513087903512347,-0.004513087903512347,1418.300048828125,1
68,2007-01-03,106697.6904168872,106697.6904168872,-0.0011986696634412874,-0.0011986696634412874,1416.5999755859375,1
69,2007-01-04,106828.745720117,106828.745720117,0.0012282862236074887,0.0012282862236074887,1418.3399658203125,1
70,2007-01-05,106178.73752785957,106178.73752785957,-0.006084581335068728,-0.006084581335068728,1409.7099609375,1
71,2007-01-08,106414.48812629617,106414.48812629617,0.00222031834174663,0.00222031834174663,1412.8399658203125,1
72,2007-01-09,106359.50631674698,106359.50631674698,-0.00051667597633831,-0.00051667597633831,1412.1099853515625,1
73,2007-01-10,106565.88118248967,106565.88118248967,0.0019403518584233392,0.0019403518584233392,1414.8499755859375,1
74,2007-01-11,107241.49545160239,107241.49545160239,0.006339874091180864,0.006339874091180864,1423.8199462890625,1
75,2007-01-12,107761.95620296548,107761.95620296548,0.004853165737491727,0.004853165737491727,1430.72998046875,1
76,2007-01-16,107850.08340104726,107850.08340104726,0.000817795084526951,0.000817795084526951,1431.9000244140625,1
77,2007-01-17,107753.67215440297,107753.67215440297,-0.0008939376178855873,-0.0008939376178855873,1430.6199951171875,1
78,2007-01-18,107433.56401372323,107433.56401372323,-0.002970739969038405,-0.002970739969038405,1426.3699951171875,1
79,2007-01-19,107744.63417467273,107744.63417467273,0.0028954653399544394,0.0028954653399544394,1430.5,1
80,2007-01-22,107175.96779998747,107175.96779998747,-0.00527790900253422,-0.00527790900253422,1422.949951171875,1
81,2007-01-23,107555.5813372228,107555.5813372228,0.003541965097471955,0.003541965097471955,1427.989990234375,1
82,2007-01-24,108469.96192944304,108469.96192944304,0.008501470410478884,0.008501470410478884,1440.1300048828125,1
83,2007-01-25,107247.52690094423,107247.52690094423,-0.011269802319041844,-0.011269802319041844,1423.9000244140625,1
84,2007-01-26,107117.97946004989,107117.97946004989,-0.001207929400684371,-0.001207929400684371,1422.1800537109375,1
85,2007-01-29,107000.47652927418,107000.47652927418,-0.001096948722968838,-0.001096948722968838,1420.6199951171875,1
86,2007-01-30,107618.09326416678,107618.09326416678,0.005772093311412707,0.005772093311412707,1428.8199462890625,1
87,2007-01-31,108327.60685297979,108327.60685297979,0.006592883847806208,0.006592883847806208,1438.239990234375,1
88,2007-02-01,108907.56380661594,108907.56380661594,0.005353731800087358,0.005353731800087358,1445.93994140625,1
89,2007-02-02,109092.10225134202,109092.10225134202,0.0016944502133364736,0.0016944502133364736,1448.3900146484375,1
90,2007-02-05,108986.65302496748,108986.65302496748,-0.0009666073363550076,-0.0009666073363550076,1446.989990234375,1
91,2007-02-06,109062.7265186481,109062.7265186481,0.0006980074309024253,0.0006980074309024253,1448.0,1
92,2007-02-07,109214.87350600932,109214.87350600932,0.0013950411127416906,0.0013950411127416906,1450.02001953125,1
93,2007-02-08,109086.0799962827,109086.0799962827,-0.0011792671235345553,-0.0011792671235345553,1448.31005859375,1
94,2007-02-09,108314.0544805257,108314.0544805257,-0.007077213846013342,-0.007077213846013342,1438.06005859375,1
95,2007-02-12,107960.80095131339,107960.80095131339,-0.0032613821992585335,-0.0032613821992585335,1433.3699951171875,1
96,2007-02-13,108781.03209039253,108781.03209039253,0.007597490309923183,0.007597490309923183,1444.260009765625,1
97,2007-02-14,109612.56300270512,109612.56300270512,0.007644080004882037,0.007644080004882037,1455.300048828125,1
98,2007-02-15,109726.29627764218,109726.29627764218,0.0010375934274453602,0.0010375934274453602,1456.81005859375,1
99,2007-02-16,109630.63896216561,109630.63896216561,-0.0008717811383565088,-0.0008717811383565088,1455.5400390625,1
100,2007-02-20,109942.46305428284,109942.46305428284,0.002844315193901492,0.002844315193901492,1459.6800537109375,1
101,2007-02-21,109788.05427341841,109788.05427341841,-0.001404450806129276,-0.001404450806129276,1457.6300048828125,1
102,2007-02-22,109693.90482027733,109693.90482027733,-0.0008575564414924353,-0.0008575564414924353,1456.3800048828125,1
103,2007-02-23,109302.99150980856,109302.99150980856,-0.003563673944411372,-0.003563673944411372,1451.18994140625,1
104,2007-02-26,109165.91395151944,109165.91395151944,-0.0012541061904679518,-0.0012541061904679518,1449.3699951171875,1
105,2007-02-27,105375.08368018798,105375.08368018798,-0.034725402225963764,-0.034725402225963764,1399.0400390625,1
106,2007-02-28,105961.06288888345,105961.06288888345,0.005560889616694542,0.005560889616694542,1406.8199462890625,1
107,2007-03-01,105686.15384113746,105686.15384113746,-0.0025944345993798024,-0.0025944345993798024,1403.1700439453125,1
108,2007-03-02,104481.04084093141,104481.04084093141,-0.011402751982227732,-0.011402751982227732,1387.1700439453125,1
109,2007-03-05,103498.11687242534,103498.11687242534,-0.009407677800631231,-0.009407677800631231,1374.1199951171875,1
110,2007-03-06,105101.67330049492,105101.67330049492,0.01549358071940743,0.01549358071940743,1395.4100341796875,1
111,2007-03-07,104842.5692244237,104842.5692244237,-0.0024652707034493737,-0.0024652707034493737,1391.969970703125,1
112,2007-03-08,105589.74259449317,105589.74259449317,0.007126622092502144,0.007126622092502144,1401.8900146484375,1
113,2007-03-09,105661.2925011674,105661.2925011674,0.0006776217548800645,0.0006776217548800645,1402.8399658203125,1
114,2007-03-12,105944.49479175842,105944.49479175842,0.0026802841786919274,0.0026802841786919274,1406.5999755859375,1
115,2007-03-13,103786.58748690794,103786.58748690794,-0.020368281609082217,-0.020368281609082217,1377.949951171875,1
116,2007-03-14,104481.04084093141,104481.04084093141,0.006691166660731218,0.006691166660731218,1387.1700439453125,1
117,2007-03-15,104865.92270205832,104865.92270205832,0.003683748343518811,0.003683748343518811,1392.280029296875,1
118,2007-03-16,104464.46354952385,104464.46354952385,-0.003828308970065364,-0.003828308970065364,1386.949951171875,1
119,2007-03-19,105602.55023006207,105602.55023006207,0.010894486429815275,0.010894486429815275,1402.06005859375,1
120,2007-03-20,106271.37911866521,106271.37911866521,0.006333453947334089,0.006333453947334089,1410.93994140625,1
121,2007-03-21,108086.5879306516,108086.5879306516,0.017080881296924533,0.017080881296924533,1435.0400390625,1
122,2007-03-22,108048.92814939516,108048.92814939516,-0.0003484223341438941,-0.0003484223341438941,1434.5400390625,1
123,2007-03-23,108167.17581705606,108167.17581705606,0.001094390010953239,0.001094390010953239,1436.1099853515625,1
124,2007-03-26,108271.87111226287,108271.87111226287,0.0009679026415914116,0.0009679026415914116,1437.5,1
125,2007-03-27,107602.27909820947,107602.27909820947,-0.006184358016304348,-0.006184358016304348,1428.6099853515625,1
126,2007-03-28,106745.14210904163,106745.14210904163,-0.007965788423361708,-0.007965788423361708,1417.22998046875,1
127,2007-03-29,107144.33946807288,107144.33946807288,0.0037397238988494674,0.0037397238988494674,1422.530029296875,1
128,2007-03-30,107018.55248873467,107018.55248873467,-0.0011739955648865097,-0.0011739955648865097,1420.8599853515625,1
129,2007-04-02,107296.4864554341,107296.4864554341,0.0025970634085028532,0.0025970634085028532,1424.550048828125,1
130,2007-04-03,108292.20886522655,108292.20886522655,0.009280102663995704,0.009280102663995704,1437.77001953125,1
131,2007-04-04,108412.71832639065,108412.71832639065,0.0011128174632957233,0.0011128174632957233,1439.3699951171875,1
132,2007-04-05,108743.37230913609,108743.37230913609,0.003049955649575775,0.003049955649575775,1443.760009765625,1
133,2007-04-09,108807.39209841554,108807.39209841554,0.0005887235968502491,0.0005887235968502491,1444.6099853515625,1
134,2007-04-10,109092.10225134202,109092.10225134202,0.0026166434783121417,0.0026166434783121417,1448.3900146484375,1
135,2007-04-11,108375.05854513422,108375.05854513422,-0.006572828751212123,-0.006572828751212123,1438.8699951171875,1
136,2007-04-12,109047.66628385853,109047.66628385853,0.006206296427920144,0.006206296427920144,1447.800048828125,1
137,2007-04-13,109428.02455797905,109428.02455797905,0.0034880001295067853,0.0034880001295067853,1452.8499755859375,1
138,2007-04-16,110593.96991459321,110593.96991459321,0.010654906376349693,0.010654906376349693,1468.3299560546875,1
139,2007-04-17,110831.22837536527,110831.22837536527,0.0021453110052500612,0.0021453110052500612,1471.47998046875,1
140,2007-04-18,110908.05580021362,110908.05580021362,0.0006931929382587576,0.0006931929382587576,1472.5,1
141,2007-04-19,110774.73870348062,110774.73870348062,-0.0012020506154499788,-0.0012020506154499788,1470.72998046875,1
142,2007-04-20,111800.59077713473,111800.59077713473,0.009260704070808812,0.009260704070808812,1484.3499755859375,1
143,2007-04-23,111543.0037576815,111543.0037576815,-0.002303986210293929,-0.002303986210293929,1480.9300537109375,1
144,2007-04-24,111503.8361140896,111503.8361140896,-0.00035114388417389897,-0.00035114388417389897,1480.4100341796875,1
145,2007-04-25,112634.3834829505,112634.3834829505,0.010139089454322736,0.010139089454322736,1495.4200439453125,1
146,2007-04-26,112546.25628486872,112546.25628486872,-0.0007824182576994243,-0.0007824182576994243,1494.25,1
147,2007-04-27,112532.6947181321,112532.6947181321,-0.00012049771519984098,-0.00012049771519984098,1494.0699462890625,1
148,2007-04-30,111651.45951444443,111651.45951444443,-0.00783092598906443,-0.00783092598906443,1482.3699951171875,1
149,2007-05-01,111947.46944060436,111947.46944060436,0.002651196208694806,0.002651196208694806,1486.300048828125,1
150,2007-05-02,112672.04326420695,112672.04326420695,0.0064724448638566745,0.0064724448638566745,1495.9200439453125,1
151,2007-05-03,113159.35862703747,113159.35862703747,0.004325077887225248,0.004325077887225248,1502.3900146484375,1
152,2007-05-04,113402.63934286886,113402.63934286886,0.002149894792468965,0.002149894792468965,1505.6199951171875,1
153,2007-05-07,113693.37175085467,113693.37175085467,0.0025637181786113405,0.0025637181786113405,1509.47998046875,1
154,2007-05-08,113560.8085852894,113560.8085852894,-0.0011659709227004322,-0.0011659709227004322,1507.719970703125,1
155,2007-05-09,113926.86055578808,113926.86055578808,0.0032234005292746115,0.0032234005292746115,1512.5799560546875,1
156,2007-05-10,112336.86569445512,112336.86569445512,-0.013956277330703482,-0.013956277330703482,1491.469970703125,1
157,2007-05-11,113419.96137116161,113419.96137116161,0.00964149809602488,0.00964149809602488,1505.8499755859375,1
158,2007-05-14,113216.60223008985,113216.60223008985,-0.0017929748750864505,-0.0017929748750864505,1503.1500244140625,1
159,2007-05-15,113068.9696354525,113068.9696354525,-0.0013039836183859066,-0.0013039836183859066,1501.18994140625,1
160,2007-05-16,114044.36348656379,114044.36348656379,0.008626538777668946,0.008626538777668946,1514.1400146484375,1
161,2007-05-17,113939.66819135698,113939.66819135698,-0.000918022530934981,-0.000918022530934981,1512.75,1
162,2007-05-18,114692.86381648577,114692.86381648577,0.006610477607007059,0.006610477607007059,1522.75,1
163,2007-05-21,114869.86294953452,114869.86294953452,0.0015432445154737184,0.0015432445154737184,1525.0999755859375,1
164,2007-05-22,114796.05124935712,114796.05124935712,-0.0006425680181217919,-0.0006425680181217919,1524.1199951171875,1
165,2007-05-23,114657.46582873251,114657.46582873251,-0.001207231600010128,-0.001207231600010128,1522.280029296875,1
166,2007-05-24,113544.9944193321,113544.9944193321,-0.009702564079535403,-0.009702564079535403,1507.510009765625,1
167,2007-05-25,114164.11901656016,114164.11901656016,0.00545268067865301,0.00545268067865301,1515.72998046875,1
168,2007-05-29,114343.3799431121,114343.3799431121,0.0015702037391094326,0.0015702037391094326,1518.1099853515625,1
169,2007-05-30,115256.2526729969,115256.2526729969,0.007983608061428393,0.007983608061428393,1530.22998046875,1
170,2007-05-31,115285.62840569082,115285.62840569082,0.00025487322390449485,0.00025487322390449485,1530.6199951171875,1
171,2007-06-01,115716.45409663668,115716.45409663668,0.0037370286036848555,0.0037370286036848555,1536.3399658203125,1
172,2007-06-04,115930.36827405667,115930.36827405667,0.0018486063981995038,0.0018486063981995038,1539.1800537109375,1
173,2007-06-05,115310.48055137835,115310.48055137835,-0.005347069382311664,-0.005347069382311664,1530.949951171875,1
174,2007-06-06,114288.3981335629,114288.3981335629,-0.008863742592418067,-0.008863742592418067,1517.3800048828125,1
175,2007-06-07,112280.37602257046,112280.37602257046,-0.017569780868271323,-0.017569780868271323,1490.719970703125,1
176,2007-06-08,113557.04812373327,113557.04812373327,0.011370393887050856,0.011370393887050856,1507.6700439453125,1
177,2007-06-11,113666.25781166393,113666.25781166393,0.0009617165093236402,0.0009617165093236402,1509.1199951171875,1
178,2007-06-12,112452.10683172764,112452.10683172764,-0.010681718597158829,-0.010681718597158829,1493.0,1
179,2007-06-13,114159.60462383629,114159.60462383629,0.015184222334435615,0.015184222334435615,1515.6700439453125,1
180,2007-06-14,114709.4319136108,114709.4319136108,0.004816303381447673,0.004816303381447673,1522.969970703125,1
181,2007-06-15,115458.11314601572,115458.11314601572,0.006526762620259197,0.006526762620259197,1532.9100341796875,1
182,2007-06-18,115318.01986305567,115318.01986305567,-0.0012133688932095543,-0.0012133688932095543,1531.050048828125,1
183,2007-06-19,115517.60934828877,115517.60934828877,0.0017307744745367337,0.0017307744745367337,1533.699951171875,1
184,2007-06-20,113946.44437758403,113946.44437758403,-0.013601086272203133,-0.013601086272203133,1512.8399658203125,1
185,2007-06-21,114650.68044822293,114650.68044822293,0.006180412864005502,0.006180412864005502,1522.18994140625,1
186,2007-06-22,113172.16626260636,113172.16626260636,-0.012895816927002701,-0.012895816927002701,1502.56005859375,1
187,2007-06-25,112809.12082249607,112809.12082249607,-0.0032079039581859314,-0.0032079039581859314,1497.739990234375,1
188,2007-06-26,112443.82278316512,112443.82278316512,-0.0032381959602871824,-0.0032381959602871824,1492.8900146484375,1
189,2007-06-27,113456.86722125032,113456.86722125032,0.009009338290096425,0.009009338290096425,1506.3399658203125,1
190,2007-06-28,113409.4155290959,113409.4155290959,-0.0004182355225962331,-0.0004182355225962331,1505.7099609375,1
191,2007-06-29,113231.66246487941,113231.66246487941,-0.0015673572021088766,-0.0015673572021088766,1503.3499755859375,1
192,2007-07-02,114442.80691442732,114442.80691442732,0.010696164157472765,0.010696164157472765,1519.4300537109375,1
193,2007-07-03,114852.54092124177,114852.54092124177,0.0035802512876219605,0.0035802512876219605,1524.8699951171875,1
194,2007-07-05,114892.4624960014,114892.4624960014,0.0003475898263931576,0.0003475898263931576,1525.4000244140625,1
195,2007-07-06,115272.06683895418,115272.06683895418,0.0033039969263952695,0.0033039969263952695,1530.43994140625,1
196,2007-07-09,115378.26999649646,115378.26999649646,0.0009213260458897921,0.0009213260458897921,1531.8499755859375,1
197,2007-07-10,113741.5773741768,113741.5773741768,-0.014185449499020453,-0.014185449499020453,1510.1199951171875,1
198,2007-07-11,114392.33949760198,114392.33949760198,0.005721409342551498,0.005721409342551498,1518.760009765625,1
199,2007-07-12,116572.08322346908,116572.08322346908,0.01905497986526261,0.01905497986526261,1547.699951171875,1
200,2007-07-13,116933.6208012439,116933.6208012439,0.00310140788238078,0.00310140788238078,1552.5,1
201,2007-07-16,116709.16997604074,116709.16997604074,-0.0019194721215780586,-0.0019194721215780586,1549.52001953125,1
202,2007-07-17,116697.87020280729,116697.87020280729,-9.681992628141067e-05,-9.681992628141067e-05,1549.3699951171875,1
203,2007-07-18,116456.8512804791,116456.8512804791,-0.0020653240878288903,-0.0020653240878288903,1546.1700439453125,1
204,2007-07-19,116977.30283755966,116977.30283755966,0.0044690505655788915,0.0044690505655788915,1553.0799560546875,1
205,2007-07-20,115547.73901215043,115547.73901215043,-0.012220864994591296,-0.012220864994591296,1534.0999755859375,1
206,2007-07-23,116110.37393749383,116110.37393749383,0.004869285458577677,0.004869285458577677,1541.5699462890625,1
207,2007-07-24,113810.87468163038,113810.87468163038,-0.01980442554686246,-0.01980442554686246,1511.0400390625,1
208,2007-07-25,114341.87208077664,114341.87208077664,0.004665612144987508,0.004665612144987508,1518.0899658203125,1
209,2007-07-26,111673.30512974357,111673.30512974357,-0.02333849273648292,-0.02333849273648292,1482.6600341796875,1
210,2007-07-27,109887.4720504511,109887.4720504511,-0.01599158435597181,-0.01599158435597181,1458.949951171875,1
211,2007-07-30,111014.25895775588,111014.25895775588,0.010254006997153065,0.010254006997153065,1473.9100341796875,1
212,2007-07-31,109610.30120920193,109610.30120920193,-0.012646643428824711,-0.012646643428824711,1455.27001953125,1
213,2007-08-01,110404.17234025808,110404.17234025808,0.007242669003718616,0.007242669003718616,1465.81005859375,1
214,2007-08-02,110885.45625374674,110885.45625374674,0.004359290987711706,0.004359290987711706,1472.199951171875,1
215,2007-08-03,107937.4566679613,107937.4566679613,-0.026585989591270898,-0.026585989591270898,1433.06005859375,1
216,2007-08-06,110544.26562321813,110544.26562321813,0.024151105980530163,0.024151105980530163,1467.6700439453125,1
217,2007-08-07,111225.14821622243,111225.14821622243,0.006159366016551537,0.006159366016551537,1476.7099609375,1
218,2007-08-08,112790.29093186786,112790.29093186786,0.014071842031649018,0.014071842031649018,1497.489990234375,1
219,2007-08-09,109446.10051743954,109446.10051743954,-0.029649630183580356,-0.029649630183580356,1453.0899658203125,1
220,2007-08-10,109487.52995453464,109487.52995453464,0.0003785373521689728,0.0003785373521689728,1453.6400146484375,1
221,2007-08-13,109433.30207615317,109433.30207615317,-0.0004952881702965373,-0.0004952881702965373,1452.9200439453125,1
222,2007-08-14,107446.37164929214,107446.37164929214,-0.018156542744898196,-0.018156542744898196,1426.5400390625,1
223,2007-08-15,105952.0249091532,105952.0249091532,-0.013907838088907498,-0.013907838088907498,1406.699951171875,1
224,2007-08-16,106296.24045863528,106296.24045863528,0.003248786889889166,0.003248786889889166,1411.27001953125,1
225,2007-08-17,108907.56380661594,108907.56380661594,0.024566469488606746,0.024566469488606746,1445.93994140625,1
226,2007-08-20,108878.19726820456,108878.19726820456,-0.00026964645415750166,-0.00026964645415750166,1445.550048828125,1
227,2007-08-21,108996.44493586547,108996.44493586547,0.0010860546062276821,0.0010860546062276821,1447.1199951171875,1
228,2007-08-22,110273.10784274574,110273.10784274574,0.011712885751746116,0.011712885751746116,1464.0699462890625,1
229,2007-08-23,110154.86017508483,110154.86017508483,-0.001072316451165345,-0.001072316451165345,1462.5,1
230,2007-08-24,111425.50082690579,111425.50082690579,0.011535039396367575,0.011535039396367575,1479.3699951171875,1
231,2007-08-27,110477.98404043549,110477.98404043549,-0.008503590106740622,-0.008503590106740622,1466.7900390625,1
232,2007-08-28,107884.72745763278,107884.72745763278,-0.023473062124790167,-0.023473062124790167,1432.3599853515625,1
233,2007-08-29,110249.76355939366,110249.76355939366,0.021921880487575596,0.021921880487575596,1463.760009765625,1
234,2007-08-30,109788.80820458615,109788.80820458615,-0.0041810099171702975,-0.0041810099171702975,1457.6400146484375,1
235,2007-08-31,111020.2812128152,111020.2812128152,0.011216744478492302,0.011216744478492302,1473.989990234375,1
236,2007-09-04,112182.46610787323,112182.46610787323,0.01046822150297233,0.01046822150297233,1489.4200439453125,1
237,2007-09-05,110892.24163425632,110892.24163425632,-0.011501124180816724,-0.011501124180816724,1472.2900390625,1
238,2007-09-06,111363.74283112955,111363.74283112955,0.0042518862449216765,0.0042518862449216765,1478.550048828125,1
239,2007-09-07,109480.75376830758,109480.75376830758,-0.016908457052106418,-0.016908457052106418,1453.550048828125,1
240,2007-09-10,109341.40522223273,109341.40522223273,-0.0012728131774626394,-0.0012728131774626394,1451.699951171875,1
241,2007-09-11,110831.98230653301,110831.98230653301,0.013632320540153398,0.013632320540153398,1471.489990234375,1
242,2007-09-12,110837.25982470713,110837.25982470713,4.761728577151736e-05,4.761728577151736e-05,1471.56005859375,1
243,2007-09-13,111770.46111327306,111770.46111327306,0.008419562970447103,0.008419562970447103,1483.949951171875,1
244,2007-09-14,111793.06065973995,111793.06065973995,0.0002021960564695391,0.0002021960564695391,1484.25,1
245,2007-09-17,111220.63382349857,111220.63382349857,-0.0051204147454522175,-0.0051204147454522175,1476.6500244140625,1
246,2007-09-18,114469.16692245033,114469.16692245033,0.02920800742879237,0.02920800742879237,1519.780029296875,1
247,2007-09-19,115165.87287569445,115165.87287569445,0.0060864071258255326,0.0060864071258255326,1529.030029296875,1
248,2007-09-20,114391.58556643425,114391.58556643425,-0.00672323571146749,-0.00672323571146749,1518.75,1
249,2007-09-21,114918.8225040244,114918.8225040244,0.004609053497942384,0.004609053497942384,1525.75,1
250,2007-09-24,114314.75814158592,114314.75814158592,-0.0052564440643945165,-0.0052564440643945165,1517.72998046875,1
251,2007-09-25,114275.59049799401,114275.59049799401,-0.00034262980763510864,-0.00034262980763510864,1517.2099609375,1
252,2007-09-26,114893.97035833687,114893.97035833687,0.005411303128236344,0.005411303128236344,1525.4200439453125,1
253,2007-09-27,115342.87200874322,115342.87200874322,0.003907094941590916,0.003907094941590916,1531.3800048828125,1
254,2007-09-28,114994.14206653729,114994.14206653729,-0.0030234199663373706,-0.0030234199663373706,1526.75,1
255,2007-10-01,116522.378932094,116522.378932094,0.013289693179957318,0.013289693179957318,1547.0400390625,1
256,2007-10-02,116491.49533706461,116491.49533706461,-0.00026504432292262514,-0.00026504432292262514,1546.6300048828125,1
257,2007-10-03,115961.24267480354,115961.24267480354,-0.004551857289897487,-0.004551857289897487,1539.5899658203125,1
258,2007-10-04,116206.03125297038,116206.03125297038,0.002110951663853111,0.002110951663853111,1542.8399658203125,1
259,2007-10-05,117316.99480003535,117316.99480003535,0.009560291622441763,0.009560291622441763,1557.5899658203125,1
260,2007-10-08,116939.64305630322,116939.64305630322,-0.003216513893620543,-0.003216513893620543,1552.5799560546875,1
261,2007-10-09,117886.41510588831,117886.41510588831,0.008096245420633474,0.008096245420633474,1565.1500244140625,1
262,2007-10-10,117684.55463286949,117684.55463286949,-0.001712330236164239,-0.001712330236164239,1562.469970703125,1
263,2007-10-11,117077.4837400426,117077.4837400426,-0.005158458514124553,-0.005158458514124553,1554.4100341796875,1
264,2007-10-12,117634.09641032669,117634.09641032669,0.004754224745041391,0.004754224745041391,1561.800048828125,1
265,2007-10-15,116648.15671714969,116648.15671714969,-0.00838141086014621,-0.00838141086014621,1548.7099609375,1
266,2007-10-16,115881.4087195668,115881.4087195668,-0.006573168570868315,-0.006573168570868315,1538.530029296875,1
267,2007-10-17,116085.52179180628,116085.52179180628,0.0017613961937021916,0.0017613961937021916,1541.239990234375,1
268,2007-10-18,115998.14852489224,115998.14852489224,-0.0007526629123547623,-0.0007526629123547623,1540.0799560546875,1
269,2007-10-19,113026.7954614722,113026.7954614722,-0.025615521464831148,-0.025615521464831148,1500.6300048828125,1
270,2007-10-22,113456.11329008259,113456.11329008259,0.003798372119262039,0.003798372119262039,1506.3299560546875,1
271,2007-10-23,114454.85142454597,114454.85142454597,0.008802858704579641,0.008802858704579641,1519.5899658203125,1
272,2007-10-24,114175.41878979359,114175.41878979359,-0.0024414223711310967,-0.0024414223711310967,1515.8800048828125,1
273,2007-10-25,114063.94730835974,114063.94730835974,-0.0009763176926820272,-0.0009763176926820272,1514.4000244140625,1
274,2007-10-26,115636.62014139994,115636.62014139994,0.013787641670760742,0.013787641670760742,1535.280029296875,1
275,2007-10-29,116065.93797001033,116065.93797001033,0.0037126459428287184,0.0037126459428287184,1540.97998046875,1
276,2007-10-30,115315.75806955248,115315.75806955248,-0.006463394115263088,-0.006463394115263088,1531.02001953125,1
277,2007-10-31,116698.62413397503,116698.62413397503,0.011991995609034412,0.011991995609034412,1549.3800048828125,1
278,2007-11-01,113615.03646367085,113615.03646367085,-0.026423513500588358,-0.026423513500588358,1508.43994140625,1
279,2007-11-02,113706.17938642357,113706.17938642357,0.0008022082779672868,0.0008022082779672868,1509.6500244140625,1
280,2007-11-05,113142.79052991244,113142.79052991244,-0.004954777827830159,-0.004954777827830159,1502.1700439453125,1
281,2007-11-06,114506.07277253903,114506.07277253903,0.012049218834373487,0.012049218834373487,1520.27001953125,1
282,2007-11-07,111143.0524674825,111143.0524674825,-0.02936979868078282,-0.02936979868078282,1475.6199951171875,1
283,2007-11-08,111079.03267820306,111079.03267820306,-0.0005760125159255391,-0.0005760125159255391,1474.77001953125,1
284,2007-11-09,109492.04434725849,109492.04434725849,-0.014287019725334638,-0.014287019725334638,1453.699951171875,1
285,2007-11-12,108398.41202276883,108398.41202276883,-0.009988235501578235,-0.009988235501578235,1439.1800537109375,1
286,2007-11-13,111552.04173741174,111552.04173741174,0.029092951232353004,0.029092951232353004,1481.050048828125,1
287,2007-11-14,110763.43893024718,110763.43893024718,-0.00706937134347474,-0.00706937134347474,1470.5799560546875,1
288,2007-11-15,109299.98497942017,109299.98497942017,-0.013212427900045731,-0.013212427900045731,1451.1500244140625,1
289,2007-11-16,109871.6578844938,109871.6578844938,0.005230310920731229,0.005230310920731229,1458.739990234375,1
290,2007-11-19,107953.2708339186,107953.2708339186,-0.017460253968243244,-0.017460253968243244,1433.27001953125,1
291,2007-11-20,108437.5704720782,108437.5704720782,0.004486196985218349,0.004486196985218349,1439.699951171875,1
292,2007-11-21,106710.49805245611,106710.49805245611,-0.015926882279853283,-0.015926882279853283,1416.77001953125,1
293,2007-11-23,108512.89003459107,108512.89003459107,0.01689048420755146,0.01689048420755146,1440.699951171875,1
294,2007-11-26,108407.38985350273,105991.19255274511,-0.0009722363956458091,-0.023238690638891946,1407.219970703125,0
295,2007-11-27,108407.38985350273,107573.65729668328,0.0,0.014930153212029174,1428.22998046875,0
296,2007-11-28,108407.38985350273,110645.94519375401,0.0,0.028559853539212643,1469.02001953125,0
297,2007-11-29,108407.38985350273,110698.6652098,0.0,0.00047647490338365017,1469.719970703125,0
298,2007-11-30,108407.38985350273,111558.8179236388,0.0,0.0077702175740654855,1481.1400146484375,0
299,2007-12-03,108407.38985350273,110902.0335451543,0.0,-0.005887337197621134,1472.4200439453125,0
300,2007-12-04,108407.38985350273,110176.70579038397,0.0,-0.006540256581273662,1462.7900390625,0
301,2007-12-05,108407.38985350273,111850.30426279233,0.0,0.015190129895446658,1485.010009765625,0
302,2007-12-06,108407.38985350273,113532.1867837632,0.0,0.015036906086721924,1507.3399658203125,0
303,2007-12-07,108407.38985350273,113330.3355050269,0.0,-0.0017779211733210953,1504.6600341796875,0
304,2007-12-10,109079.7928391271,114181.44104485291,0.0062025567309851315,0.007509953412149439,1515.9599609375,1
305,2007-12-11,106323.2293101851,111295.95338601145,-0.025271074111842484,-0.025271074111842595,1477.6500244140625,1
306,2007-12-12,106966.49627086696,111969.30586162097,0.006050107439882435,0.006050107439882435,1486.5899658203125,1
307,2007-12-13,107097.45796161696,112106.39261419262,0.0012243243942324789,0.0012243243942322568,1488.4100341796875,1
308,2007-12-14,105625.26761789354,110565.34811306701,-0.01374626785493871,-0.01374626785493871,1467.949951171875,1
309,2007-12-17,104038.68122719976,108904.55727622756,-0.015020898185397757,-0.015020898185397868,1445.9000244140625,1
310,2007-12-18,104692.0228397455,109588.45559390278,0.006279795215002437,0.006279795215002437,1454.97998046875,1
311,2007-12-19,104567.20166248175,109439.32433121248,-0.001192270183324573,-0.0013608300425632658,1453.0,0
312,2007-12-20,104567.20166248175,109975.59924853289,0.0,0.004900203108869627,1460.1199951171875,0
313,2007-12-21,104567.20166248175,111808.87482569723,0.0,0.01666983939793165,1484.4599609375,0
314,2007-12-24,104567.20166248175,112711.95564468404,0.0,0.008077004803014542,1496.449951171875,0
315,2007-12-26,104640.20925256732,112803.09856743675,0.0006981882361281055,0.0008086358029313345,1497.6600341796875,1
316,2007-12-27,103145.70745800356,111192.01202197238,-0.014282289812289295,-0.014282289812289406,1476.27001953125,1
317,2007-12-28,103300.81488799972,111359.21924412316,0.0015037700920255137,0.0015037700920255137,1478.489990234375,1
318,2007-12-31,102593.04022187021,110596.2317080964,-0.006851588410961562,-0.006851588410961562,1468.3599853515625,1
319,2008-01-02,101111.81799777296,108999.46066053638,-0.014437843160646335,-0.014437843160646557,1447.1600341796875,1
320,2008-01-03,101037.92891542891,108999.46066053638,-0.0007307660351401069,0.0,1447.1600341796875,0
321,2008-01-04,101037.92891542891,106323.35439782601,0.0,-0.024551555085623122,1411.6300048828125,0
322,2008-01-07,101037.92891542891,106666.06208497261,0.0,0.0032232587947169655,1416.1800537109375,0
323,2008-01-08,101037.92891542891,104708.49819652297,0.0,-0.018352265474000595,1390.18994140625,0
324,2008-01-09,101037.92891542891,106135.05549154381,0.0,0.013624083236714934,1409.1300048828125,0
325,2008-01-10,101037.92891542891,106978.63091397504,0.0,0.007948131920451518,1420.3299560546875,0
326,2008-01-11,101037.92891542891,105524.21494287827,0.0,-0.013595387776707546,1401.02001953125,0
327,2008-01-14,101037.92891542891,106671.3304088642,0.0,0.01087063729028337,1416.25,0
328,2008-01-15,101037.92891542891,104012.54617444657,0.0,-0.024925012411738834,1380.949951171875,0
329,2008-01-16,101037.92891542891,103428.81956497177,0.0,-0.005612078839948742,1373.199951171875,0
330,2008-01-17,101037.92891542891,100419.80672029528,0.0,-0.02909259582902124,1333.25,0
331,2008-01-18,101037.92891542891,99812.72663318587,0.0,-0.006045421784173999,1325.18994140625,0
332,2008-01-22,101037.92891542891,98706.2866731273,0.0,-0.011085159151345225,1310.5,0
333,2008-01-23,101037.92891542891,100822.76454088268,0.0,0.021442179004912187,1338.5999755859375,0
334,2008-01-24,101037.92891542891,101837.31684130334,0.0,0.01006273042641359,1352.0699462890625,0
335,2008-01-25,101037.92891542891,100220.96197194738,0.0,-0.015871931031674613,1330.6099853515625,0
336,2008-01-28,101037.92891542891,101979.6719177666,0.0,0.01754832433469833,1353.9599609375,0
337,2008-01-29,101037.92891542891,102607.84368900742,0.0,0.0061597743886385725,1362.300048828125,0
338,2008-01-30,101037.92891542891,102119.02046384144,0.0,-0.0047639947161109975,1355.81005859375,0
339,2008-01-31,101037.92891542891,103831.78657984169,0.0,0.016772253672436177,1378.550048828125,0
340,2008-02-01,101037.92891542891,105102.42723166266,0.0,0.01223749194418322,1395.4200439453125,0
341,2008-02-04,101037.92891542891,104002.7542635486,0.0,-0.010462869384454843,1380.8199462890625,0
342,2008-02-05,101037.92891542891,100675.14114052785,0.0,-0.031995432684296055,1336.6400146484375,0
343,2008-02-06,101037.92891542891,99907.6300174947,0.0,-0.007623640894248385,1326.449951171875,0
344,2008-02-07,101037.92891542891,100695.47889349153,0.0,0.007885772846967454,1336.9100341796875,0
345,2008-02-08,101037.92891542891,100272.18331994045,0.0,-0.004203719751894819,1331.2900390625,0
346,2008-02-11,101037.92891542891,100862.68611564231,0.0,0.005888999083801139,1339.1300048828125,0
347,2008-02-12,101037.92891542891,101595.54398780741,0.0,0.007265896838448693,1348.8599853515625,0
348,2008-02-13,101037.92891542891,102977.65612106223,0.0,0.013604062530741423,1367.2099609375,0
349,2008-02-14,101037.92891542891,101595.54398780741,0.0,-0.013421475932895444,1348.8599853515625,0
350,2008-02-15,101037.92891542891,101680.65546121827,0.0,0.0008377480947499016,1349.989990234375,0
351,2008-02-19,101037.92891542891,101589.5217327481,0.0,-0.0008962740066612573,1348.780029296875,0
352,2008-02-20,101037.92891542891,102436.86681101799,0.0,0.008340870828184466,1360.030029296875,0
353,2008-02-21,101037.92891542891,101118.7744670426,0.0,-0.012867362942748706,1342.530029296875,0
354,2008-02-22,101037.92891542891,101915.65212848716,0.0,0.007880610357914097,1353.1099853515625,0
355,2008-02-25,101037.92891542891,103323.37953287977,0.0,0.013812671311937974,1371.800048828125,0
356,2008-02-26,101037.92891542891,104038.16144558438,0.0,0.006917910698780005,1381.2900390625,0
357,2008-02-27,101037.92891542891,103942.50413010782,0.0,-0.0009194445013966934,1380.02001953125,0
358,2008-02-28,101037.92891542891,103013.06330309801,0.0,-0.00894187449867856,1367.6800537109375,0
359,2008-02-29,101037.92891542891,100222.46983428285,0.0,-0.027089704735838493,1330.6300048828125,0
360,2008-03-03,101037.92891542891,100275.94378149658,0.0,0.0005335524788219193,1331.3399658203125,0
361,2008-03-04,101037.92891542891,99930.22956396158,0.0,-0.003447628658457935,1326.75,0
362,2008-03-05,101037.92891542891,100453.69684571307,0.0,0.005238327621537531,1333.699951171875,0
363,2008-03-06,101037.92891542891,98242.31559364886,0.0,-0.022013935987449718,1304.3399658203125,0
364,2008-03-07,101037.92891542891,97416.06219951039,0.0,-0.008410361554953893,1293.3699951171875,0
365,2008-03-10,101037.92891542891,95909.67094925282,0.0,-0.01546347918654778,1273.3699951171875,0
366,2008-03-11,101037.92891542891,99470.78207148952,0.0,0.037129844018763736,1320.6500244140625,0
367,2008-03-12,101037.92891542891,98575.98530106523,0.0,-0.008995573894062692,1308.77001953125,0
368,2008-03-13,101037.92891542891,99081.37662335623,0.0,0.005126921336342294,1315.47998046875,0
369,2008-03-14,101037.92891542891,97022.14235865325,0.0,-0.02078326255529206,1288.1400146484375,0
370,2008-03-17,101037.92891542891,96152.95166508421,0.0,-0.008958683785356691,1276.5999755859375,0
371,2008-03-18,101037.92891542891,100230.75388284535,0.0,0.04240953758720556,1330.739990234375,0
372,2008-03-19,101037.92891542891,97796.42966791344,0.0,-0.02428719849575578,1298.4200439453125,0
373,2008-03-20,101037.92891542891,100138.11229203972,0.0,0.0239444592412823,1329.510009765625,0
374,2008-03-24,101037.92891542891,101672.37141265576,0.0,0.015321430427423843,1349.8800048828125,0
375,2008-03-25,101037.92891542891,101906.61414875691,0.0,0.0023038976355773677,1352.989990234375,0
376,2008-03-26,101037.92891542891,101013.32524066807,0.0,-0.008765759863092693,1341.1300048828125,0
377,2008-03-27,101037.92891542891,99855.66393261643,0.0,-0.011460481132498757,1325.760009765625,0
378,2008-03-28,101037.92891542891,99061.79280156028,0.0,-0.00795018629681199,1315.219970703125,0
379,2008-03-31,101037.92891542891,99625.18165807141,0.0,0.0056872467232620405,1322.699951171875,0
380,2008-04-01,101037.92891542891,103201.36220938021,0.0,0.03589635162305438,1370.1800537109375,0
381,2008-04-02,101037.92891542891,103001.76352986458,0.0,-0.0019340702025878453,1367.530029296875,0
382,2008-04-03,101037.92891542891,103135.8345577653,0.0,0.001301638178863307,1369.31005859375,0
383,2008-04-04,101037.92891542891,103217.93030650522,0.0,0.0007959963585104646,1370.4000244140625,0
384,2008-04-07,101037.92891542891,103379.11527359669,0.0,0.0015615985189088022,1372.5400390625,0
385,2008-04-08,101037.92891542891,102851.87833600654,0.0,-0.005100033369358936,1365.5400390625,0
386,2008-04-09,101037.92891542891,102019.59349252623,0.0,-0.008092072375784243,1354.489990234375,0
387,2008-04-10,101037.92891542891,102476.03445460988,0.0,0.004474051958627934,1360.550048828125,0
388,2008-04-11,101037.92891542891,100388.16919409817,0.0,-0.020374180867005487,1332.8299560546875,0
389,2008-04-14,101037.92891542891,100048.47723162248,0.0,-0.0033837848145122917,1328.3199462890625,0
390,2008-04-15,101037.92891542891,100508.6878495448,0.0,0.004599876286541349,1334.4300537109375,0
391,2008-04-16,101037.92891542891,102789.35721478003,0.0,0.022691265939609462,1364.7099609375,0
392,2008-04-17,101037.92891542891,102853.386198342,0.0,0.0006229145243916712,1365.56005859375,0
393,2008-04-18,101037.92891542891,104719.04403858868,0.0,0.01813900260560164,1390.3299560546875,0
394,2008-04-21,101037.92891542891,104556.36040344428,0.0,-0.001553524830540276,1388.1700439453125,0
395,2008-04-22,101037.92891542891,103635.19443071446,0.0,-0.008810233726340377,1375.93994140625,0
396,2008-04-23,101037.92891542891,103935.72794388077,0.0,0.0028999174924810855,1379.9300537109375,0
397,2008-04-24,101037.92891542891,104605.31076365164,0.0,0.006442277675030139,1388.8199462890625,0
398,2008-04-25,101037.92891542891,105284.694688603,0.0,0.006494736452591576,1397.8399658203125,0
399,2008-04-28,101037.92891542891,105173.97713833688,0.0,-0.0010516015703287973,1396.3699951171875,0
400,2008-04-29,101037.92891542891,104764.98786840762,0.0,-0.003888692631555668,1390.93994140625,0
401,2008-04-30,101037.92891542891,104362.03004782024,0.0,-0.0038463023648084294,1385.5899658203125,0
402,2008-05-01,101037.92891542891,106150.8696575011,0.0,0.01714071304344289,1409.3399658203125,0
403,2008-05-02,101037.92891542891,106494.33127581545,0.0,0.0032355987230490157,1413.9000244140625,0
404,2008-05-05,101037.92891542891,106011.53030570879,0.0,-0.0045335837534509205,1407.489990234375,0
405,2008-05-06,101037.92891542891,106822.72346505769,0.0,0.007651933303949532,1418.260009765625,0
406,2008-05-07,101037.92891542891,104887.75912307492,0.0,-0.018113789643415146,1392.5699462890625,0
407,2008-05-08,101037.92891542891,105272.65017848436,0.0,0.0036695517058173976,1397.6800537109375,0
408,2008-05-09,101037.92891542891,104564.6444520068,0.0,-0.0067254479228666675,1388.280029296875,0
409,2008-05-12,101037.92891542891,105717.02824188433,0.0,0.011020778542468523,1403.5799560546875,0
410,2008-05-13,101037.92891542891,105676.3619302395,0.0,-0.00038467134690722826,1403.0400390625,0
411,2008-05-14,101037.92891542891,106099.65750379057,0.0,0.0040055842746602455,1408.6600341796875,0
412,2008-05-15,101037.92891542891,107222.66556097416,0.0,0.01058446448937378,1423.5699462890625,0
413,2008-05-16,101037.92891542891,107356.73658887489,0.0,0.0012503981989189228,1425.3499755859375,0
414,2008-05-19,101037.92891542891,107453.14783551918,0.0,0.0008980456160241346,1426.6300048828125,0
415,2008-05-20,101037.92891542891,106456.671494559,0.0,-0.00927358910402043,1413.4000244140625,0
416,2008-05-21,101037.92891542891,104747.66584011487,0.0,-0.016053532676263305,1390.7099609375,0
417,2008-05-22,101037.92891542891,105021.83015097566,0.0,0.0026173787135195248,1394.3499755859375,0
418,2008-05-23,101037.92891542891,103634.44969382926,0.0,-0.013210400686713863,1375.9300537109375,0
419,2008-05-27,101037.92891542891,104343.95408835975,0.0,0.006846221470047986,1385.3499755859375,0
420,2008-05-28,101037.92891542891,104757.45775101284,0.0,0.003962890483361736,1390.8399658203125,0
421,2008-05-29,101037.92891542891,105316.33221480012,0.0,0.005334937252062799,1398.260009765625,0
422,2008-05-30,101037.92891542891,105476.00931955612,0.0,0.0015161665944682934,1400.3800048828125,0
423,2008-06-02,101037.92891542891,104368.0614971621,0.0,-0.010504263761414445,1385.6700439453125,0
424,2008-06-03,101037.92891542891,103763.9971347236,0.0,-0.005787827748960583,1377.6500244140625,0
425,2008-06-04,101037.92891542891,103730.09781502328,0.0,-0.0003266963555412783,1377.199951171875,0
426,2008-06-05,101037.92891542891,105752.4354239201,0.0,0.019496150601372664,1404.050048828125,0
427,2008-06-06,101037.92891542891,102485.82636550786,0.0,-0.030889208795217726,1360.6800537109375,0
428,2008-06-09,101037.92891542891,102567.16818308005,0.0,0.0007936884587542714,1361.760009765625,0
429,2008-06-10,101037.92891542891,102317.10208673908,0.0,-0.002438071565889488,1358.43994140625,0
430,2008-06-11,101037.92891542891,100588.52180478153,0.0,-0.01689434363076614,1335.489990234375,0
431,2008-06-12,101037.92891542891,100918.42185635924,0.0,0.0032796987733647587,1339.8699951171875,0
432,2008-06-13,101037.92891542891,102436.86681101799,0.0,0.015046261393385718,1360.030029296875,0
433,2008-06-16,101037.92891542891,102445.15085958049,0.0,8.086979639654324e-05,1360.1400146484375,0
434,2008-06-17,101037.92891542891,101751.4606310073,0.0,-0.006771332979186306,1350.9300537109375,0
435,2008-06-18,101037.92891542891,100763.26833860963,0.0,-0.009711824147480841,1337.81005859375,0
436,2008-06-19,101037.92891542891,101141.36481922695,0.0,0.003752324501292925,1342.8299560546875,0
437,2008-06-20,101037.92891542891,99265.91506808231,0.0,-0.018542855877975217,1317.9300537109375,0
438,2008-06-23,101037.92891542891,99271.18339197389,0.0,5.307283862698853e-05,1318.0,0
439,2008-06-24,101037.92891542891,98991.75075722153,0.0,-0.002814841378983246,1314.2900390625,0
440,2008-06-25,101037.92891542891,99570.19984852221,0.0,0.005843407020038827,1321.969970703125,0
441,2008-06-26,101037.92891542891,96646.29847725658,0.0,-0.029365225496321257,1283.1500244140625,0
442,2008-06-27,101037.92891542891,96287.02269298495,0.0,-0.0037174293266512004,1278.3800048828125,0
443,2008-06-30,101037.92891542891,96409.0400164845,0.0,0.0012672250121246176,1280.0,0
444,2008-07-01,101037.92891542891,96778.86164282185,0.0,0.003835964202880904,1284.9100341796875,0
445,2008-07-02,101037.92891542891,95017.13597233171,0.0,-0.01820362050746238,1261.52001953125,0
446,2008-07-03,101037.92891542891,95121.07733637078,0.0,0.0010939223012293997,1262.9000244140625,0
447,2008-07-07,101037.92891542891,94323.44574375851,0.0,-0.008385434805281533,1252.31005859375,0
448,2008-07-08,101037.92891542891,95934.52309494036,0.0,0.017080348777318344,1273.699951171875,0
449,2008-07-09,101037.92891542891,93749.50185089915,0.0,-0.022776172472122824,1244.68994140625,0
450,2008-07-10,101037.92891542891,94404.78756133071,0.0,0.0069897513852792414,1253.3900146484375,0
451,2008-07-11,101037.92891542891,93357.8438035452,0.0,-0.011089943474586583,1239.489990234375,0
452,2008-07-14,101037.92891542891,92515.0223122817,0.0,-0.00902785943768225,1228.300048828125,0
453,2008-07-15,101037.92891542891,91506.49226692035,0.0,-0.010901257116461394,1214.9100341796875,0
454,2008-07-16,101037.92891542891,93799.96926772449,0.0,0.02506354406105049,1245.3599853515625,0
455,2008-07-17,101037.92891542891,94926.74698074674,0.0,0.012012559511679566,1260.3199462890625,0
456,2008-07-18,101037.92891542891,94953.87011422,0.0,0.00028572698776629935,1260.6800537109375,0
457,2008-07-21,101037.92891542891,94902.64876622694,0.0,-0.0005394340212931947,1260.0,0
458,2008-07-22,101037.92891542891,96183.08132894587,0.0,0.013492063492063444,1277.0,0
459,2008-07-23,101037.92891542891,96573.98544513209,0.0,0.004064167115309214,1282.18994140625,0
460,2008-07-24,101037.92891542891,94340.76777205127,0.0,-0.023124422822433877,1252.5400390625,0
461,2008-07-25,101037.92891542891,94733.93368174069,0.0,0.00416750805589583,1257.760009765625,0
462,2008-07-28,101037.92891542891,92972.20801125055,0.0,-0.01859656410350985,1234.3699951171875,0
463,2008-07-29,101037.92891542891,95143.66768855513,0.0,0.023356008464828548,1263.199951171875,0
464,2008-07-30,101037.92891542891,96729.90208833198,0.0,0.016671991298141453,1284.260009765625,0
465,2008-07-31,101037.92891542891,95458.50750534328,0.0,-0.013143759639368646,1267.3800048828125,0
466,2008-08-01,101037.92891542891,94926.00224386154,0.0,-0.005578395005305659,1260.31005859375,0
467,2008-08-04,101037.92891542891,94074.887509753,0.0,-0.00896608636190177,1249.010009765625,0
468,2008-08-05,101037.92891542891,96776.59984931865,0.0,0.028718741112345736,1284.8800048828125,0
469,2008-08-06,101037.92891542891,97101.22238272225,0.0,0.003354349438903892,1289.18994140625,0
470,2008-08-07,101037.92891542891,95359.83446519579,0.0,-0.017933738369047658,1266.0699462890625,0
471,2008-08-08,101037.92891542891,97638.25123121036,0.0,0.02389283474318682,1296.3199462890625,0
472,2008-08-11,101037.92891542891,98316.12729382627,0.0,0.006942730477737413,1305.3199462890625,0
473,2008-08-12,101037.92891542891,97131.3520465839,0.0,-0.012050670422580567,1289.5899658203125,0
474,2008-08-13,101037.92891542891,96848.14975599287,0.0,-0.0029156630132689543,1285.8299560546875,0
475,2008-08-14,101037.92891542891,97382.92600526033,0.0,0.005521801403690407,1292.9300537109375,0
476,2008-08-15,101037.92891542891,97779.85237650588,0.0,0.004075933919094776,1298.199951171875,0
477,2008-08-18,101037.92891542891,96303.59079010997,0.0,-0.015097809523290096,1278.5999755859375,0
478,2008-08-19,101037.92891542891,95406.53222618248,0.0,-0.009314902555218274,1266.68994140625,0
479,2008-08-20,101037.92891542891,95997.7981473346,0.0,0.006197331643397197,1274.5400390625,0
480,2008-08-21,101037.92891542891,96237.30920732733,0.0,0.0024949640993341404,1277.719970703125,0
481,2008-08-22,101037.92891542891,97327.9350014286,0.0,0.011332671321386378,1292.199951171875,0
482,2008-08-25,101037.92891542891,95417.83199941591,0.0,-0.019625434383095164,1266.8399658203125,0
483,2008-08-26,101037.92891542891,95769.57766629277,0.0,0.0036863724474374138,1271.510009765625,0
484,2008-08-27,101037.92891542891,96534.073064655,0.0,0.007982653959549557,1281.6600341796875,0
485,2008-08-28,101037.92891542891,97966.65261473515,0.0,0.014840144050698889,1300.6800537109375,0
486,2008-08-29,101037.92891542891,96622.19106845424,0.0,-0.013723665251360151,1282.8299560546875,0
487,2008-09-02,101037.92891542891,96226.76336526162,0.0,-0.004092514347066145,1277.5799560546875,0
488,2008-09-03,101037.92891542891,96030.93434158465,0.0,-0.0020350785667978544,1274.97998046875,0
489,2008-09-04,101037.92891542891,93157.49119286182,0.0,-0.029922057599709673,1236.8299560546875,0
490,2008-09-05,101037.92891542891,93570.25011862973,0.0,0.004430764724152825,1242.31005859375,0
491,2008-09-08,101037.92891542891,95489.39110037267,0.0,0.02051016192977806,1267.7900390625,0
492,2008-09-09,101037.92891542891,92229.55822818748,0.0,-0.03413816796421554,1224.510009765625,0
493,2008-09-10,101037.92891542891,92796.71674053726,0.0,0.006149422411268146,1232.0400390625,0
494,2008-09-11,101037.92891542891,94077.90323442392,0.0,0.013806377411702098,1249.050048828125,0
495,2008-09-12,101037.92891542891,94277.49271965704,0.0,0.002121534158087801,1251.699951171875,0
496,2008-09-15,101037.92891542891,89833.6385313972,0.0,-0.04713589702129706,1192.699951171875,0
497,2008-09-16,101037.92891542891,91407.81922677286,0.0,0.017523287725070613,1213.5999755859375,0
498,2008-09-17,101037.92891542891,87098.7899975815,0.0,-0.04714070706031326,1156.3900146484375,0
499,2008-09-18,101037.92891542891,90873.80610295567,0.0,0.043341774386062015,1206.510009765625,0
500,2008-09-19,101037.92891542891,94532.07320872186,0.0,0.0402565630586833,1255.0799560546875,0
501,2008-09-22,101037.92891542891,90917.48813927142,0.0,-0.038236599989398656,1207.0899658203125,0
502,2008-09-23,101037.92891542891,89496.2083624247,0.0,-0.01563263356626765,1188.219970703125,0
503,2008-09-24,101037.92891542891,89319.20922937595,0.0,-0.001977727730452905,1185.8699951171875,0
504,2008-09-25,101037.92891542891,91074.91264480677,0.0,0.019656504245599615,1209.1800537109375,0
505,2008-09-26,101037.92891542891,91382.96708108533,0.0,0.0033824291161275166,1213.27001953125,0
506,2008-09-29,101037.92891542891,83335.07366544077,0.0,-0.08806776221769597,1106.4200439453125,0
507,2008-09-30,101037.92891542891,87849.72382920708,0.0,0.0541746705821724,1166.3599853515625,0
508,2008-10-01,101037.92891542891,87450.53566445835,0.0,-0.004543988840816526,1161.06005859375,0
509,2008-10-02,101037.92891542891,83927.08432347809,0.0,-0.040290791979817,1114.280029296875,0
510,2008-10-03,101037.92891542891,82793.52122994624,0.0,-0.0135065229856286,1099.22998046875,0
511,2008-10-06,101037.92891542891,79604.49352755008,0.0,-0.03851784119121027,1056.8900146484375,0
512,2008-10-07,101037.92891542891,75035.60629111977,0.0,-0.05739484084336366,996.22998046875,0
513,2008-10-08,101037.92891542891,74185.25008532022,0.0,-0.01133270253725105,984.9400024414062,0
514,2008-10-09,101037.92891542891,68534.77503451887,0.0,-0.07616709580816616,909.9199829101562,0
515,2008-10-10,101037.92891542891,67728.85479620281,0.0,-0.011759289177065813,899.219970703125,0
516,2008-10-13,101037.92891542891,75571.88120844016,0.0,0.11580036951513706,1003.3499755859375,0
517,2008-10-14,101037.92891542891,75169.6773190205,0.0,-0.005322136791994225,998.010009765625,0
518,2008-10-15,101037.92891542891,68378.1136544338,0.0,-0.0903497780862258,907.8400268554688,0
519,2008-10-16,101037.92891542891,71284.69299740666,0.0,0.04250745139975631,946.4299926757812,0
520,2008-10-17,101037.92891542891,70841.81360205964,0.0,-0.006212826018106354,940.5499877929688,0
521,2008-10-20,101037.92891542891,74219.898739047,0.0,0.047684904793136695,985.4000244140625,0
522,2008-10-21,101037.92891542891,71933.94725849638,0.0,-0.03079971165937445,955.0499877929688,0
523,2008-10-22,101037.92891542891,67545.079476927,0.0,-0.06101246975642638,896.780029296875,0
524,2008-10-23,101037.92891542891,68398.44681025621,0.0,0.012634041442215027,908.1099853515625,0
525,2008-10-24,101037.92891542891,66037.9342955017,0.0,-0.034511200543819176,876.77001953125,0
526,2008-10-27,101037.92891542891,63940.28172123328,0.0,-0.03176435781413156,848.9199829101562,0
527,2008-10-28,101037.92891542891,70838.80247452998,0.0,0.10789005877973534,940.510009765625,0
528,2008-10-29,101037.92891542891,70053.97392034534,0.0,-0.011079077098555268,930.0900268554688,0
529,2008-10-30,101037.92891542891,71861.64342065442,0.0,0.025803953710955563,954.0900268554688,0
530,2008-10-31,101037.92891542891,72965.82618435107,0.0,0.01536539816147986,968.75,0
531,2008-11-03,101037.92891542891,72781.29233676626,0.0,-0.0025290448588710657,966.2999877929688,0
532,2008-11-04,101037.92891542891,75752.64999732756,0.0,0.04082584363592412,1005.75,0
533,2008-11-05,101037.92891542891,71762.22104648047,0.0,-0.05267708721725084,952.77001953125,0
534,2008-11-06,101037.92891542891,68155.16609442481,0.0,-0.05026398151360667,904.8800048828125,0
535,2008-11-07,101037.92891542891,70121.75876832216,0.0,0.028854638416884848,930.989990234375,0
536,2008-11-10,101037.92891542891,69234.49671243392,0.0,-0.012653163176065019,919.2100219726562,0
537,2008-11-11,101037.92891542891,67708.5216403804,0.0,-0.02204067545102084,898.9500122070312,0
538,2008-11-12,101037.92891542891,64194.86221029811,0.0,-0.05189390264262961,852.2999877929688,0
539,2008-11-13,101037.92891542891,68637.96246739021,0.0,0.06921270805967006,911.2899780273438,0
540,2008-11-14,101037.92891542891,65775.81909190082,0.0,-0.041699130810434415,873.2899780273438,0
541,2008-11-17,101037.92891542891,64078.1178078314,0.0,-0.025810416464710606,850.75,0
542,2008-11-18,101037.92891542891,64708.54217829289,0.0,0.00983837216243022,859.1199951171875,0
543,2008-11-19,101037.92891542891,60751.25401883711,0.0,-0.06115557585198217,806.5800170898438,0
544,2008-11-20,101037.92891542891,56673.451801075964,0.0,-0.06712293077105447,752.4400024414062,0
545,2008-11-21,101037.92891542891,60257.91180380601,0.0,0.06324760339835156,800.030029296875,0
546,2008-11-24,101037.92891542891,64157.9563602094,0.0,0.06472253086203117,851.8099975585938,0
547,2008-11-25,101037.92891542891,64578.24080623082,0.0,0.006550776705881445,857.3900146484375,0
548,2008-11-26,101037.92891542891,66859.66869977505,0.0,0.03532812081997916,887.6799926757812,0
549,2008-11-28,101037.92891542891,67504.40397099964,0.0,0.009643111965147444,896.239990234375,0
550,2008-12-01,101037.92891542891,61476.58177360743,0.0,-0.08929524361079921,816.2100219726562,0
551,2008-12-02,101037.92891542891,63931.99767267077,0.0,0.03994067054843109,848.8099975585938,0
552,2008-12-03,101037.92891542891,65583.75512692124,0.0,0.025836162084397873,870.739990234375,0
553,2008-12-04,101037.92891542891,63661.59842050738,0.0,-0.02930842710506598,845.219970703125,0
554,2008-12-05,101037.92891542891,65985.20968231444,0.0,0.03649941753675101,876.0700073242188,0
555,2008-12-08,101037.92891542891,68518.20693739384,0.0,0.0383873487297306,909.7000122070312,0
556,2008-12-09,101037.92891542891,66934.2343311202,0.0,-0.023117543162227583,888.6699829101562,0
557,2008-12-10,101037.92891542891,67730.36265853827,0.0,0.01189418741207482,899.239990234375,0
558,2008-12-11,101037.92891542891,65798.4186383677,0.0,-0.0285240465920793,873.5900268554688,0
559,2008-12-12,101037.92891542891,66260.87725836941,0.0,0.007028415417449585,879.72998046875,0
560,2008-12-15,101037.92891542891,65420.31296346785,0.0,-0.012685680143110223,868.5700073242188,0
561,2008-12-16,101037.92891542891,68780.31754385345,0.0,0.05136026454446818,913.1799926757812,0
562,2008-12-17,101037.92891542891,68120.51744069804,0.0,-0.009592862125632595,904.4199829101562,0
563,2008-12-18,101037.92891542891,66678.9045080289,0.0,-0.021162683238924562,885.280029296875,0
564,2008-12-19,101037.92891542891,66874.73353170588,0.0,0.0029368962361009388,887.8800048828125,0
565,2008-12-22,101037.92891542891,65650.79064087161,0.0,-0.018302022695222964,871.6300048828125,0
566,2008-12-23,101037.92891542891,65012.831555874065,0.0,-0.009717462330154691,863.1599731445312,0
567,2008-12-24,101037.92891542891,65388.68003441199,0.0,0.005781143038123382,868.1500244140625,0
568,2008-12-26,101037.92891542891,65738.91324181212,0.0,0.005356174910027267,872.7999877929688,0
569,2008-12-29,101037.92891542891,65484.33275274729,0.0,-0.003872599599089588,869.4199829101562,0
570,2008-12-30,101037.92891542891,67082.61625978403,0.0,0.024407112966569722,890.6400146484375,0
571,2008-12-31,101037.92891542891,68032.39483975753,0.0,0.01415834135471683,903.25,0
572,2009-01-02,101037.92891542891,70182.76743007195,0.0,0.03160806841181141,931.7999877929688,0
573,2009-01-05,101037.92891542891,69855.12917199744,0.0,-0.004668357633531017,927.4500122070312,0
574,2009-01-06,101037.92891542891,70401.1960002158,0.0,0.0078171328961949,934.7000122070312,0
575,2009-01-07,101037.92891542891,68288.48319115782,0.0,-0.030009615306130666,906.6500244140625,0
576,2009-01-08,101037.92891542891,68520.46413375577,0.0,0.0033970727091503505,909.72998046875,0
577,2009-01-09,101037.92891542891,67060.77064448489,0.0,-0.021303029798827366,890.3499755859375,0
578,2009-01-12,101037.92891542891,65547.60320800026,0.0,-0.022564122391412922,870.260009765625,0
579,2009-01-13,101037.92891542891,65662.8397481315,0.0,0.0017580587922576552,871.7899780273438,0
580,2009-01-14,101037.92891542891,63465.769396830394,0.0,-0.03345987410426654,842.6199951171875,0
581,2009-01-15,101037.92891542891,63550.12693907352,0.0,0.001329181747024455,843.739990234375,0
582,2009-01-16,101037.92891542891,64030.666115676984,0.0,0.0075615769747268136,850.1199951171875,0
583,2009-01-20,101037.92891542891,60648.81591999223,0.0,-0.052816102046715385,805.219970703125,0
584,2009-01-21,101037.92891542891,63286.508470278444,0.0,0.04349124562903017,840.239990234375,0
585,2009-01-22,101037.92891542891,62326.937979406976,0.0,-0.015162323124874533,827.5,0
586,2009-01-23,101037.92891542891,62662.11095201754,0.0,0.005377658256231044,831.9500122070312,0
587,2009-01-26,101037.92891542891,63010.086963055735,0.0,0.005553212391849582,836.5700073242188,0
588,2009-01-27,101037.92891542891,63698.50886773735,0.0,0.010925582519593302,845.7100219726562,0
589,2009-01-28,101037.92891542891,65836.07841962414,0.0,0.03355760738960489,874.0900268554688,0
590,2009-01-29,101037.92891542891,63655.57616544806,0.0,-0.03312017219917107,845.1400146484375,0
591,2009-01-30,101037.92891542891,62204.920655907415,0.0,-0.022789134855526694,825.8800048828125,0
592,2009-02-02,101037.92891542891,62171.779864516095,0.0,-0.000532768003590034,825.4400024414062,0
593,2009-02-03,101037.92891542891,63156.20709821637,0.0,0.01583398827965876,838.510009765625,0
594,2009-02-04,101037.92891542891,62683.198039007686,0.0,-0.007489510230927809,832.22998046875,0
595,2009-02-05,101037.92891542891,63709.05011266179,0.0,0.016365662661559144,845.8499755859375,0
596,2009-02-06,101037.92891542891,65422.570159829775,0.0,0.026896022529575125,868.5999755859375,0
597,2009-02-09,101037.92891542891,65519.735337641796,0.0,0.0014851935283899387,869.8900146484375,0
598,2009-02-10,101037.92891542891,62301.327305410436,0.0,-0.04912120013376109,827.1599731445312,0
599,2009-02-11,101037.92891542891,62796.93131394473,0.0,0.00795495104148869,833.739990234375,0
600,2009-02-12,101037.92891542891,62906.14559901666,0.0,0.0017391659558319006,835.1900024414062,0
601,2009-02-13,101037.92891542891,62277.22909089063,0.0,-0.00999769580757559,826.8400268554688,0
602,2009-02-17,101037.92891542891,59439.93786108879,0.0,-0.0455590473632177,789.1699829101562,0
603,2009-02-18,101037.92891542891,59383.44818920413,0.0,-0.000950365594537983,788.4199829101562,0
604,2009-02-19,101037.92891542891,58669.420207667245,0.0,-0.012024023584179422,778.9400024414062,0
605,2009-02-20,101037.92891542891,57999.82819361385,0.0,-0.01141296456796903,770.0499877929688,0
606,2009-02-23,101037.92891542891,55987.291689897545,0.0,-0.034699008021163436,743.3300170898438,0
607,2009-02-24,101037.92891542891,58232.5676645208,0.0,0.04010331464253336,773.1400146484375,0
608,2009-02-25,101037.92891542891,57611.935204957284,0.0,-0.010657824039959851,764.9000244140625,0
609,2009-02-26,101037.92891542891,56702.82753376989,0.0,-0.01577984957375933,752.8300170898438,0
610,2009-02-27,101037.92891542891,55366.65923033403,0.0,-0.023564403426620806,735.0900268554688,0
611,2009-03-02,101037.92891542891,52785.45635193247,0.0,-0.04662016661802448,700.8200073242188,0
612,2009-03-03,101037.92891542891,52447.27225179225,0.0,-0.006406766626880556,696.3300170898438,0
613,2009-03-04,101037.92891542891,53693.05616078441,0.0,0.02375307342984989,712.8699951171875,0
614,2009-03-05,101037.92891542891,51409.36647373698,0.0,-0.04253230958224641,682.5499877929688,0
615,2009-03-06,101037.92891542891,51471.88299782223,0.0,0.0012160531897855709,683.3800048828125,0
616,2009-03-09,101037.92891542891,50955.945833465514,0.0,-0.010023669901070953,676.530029296875,0
617,2009-03-10,101037.92891542891,54199.955345410875,0.0,0.06366302222212594,719.5999755859375,0
618,2009-03-11,101037.92891542891,54332.518510976144,0.0,0.002445816877900686,721.3599853515625,0
619,2009-03-12,101037.92891542891,56545.40762537582,0.0,0.04072863130673077,750.739990234375,0
620,2009-03-13,101037.92891542891,56983.01409968999,0.0,0.007739027671590959,756.5499877929688,0
621,2009-03-16,101037.92891542891,56782.66608614789,0.0,-0.0035159251701147864,753.8900146484375,0
622,2009-03-17,101037.92891542891,58607.65761474973,0.0,0.032139940837456527,778.1199951171875,0
623,2009-03-18,101037.92891542891,59830.09264324854,0.0,0.020857940382711382,794.3499755859375,0
624,2009-03-19,101037.92891542891,59053.54813762642,0.0,-0.012979162680767597,784.0399780273438,0
625,2009-03-20,101037.92891542891,57886.094918676805,0.0,-0.01976940007446848,768.5399780273438,0
626,2009-03-23,101037.92891542891,61981.97309589844,0.0,0.07075754864749229,822.9199829101562,0
627,2009-03-24,101037.92891542891,60716.60536511033,0.0,-0.020415092769478838,806.1199951171875,0
628,2009-03-25,101037.92891542891,61301.08590575287,0.0,0.009626370531222062,813.8800048828125,0
629,2009-03-26,101037.92891542891,62730.6497311621,0.0,0.02332036707485252,832.8599853515625,0
630,2009-03-27,101037.92891542891,61456.24402064375,0.0,-0.020315519064124543,815.9400024414062,0
631,2009-03-30,101037.92891542891,59316.417272395025,0.0,-0.034818703654098004,787.530029296875,0
632,2009-03-31,101037.92891542891,60095.21897437908,0.0,0.01312961466313145,797.8699951171875,0
633,2009-04-01,101037.92891542891,61090.192050145066,0.0,0.01655660953977356,811.0800170898438,0
634,2009-04-02,101037.92891542891,62845.13693726688,0.0,0.028727113604116505,834.3800048828125,0
635,2009-04-03,101037.92891542891,63456.731417100156,0.0,0.00973177097925304,842.5,0
636,2009-04-06,101037.92891542891,62927.98661717454,0.0,-0.008332367396142515,835.47998046875,0
637,2009-04-07,101037.92891542891,61426.86828794982,0.0,-0.02385454246862917,815.5499877929688,0
638,2009-04-08,101037.92891542891,62150.688180384685,0.0,0.011783441230339475,825.1599731445312,0
639,2009-04-09,101037.92891542891,64515.72428214557,0.0,0.0380532568665477,856.5599975585938,0
640,2009-04-13,101037.92891542891,64679.16644559897,0.0,0.0025333694269418228,858.72998046875,0
641,2009-04-14,101037.92891542891,63381.41185458728,0.0,-0.02006449158715151,841.5,0
642,2009-04-15,101037.92891542891,64176.78625083762,0.0,0.012549016706587812,852.0599975585938,0
643,2009-04-16,101037.92891542891,65174.01652296553,0.0,0.015538800404093056,865.2999877929688,0
644,2009-04-17,101037.92891542891,65497.889722342654,0.0,0.004969360746134077,869.5999755859375,0
645,2009-04-20,101037.92891542891,62695.25174340885,0.0,-0.04278974468970964,832.3900146484375,0
646,2009-04-21,101037.92891542891,64027.654988147326,0.0,0.021252059887909347,850.0800170898438,0
647,2009-04-22,101037.92891542891,63535.81603831042,0.0,-0.007681664273476163,843.5499877929688,0
648,2009-04-23,101037.92891542891,64166.24040877191,0.0,0.009922346320087705,851.9199829101562,0
649,2009-04-24,101037.92891542891,65244.06316444556,0.0,0.016797349335216705,866.22998046875,0
650,2009-04-27,101037.92891542891,64587.27878596106,0.0,-0.0100665768903615,857.510009765625,0
651,2009-04-28,101037.92891542891,64410.27505577104,0.0,-0.0027405354973477625,855.1599731445312,0
652,2009-04-29,101037.92891542891,65802.18369706509,0.0,0.021610040324914648,873.6400146484375,0
653,2009-04-30,101037.92891542891,65739.66717297985,0.0,-0.0009500676204462488,872.8099975585938,0
654,2009-05-01,101037.92891542891,66094.42396738636,0.0,0.005396388659423046,877.52001953125,0
655,2009-05-04,101037.92891542891,68332.9191586413,0.0,0.03386813980494785,907.239990234375,0
656,2009-05-05,101037.92891542891,68073.81967971135,0.0,-0.0037917226736419174,903.7999877929688,0
657,2009-05-06,101037.92891542891,69258.599524095,0.0,0.01740433914180306,919.530029296875,0
658,2009-05-07,101037.92891542891,68344.21893187474,0.0,-0.013202412386380202,907.3900146484375,0
659,2009-05-08,101037.92891542891,69989.1956027569,0.0,0.024068995104353563,929.22998046875,0
660,2009-05-11,101037.92891542891,68483.55828366707,0.0,-0.021512424969640898,909.239990234375,0
661,2009-05-12,101037.92891542891,68416.5227697167,0.0,-0.0009788555914792552,908.3499755859375,0
662,2009-05-13,101037.92891542891,66576.46640918402,0.0,-0.02689491201893035,883.9199829101562,0
663,2009-05-14,101037.92891542891,67265.64224503338,0.0,0.010351643351175,893.0700073242188,0
664,2009-05-15,101037.92891542891,66498.13571914149,0.0,-0.01141008247711428,882.8800048828125,0
665,2009-05-18,101037.92891542891,68518.96086856157,0.0,0.030389200051489373,909.7100219726562,0
666,2009-05-19,101037.92891542891,68399.95467259167,0.0,-0.0017368359715521642,908.1300048828125,0
667,2009-05-20,101037.92891542891,68048.96293688254,0.0,-0.005131461524926717,903.469970703125,0
668,2009-05-21,101037.92891542891,66908.62825426493,0.0,-0.016757561517510622,888.3300170898438,0
669,2009-05-22,101037.92891542891,66808.45194892325,0.0,-0.001497210568433549,887.0,0
670,2009-05-26,101037.92891542891,68565.65862954826,0.0,0.02630216131887675,910.3300170898438,0
671,2009-05-27,101037.92891542891,67264.88831386564,0.0,-0.018971163431981575,893.0599975585938,0
672,2009-05-28,101037.92891542891,68302.04016075318,0.0,0.015418918738823617,906.8300170898438,0
673,2009-05-29,101037.92891542891,69229.22379140106,0.0,0.013574757481119137,919.1400146484375,0
674,2009-06-01,101037.92891542891,71016.55553874647,0.0,0.02581759045473242,942.8699951171875,0
675,2009-06-02,101037.92891542891,71157.40275287424,0.0,0.0019833011198484574,944.739990234375,0
676,2009-06-03,101037.92891542891,70179.75630254229,0.0,-0.013739209309357014,931.760009765625,0
677,2009-06-04,101037.92891542891,70985.67654085835,0.0,0.011483656837475653,942.4600219726562,0
678,2009-06-05,101037.92891542891,70807.16954547413,0.0,-0.002514690344346704,940.0900268554688,0
679,2009-06-08,101037.92891542891,70735.61504165863,0.0,-0.00101055449998666,939.1400146484375,0
680,2009-06-09,101037.92891542891,70983.41474735516,0.0,0.0035031816087354173,942.4299926757812,0
681,2009-06-10,101037.92891542891,70736.36897282637,0.0,-0.0034803309393901527,939.1500244140625,0
682,2009-06-11,101037.92891542891,71168.70252610769,0.0,0.006111899148334876,944.8900146484375,0
683,2009-06-12,101037.92891542891,71268.12490028163,0.0,0.0013969957389270427,946.2100219726562,0
684,2009-06-15,101037.92891542891,69574.18407776834,0.0,-0.023768561680042155,923.719970703125,0
685,2009-06-16,101037.92891542891,68689.17921824202,0.0,-0.012720305257724385,911.969970703125,0
686,2009-06-17,101037.92891542891,68594.28043107445,0.0,-0.0013815682214813885,910.7100219726562,0
687,2009-06-18,101037.92891542891,69171.22625718094,0.0,0.008410990281999098,918.3699951171875,0
688,2009-06-19,101037.92891542891,69386.63910265388,0.0,0.003114197291689269,921.22998046875,0
689,2009-06-22,101037.92891542891,67263.38045153017,0.0,-0.030600396251826756,893.0399780273438,0
690,2009-06-23,101037.92891542891,67418.53856642106,0.0,0.0023067249051316185,895.0999755859375,0
691,2009-06-24,101037.92891542891,67858.40683423843,0.0,0.006524440861084502,900.9400024414062,0
692,2009-06-25,101037.92891542891,69313.5813336442,0.0,0.021444277390130884,920.260009765625,0
693,2009-06-26,101037.92891542891,69211.14783194057,0.0,-0.001477827284822486,918.9000244140625,0
694,2009-06-29,101037.92891542891,69838.55647773114,0.0,0.009065138571521025,927.22998046875,0
695,2009-06-30,101037.92891542891,69242.78076099644,0.0,-0.008530756458642874,919.3200073242188,0
696,2009-07-01,101037.92891542891,69544.81294221568,0.0,0.004361930267673175,923.3300170898438,0
697,2009-07-02,101037.92891542891,67517.960940595,0.0,-0.029144546025377527,896.4199829101562,0
698,2009-07-06,101037.92891542891,67691.19501494638,0.0,0.0025657480163507884,898.719970703125,0
699,2009-07-07,101037.92891542891,66358.79636734918,0.0,-0.019683485382449017,881.030029296875,0
700,2009-07-08,101037.92891542891,66248.07421994177,0.0,-0.001668537608706222,879.5599975585938,0
701,2009-07-09,101037.92891542891,66483.07088721066,0.0,0.00354722261795426,882.6799926757812,0
702,2009-07-10,101037.92891542891,66215.6873597182,0.0,-0.004021828774216529,879.1300048828125,0
703,2009-07-13,101037.92891542891,67866.69088280093,0.0,0.02493372173445274,901.0499877929688,0
704,2009-07-14,101037.92891542891,68227.47452940803,0.0,0.005316063622877065,905.8400268554688,0
705,2009-07-15,101037.92891542891,70249.04901285458,0.0,0.02962991811422233,932.6799926757812,0
706,2009-07-16,101037.92891542891,70856.12450282274,0.0,0.008641760970416579,940.739990234375,0
707,2009-07-17,101037.92891542891,70829.01056363201,0.0,-0.00038266189946156715,940.3800048828125,0
708,2009-07-20,101037.92891542891,71638.69586064544,0.0,0.01143154888894049,951.1300048828125,0
709,2009-07-21,101037.92891542891,71898.54927074313,0.0,0.003627277227424175,954.5800170898438,0
710,2009-07-22,101037.92891542891,71860.13555831896,0.0,-0.0005342765996503296,954.0700073242188,0
711,2009-07-23,101037.92891542891,73533.73403072731,0.0,0.023289664838582524,976.2899780273438,0
712,2009-07-24,101037.92891542891,73757.43552190402,0.0,0.00304216145318037,979.260009765625,0
713,2009-07-27,101037.92891542891,73977.36735724207,0.0,0.0029818259512661704,982.1799926757812,0
714,2009-07-28,101037.92891542891,73784.54946109475,0.0,-0.0026064444171983725,979.6199951171875,0
715,2009-07-29,100677.85614859906,73447.87322329,-0.0035637385949511824,-0.004562963930304642,975.1500244140625,1
716,2009-07-30,101875.4776879822,74321.57830958288,0.01189558047020256,0.01189558047020256,986.75,1
717,2009-07-31,101950.84339252418,74376.56011913207,0.0007397825880415265,0.0007397825880415265,987.47998046875,1
718,2009-08-03,103514.98423282539,75517.65333005869,0.015342107904679603,0.015342107904679603,1002.6300048828125,1
719,2009-08-04,103826.78147870644,75745.11987993278,0.003012097699592653,0.003012097699592431,1005.6500244140625,1
720,2009-08-05,103524.27261480657,75524.42951628575,-0.002913591845875696,-0.002913591845875585,1002.719970703125,1
721,2009-08-06,102941.98432649535,75099.63067754047,-0.005624654717235278,-0.005624654717235278,997.0800170898438,1
722,2009-08-07,104325.44282178549,76108.91005692827,0.013439205629671047,0.013439205629670825,1010.47998046875,1
723,2009-08-10,103976.4794450191,75854.32956786345,-0.0033449498734695604,-0.0033449498734695604,1007.0999755859375,1
724,2009-08-11,102660.12541358077,74894.00514582425,-0.012660113503211945,-0.012660113503211945,994.3499755859375,1
725,2009-08-12,103843.29765860649,75757.1689871927,0.011525139291026054,0.011525139291026054,1005.8099975585938,1
726,2009-08-13,104557.7405920393,76278.37907258226,0.0068800100684554,0.0068800100684554,1012.72998046875,1
727,2009-08-14,103665.72194338967,75627.62154629835,-0.008531349698250423,-0.008531349698250423,1004.0900268554688,1
728,2009-08-17,101150.70662831658,73792.83350965727,-0.02426081898553223,-0.02426081898553223,979.72998046875,1
729,2009-08-18,102176.94680763045,74541.51014492093,0.01014565506778764,0.01014565506778764,989.6699829101562,1
730,2009-08-19,102877.97388947717,75052.93291655378,0.006860912404894615,0.006860912404894393,996.4600219726562,1
731,2009-08-20,104004.35719392326,75874.66732082714,0.010948731413161106,0.010948731413161328,1007.3699951171875,1
732,2009-08-21,105941.20538880976,77287.66304911133,0.01862276011451236,0.01862276011451236,1026.1300048828125,1
733,2009-08-24,105883.38300545882,77245.47968084851,-0.0005457969176273503,-0.0005457969176272393,1025.5699462890625,1
734,2009-08-25,106134.27014263562,77428.51026323912,0.0023694665778091206,0.0023694665778091206,1028.0,1
735,2009-08-26,106146.65885293073,77437.54824296937,0.0001167267676920325,0.0001167267676920325,1028.1199951171875,1
736,2009-08-27,106441.93361743144,77652.96108844229,0.002781762211750971,0.002781762211750749,1030.97998046875,1
737,2009-08-28,106230.29209964321,77498.56150186041,-0.001988328383331517,-0.001988328383331295,1028.9300537109375,1
738,2009-08-31,105372.33295208466,76872.65152412278,-0.008076407685613685,-0.008076407685613796,1020.6199951171875,1
739,2009-09-01,103041.09400885625,75171.93451538243,-0.022123823948061228,-0.022123823948061228,998.0399780273438,1
740,2009-09-02,102701.42531555134,74924.1348096859,-0.003296439120451411,-0.003296439120451522,994.75,1
741,2009-09-03,103577.96122707226,75563.59715987764,0.008534797923473336,0.008534797923473336,1003.239990234375,1
742,2009-09-04,104936.64860325248,76554.80517694623,0.013117533499250822,0.013117533499250822,1016.4000244140625,1
743,2009-09-08,105864.80624149647,77231.92730839441,0.008844933115342624,0.008844933115342624,1025.3900146484375,1
744,2009-09-09,106688.68698352299,77832.97594616197,0.007782385584753193,0.007782385584753193,1033.3699951171875,1
745,2009-09-10,107800.62099361166,78644.16910551088,0.010422229774562641,0.010422229774562641,1044.1400146484375,1
746,2009-09-11,107655.04419542362,78537.96594796861,-0.001350426341205191,-0.001350426341205191,1042.72998046875,1
747,2009-09-14,108337.48191034736,79035.82715286483,0.006339115087677039,0.0063391150876768165,1049.3399658203125,1
748,2009-09-15,108677.15690513256,79283.63145570262,0.0031353414238139976,0.0031353414238139976,1052.6300048828125,1
749,2009-09-16,110342.47431333728,80498.53636680664,0.015323527552882465,0.015323527552882243,1068.760009765625,1
750,2009-09-17,110004.8662040947,80252.23992630433,-0.003059638741504833,-0.003059638741504722,1065.489990234375,1
751,2009-09-18,110294.98635769947,80463.89231022114,0.0026373392706693366,0.0026373392706691146,1068.300048828125,1
752,2009-09-21,109919.17867480022,80189.72799936036,-0.0034072961546997016,-0.0034072961546995906,1064.6600341796875,1
753,2009-09-22,110641.88284892323,80716.9649369505,0.006574868761175523,0.006574868761175301,1071.6600341796875,1
754,2009-09-23,109527.88195329194,79904.26391526613,-0.010068528001755062,-0.010068528001755173,1060.8699951171875,1
755,2009-09-24,108486.15903684932,79144.2921039103,-0.00951102950102578,-0.00951102950102567,1050.780029296875,1
756,2009-09-25,107825.39841420189,78662.24506497137,-0.006090736629573046,-0.006090736629573157,1044.3800048828125,1
757,2009-09-28,109745.72412770803,80063.1870888544,0.017809586069224448,0.017809586069224448,1062.97998046875,1
758,2009-09-29,109501.03764715909,79884.68009347019,-0.0022295764367477044,-0.0022295764367474824,1060.6099853515625,1
759,2009-09-30,109136.58523178365,79618.79983117191,-0.003328301020760982,-0.003328301020761204,1057.0799560546875,1
760,2009-10-01,106325.26801091887,77567.84961503143,-0.025759622356647194,-0.025759622356647305,1029.8499755859375,1
761,2009-10-02,105846.21687457348,77218.36574165778,-0.004505524841904807,-0.004505524841904696,1025.2099609375,1
762,2009-10-05,107420.67953962718,78366.98906997917,0.014875001786029074,0.014875001786028852,1040.4599609375,1
763,2009-10-06,108892.93219400603,79441.04676695542,0.013705486324313787,0.013705486324313787,1054.719970703125,1
764,2009-10-07,109188.20695850672,79656.45961242836,0.002711606332490124,0.002711606332490346,1057.5799560546875,1
765,2009-10-08,110003.83276132339,80251.4859951366,0.007469907470196047,0.007469907470195825,1065.47998046875,1
766,2009-10-09,110624.32692477157,80704.15730138161,0.005640659492242239,0.005640659492242239,1071.489990234375,1
767,2009-10-12,111109.56611478419,81058.15556747912,0.00438636964853667,0.00438636964853667,1076.18994140625,1
768,2009-10-13,110799.83575444575,80832.19687994049,-0.0027876120046986808,-0.0027876120046985697,1073.18994140625,1
769,2009-10-14,112743.91804873144,82250.47012639881,0.0175458950913443,0.0175458950913443,1092.02001953125,1
770,2009-10-15,113212.64736032434,82592.42388237768,0.004157468710554335,0.004157468710554113,1096.56005859375,1
771,2009-10-16,112295.84498960416,81923.58579949202,-0.008098056110305896,-0.008098056110305896,1087.6800537109375,1
772,2009-10-19,113352.0235018845,82694.10345291356,0.009405321384581278,0.009405321384581278,1097.9100341796875,1
773,2009-10-20,112644.80836637055,82178.16628855685,-0.006239104637617676,-0.006239104637617787,1091.06005859375,1
774,2009-10-21,111647.47307725182,81450.57674028334,-0.008853806079326398,-0.008853806079326287,1081.4000244140625,1
775,2009-10-22,112835.80623465378,82317.50564034918,0.010643618925255227,0.010643618925255227,1092.9100341796875,1
776,2009-10-23,111461.62981986451,81314.99785004715,-0.012178549173757158,-0.012178549173757158,1079.5999755859375,1
777,2009-10-26,110155.59761317867,80362.20354540272,-0.01171732558366989,-0.011717325583670002,1066.949951171875,1
778,2009-10-27,109790.12435799255,80095.57854621926,-0.003317791043806251,-0.0033177910438061398,1063.4100341796875,1
779,2009-10-28,107644.72237067114,78530.43583057383,-0.019540937765275657,-0.019540937765275768,1042.6300048828125,1
780,2009-10-29,110068.87664111289,80298.93768729102,0.02251995469034007,0.022519954690340294,1066.1099853515625,1
781,2009-10-30,106979.82797693844,78045.37306696398,-0.02806468784310845,-0.02806468784310856,1036.18994140625,1
782,2009-11-02,107670.53323403267,78549.26572120206,0.006456406503505763,0.006456406503505763,1042.8800048828125,1
783,2009-11-03,107931.74219596197,78739.82642098745,0.0024260023061419833,0.0024260023061419833,1045.4100341796875,1
784,2009-11-04,108044.27403138929,78821.92216972738,0.0010426203926459099,0.0010426203926459099,1046.5,1
785,2009-11-05,110122.56525337858,80338.10533088291,0.01923555172748448,0.01923555172748448,1066.6300048828125,1
786,2009-11-06,110398.2298111456,80539.21187273401,0.0025032522365671106,0.0025032522365671106,1069.300048828125,1
787,2009-11-09,112853.34955584482,82330.30408163554,0.02223876006797476,0.02223876006797476,1093.0799560546875,1
788,2009-11-10,112846.12805940627,82325.03575774396,-6.399009393143196e-05,-6.399009393132093e-05,1093.010009765625,1
789,2009-11-11,113413.96705336006,82739.29335156479,0.005031975874749239,0.005031975874749239,1098.510009765625,1
790,2009-11-12,112250.41131654833,81890.44041095943,-0.010259368991689444,-0.010259368991689666,1087.239990234375,1
791,2009-11-13,112894.64945781541,82360.4337454972,0.0057392942592460194,0.0057392942592462415,1093.47998046875,1
792,2009-11-16,114527.96794899135,83551.99437324915,0.014467634197192547,0.014467634197192325,1109.300048828125,1
793,2009-11-17,114633.26568501949,83628.81260381496,0.0009194063067201608,0.0009194063067201608,1110.3199462890625,1
794,2009-11-18,114579.58967571442,83589.6541545056,-0.00046824112515952976,-0.00046824112515952976,1109.800048828125,1
795,2009-11-19,113041.25969877475,82467.3908342072,-0.013425863902056911,-0.013425863902056911,1094.9000244140625,1
796,2009-11-20,112677.84072617063,82202.26450307666,-0.003214923237519929,-0.00321492323752004,1091.3800048828125,1
797,2009-11-23,114212.03693202505,83321.51209870413,0.013615775701478094,0.013615775701478094,1106.239990234375,1
798,2009-11-24,114151.1268233208,83277.07613122065,-0.0005333072620051782,-0.0005333072620050672,1105.6500244140625,1
799,2009-11-25,114665.2772050089,83652.16608144957,0.004504120073066664,0.004504120073066664,1110.6300048828125,1
800,2009-11-27,112689.19599369443,82210.54855163918,-0.017233475202623416,-0.017233475202623305,1091.489990234375,1
801,2009-11-30,113116.62540331674,82522.37264375639,0.003792993692547153,0.003792993692547153,1095.6300048828125,1
802,2009-12-01,114482.53427593553,83518.84898471658,0.012075226499629554,0.012075226499629554,1108.8599853515625,1
803,2009-12-02,114521.76729236348,83547.47078624276,0.00034269870662884117,0.00034269870662884117,1109.239990234375,1
804,2009-12-03,113559.5438515481,82845.49650910705,-0.008402100871871099,-0.008402100871871099,1099.9200439453125,1
805,2009-12-04,114185.1926258922,83301.92827690818,0.0055094336691066115,0.0055094336691066115,1105.97998046875,1
806,2009-12-07,113903.34001445794,83096.30734233322,-0.0024683814508043023,-0.0024683814508043023,1103.25,1
807,2009-12-08,112735.65050656095,82244.43867705695,-0.010251582681849114,-0.010251582681849003,1091.93994140625,1
808,2009-12-09,113149.65776311683,82546.4708582762,0.0036723720907769763,0.0036723720907769763,1095.949951171875,1
809,2009-12-10,113810.41838576428,83028.51789721513,0.005839705004064388,0.005839705004064388,1102.3499755859375,1
810,2009-12-11,114229.59285617672,83334.31973427303,0.003683094011583732,0.00368309401158351,1106.4100341796875,1
811,2009-12-14,115024.56240652778,83914.27668790918,0.006959401066516824,0.006959401066516824,1114.1099853515625,1
812,2009-12-15,114386.52492188856,83448.8069403778,-0.005546967284989268,-0.005546967284989268,1107.9300537109375,1
813,2009-12-16,114515.57923869624,83542.9563935189,0.0011282300681467738,0.0011282300681467738,1109.1800537109375,1
814,2009-12-17,113163.07991618325,82556.26276917418,-0.011810614167124256,-0.011810614167124145,1096.0799560546875,1
815,2009-12-18,113822.80709605939,83037.55587694538,0.005829880031232637,0.005829880031232637,1102.469970703125,1
816,2009-12-21,115018.37435286053,83909.76229518533,0.010503758317892853,0.01050375831789263,1114.050048828125,1
817,2009-12-22,115428.24783833117,84208.77875173365,0.0035635478920368335,0.0035635478920368335,1118.02001953125,1
818,2009-12-23,115693.57796838509,84402.34598190743,0.0022986585608189003,0.0022986585608189003,1120.5899658203125,1
819,2009-12-24,116301.68342153815,84845.97930842219,0.005256172933982839,0.005256172933982839,1126.47998046875,1
820,2009-12-28,116435.90495220239,84943.89841740194,0.0011540807210652648,0.0011540807210652648,1127.780029296875,1
821,2009-12-29,116272.77222986268,84824.88762429077,-0.0014010516979851007,-0.0014010516979851007,1126.199951171875,1
822,2009-12-30,116295.4953678709,84841.46491569834,0.00019542957110640913,0.00019542957110640913,1126.4200439453125,1
823,2009-12-31,115126.7724172026,83988.84231925433,-0.010049597767921581,-0.010049597767921692,1115.0999755859375,1
824,2010-01-04,116973.79931170939,85336.31039592363,0.01604341766668682,0.01604341766668682,1132.989990234375,1
825,2010-01-05,117338.25172708483,85602.1906582219,0.0031156756258232665,0.0031156756258232665,1136.52001953125,1
826,2010-01-06,117402.26216410301,85648.88841920858,0.0005455206301101523,0.0005455206301101523,1137.1400146484375,1
827,2010-01-07,117872.0123155066,85991.58691207266,0.00400120187417663,0.00400120187417663,1141.68994140625,1
828,2010-01-08,118211.6873102918,86239.39121491044,0.0028817272914285486,0.0028817272914287706,1144.97998046875,1
829,2010-01-11,118418.17421718409,86390.0303399362,0.0017467554316374923,0.0017467554316374923,1146.97998046875,1
830,2010-01-12,117307.27364986674,85579.59111175503,-0.009381166148364262,-0.009381166148364262,1136.219970703125,1
831,2010-01-13,118283.96528948047,86292.12042523897,0.008325925658530853,0.008325925658530853,1145.6800537109375,1
832,2010-01-14,118570.97251181069,86501.50182137005,0.0024264254383745687,0.0024264254383745687,1148.4599609375,1
833,2010-01-15,117287.66344313307,85565.28480813319,-0.010823130159869354,-0.010823130159869354,1136.030029296875,1
834,2010-01-19,118753.71544088406,86634.81891810306,0.012499626599363545,0.012499626599363767,1150.22998046875,1
835,2010-01-20,117495.18379279667,85716.67786432669,-0.010597829662970737,-0.010597829662970737,1138.0400390625,1
836,2010-01-21,115269.24888707671,84092.7836832934,-0.01894490338978838,-0.018944903389788492,1116.47998046875,1
837,2010-01-22,112717.07374259859,82230.88630460286,-0.022140988764300484,-0.022140988764300373,1091.760009765625,1
838,2010-01-25,113235.35789537193,82608.99197950271,0.004598098012701168,0.004598098012701168,1096.780029296875,1
839,2010-01-26,112759.40708734049,82261.76989963224,-0.004203199573680982,-0.004203199573680982,1092.1700439453125,1
840,2010-01-27,113309.6901571426,82663.21985788418,0.004880152210944733,0.004880152210944955,1097.5,1
841,2010-01-28,111970.62559065668,81686.32733871994,-0.011817740959567113,-0.011817740959567336,1084.530029296875,1
842,2010-01-29,110870.0468480918,80883.41822793355,-0.009829173828039384,-0.009829173828039273,1073.8699951171875,1
843,2010-02-01,112451.73100958405,82037.30988014654,0.014266108894671836,0.014266108894671836,1089.18994140625,1
844,2010-02-02,113910.56151089648,83101.57566622482,0.01297294837718499,0.012972948377185212,1103.3199462890625,1
845,2010-02-03,113286.97962209501,82646.65176075915,-0.00547431142933863,-0.00547431142933863,1097.280029296875,1
846,2010-02-04,109759.14628077445,80072.97899975238,-0.031140677888039536,-0.031140677888039536,1063.1099853515625,1
847,2010-02-05,110077.13158032275,80304.95994235034,0.002897118921960873,0.002897118921960873,1066.18994140625,1
848,2010-02-08,109101.48598644094,79593.19375431664,-0.008863290493447251,-0.008863290493447251,1056.739990234375,1
849,2010-02-09,110524.18379963936,80631.09953237193,0.013040132316577635,0.013040132316577635,1070.52001953125,1
850,2010-02-10,110277.4304335478,80451.08467465223,-0.0022325735201889074,-0.0022325735201890184,1068.1300048828125,1
851,2010-02-11,111344.96421335194,81229.88637663629,0.009680437561949029,0.009680437561949251,1078.469970703125,1
852,2010-02-12,111039.36762409876,81006.94341376857,-0.002744592819371894,-0.002744592819372005,1075.510009765625,1
853,2010-02-16,113038.15937046082,82465.129040704,0.01800074864554868,0.01800074864554868,1094.8699951171875,1
854,2010-02-17,113517.21050680621,82814.61291407766,0.0042379594555799205,0.0042379594555796984,1099.510009765625,1
855,2010-02-18,114264.69210151944,83359.9258111283,0.006584742448973557,0.006584742448973557,1106.75,1
856,2010-02-19,114514.54579592493,83542.20246235118,0.002186622042297248,0.002186622042297248,1109.1700439453125,1
857,2010-02-22,114394.77986109843,83454.82919543714,-0.0010458578339902491,-0.001045857833990138,1108.010009765625,1
858,2010-02-23,113010.28162155667,82444.79128774031,-0.012102809596931441,-0.012102809596931552,1094.5999755859375,1
859,2010-02-24,114108.79347857891,83246.19253619126,0.00972045942422195,0.009720459424222172,1105.239990234375,1
860,2010-02-25,113871.32849446853,83072.95386469862,-0.002081040179913618,-0.002081040179913618,1102.93994140625,1
861,2010-02-26,114031.3608884943,83189.7028643066,0.0014053791778985136,0.0014053791778987357,1104.489990234375,1
862,2010-03-01,115189.74941144948,84034.78614907328,0.01015850827289455,0.010158508272894329,1115.7099609375,1
863,2010-03-02,115458.19247277796,84230.6243670328,0.0023304422719909734,0.0023304422719909734,1118.31005859375,1
864,2010-03-03,115507.7473139584,84266.77628595378,0.00042920160206150193,0.00042920160206150193,1118.7900390625,1
865,2010-03-04,115939.29789170533,84581.60690845938,0.0037361180334851696,0.0037361180334849475,1122.969970703125,1
866,2010-03-05,117563.31539793947,85766.38215570175,0.014007480947064943,0.014007480947064943,1138.699951171875,1
867,2010-03-08,117542.6717484345,85751.32192091219,-0.00017559601339156572,-0.00017559601339156572,1138.5,1
868,2010-03-09,117743.99144147022,85898.1913900993,0.0017127370855292146,0.0017127370855292146,1140.449951171875,1
869,2010-03-10,118276.7311900813,86286.84290706486,0.00452455995494172,0.00452455995494172,1145.6099853515625,1
870,2010-03-11,118754.74888365537,86635.57284927079,0.004041519314613495,0.004041519314613495,1150.239990234375,1
871,2010-03-12,118728.93802029383,86616.74295864257,-0.00021734594703926025,-0.00021734594703926025,1149.989990234375,1
872,2010-03-15,118782.62663255954,86655.91060223446,0.000452194832708086,0.000452194832707864,1150.510009765625,1
873,2010-03-16,119706.65049971826,87330.01700901172,0.0077791163013853915,0.0077791163013856135,1159.4599609375,1
874,2010-03-17,120403.54381047974,87838.42405597365,0.005821675803744153,0.005821675803744153,1166.2099609375,1
875,2010-03-18,120364.31079405178,87809.80225444745,-0.00032584602733709556,-0.0003258460273372066,1165.8299560546875,1
876,2010-03-19,119752.08417277409,87363.1623975443,-0.005086446449439896,-0.005086446449439785,1159.9000244140625,1
877,2010-03-22,120362.25651146978,87808.30358639453,0.005095296193887933,0.005095296193887933,1165.81005859375,1
878,2010-03-23,121225.37026992426,88437.97402568828,0.007170966908319976,0.007170966908319976,1174.1700439453125,1
879,2010-03-24,120559.44243342026,87952.15733091069,-0.005493304207041971,-0.005493304207042082,1167.719970703125,1
880,2010-03-25,120353.98896929929,87802.27213705267,-0.001704167338318907,-0.001704167338318907,1165.72998046875,1
881,2010-03-26,120442.77682690769,87867.04585749985,0.000737722599547963,0.0007377225995481851,1166.5899658203125,1
882,2010-03-29,121127.28142737405,88366.41492473152,0.005683234964352302,0.00568323496435208,1173.219970703125,1
883,2010-03-30,121132.44864123061,88370.18458057019,4.2659372815778696e-05,4.2659372815778696e-05,1173.27001953125,1
884,2010-03-31,120735.9973088264,88080.96003491984,-0.003272874748684651,-0.00327287474868454,1169.4300537109375,1
885,2010-04-01,121631.10998430966,88733.97475756568,0.0074138011482498545,0.0074138011482498545,1178.0999755859375,1
886,2010-04-05,122595.40031066767,89437.45689703686,0.00792799084446738,0.00792799084446738,1187.43994140625,1
887,2010-04-06,122801.88721755995,89588.09602206261,0.0016842957106795176,0.0016842957106795176,1189.43994140625,1
888,2010-04-07,122080.21648620826,89061.61301564019,-0.005876707172041695,-0.005876707172041806,1182.449951171875,1
889,2010-04-08,122492.15685722152,89362.13733452397,0.003374341747336196,0.003374341747336196,1186.43994140625,1
890,2010-04-09,123310.88298835211,89959.42551073541,0.00668390656297202,0.00668390656297202,1194.3699951171875,1
891,2010-04-12,123528.7251627682,90118.34868432369,0.0017666094762833762,0.0017666094762833762,1196.47998046875,1
892,2010-04-13,123613.39185225198,90180.11587438246,0.0006854008197059169,0.0006854008197059169,1197.300048828125,1
893,2010-04-14,124991.68943516588,91185.63019507288,0.011150066851666862,0.01115006685166664,1210.6500244140625,1
894,2010-04-15,125096.99977415464,91262.45761992123,0.0008425387276917995,0.0008425387276920215,1211.6700439453125,1
895,2010-04-16,123079.6186608696,89790.71042624918,-0.016126534744455467,-0.016126534744455467,1192.1300048828125,1
896,2010-04-19,123636.10238729959,90196.68397150749,0.004521331252766547,0.004521331252766547,1197.52001953125,1
897,2010-04-20,124632.404233647,90923.51958861327,0.008058340784849571,0.008058340784849571,1207.1700439453125,1
898,2010-04-21,124505.40419942132,90830.86880352511,-0.0010189969053922,-0.0010189969053922,1205.93994140625,1
899,2010-04-22,124787.26941381622,91036.49893238259,0.002263879356942944,0.002263879356942722,1208.6700439453125,1
900,2010-04-23,125676.19403563223,91684.99926230457,0.0071235200993795544,0.0071235200993795544,1217.280029296875,1
901,2010-04-26,125136.23279058261,91291.07942144743,-0.004296448099761263,-0.004296448099761263,1212.050048828125,1
902,2010-04-27,122210.30424578725,89156.51639994902,-0.023381945257149872,-0.023381945257149983,1183.7099609375,1
903,2010-04-28,123000.11918524237,89732.71289202906,0.006462752419523099,0.006462752419523321,1191.3599853515625,1
904,2010-04-29,124592.13777444774,90894.14385591935,0.012943228020842357,0.012943228020842135,1206.780029296875,1
905,2010-04-30,122517.96772058305,89380.9672251522,-0.016647680109796337,-0.016647680109796226,1186.68994140625,1
906,2010-05-03,124125.47534839746,90553.69796227592,0.013120586781854904,0.013120586781854682,1202.260009765625,1
907,2010-05-04,121166.514443802,88395.03672625772,-0.02383846584506677,-0.02383846584506677,1173.5999755859375,1
908,2010-05-05,120368.44456513702,87812.81797911838,-0.006586554728659322,-0.006586554728659211,1165.8699951171875,1
909,2010-05-06,116474.10452585903,84971.7662877604,-0.032353496411350435,-0.032353496411350435,1128.1500244140625,1
910,2010-05-07,114691.08806837043,83670.99597207778,-0.015308264998017185,-0.015308264998017185,1110.8800048828125,1
911,2010-05-10,119734.52824862242,87350.3547619754,0.04397412445198401,0.04397412445198423,1159.72998046875,1
912,2010-05-11,119327.75509146572,87053.60009893027,-0.003397292018489928,-0.003397292018489928,1155.7900390625,1
913,2010-05-12,120967.2616363089,88249.67511940609,0.013739523915341278,0.0137395239153415,1171.6700439453125,1
914,2010-05-13,119498.09670728336,87177.8700216505,-0.012145144968583543,-0.012145144968583654,1157.43994140625,1
915,2010-05-14,117251.53075501905,85538.9248001102,-0.018800014512092122,-0.01880001451209201,1135.6800537109375,1
916,2010-05-17,117381.60591163741,85633.81899013648,0.0011093685155389998,0.0011093685155387778,1136.93994140625,1
917,2010-05-18,115715.267663622,84418.16934214726,-0.014195906037184347,-0.014195906037184236,1120.800048828125,1
918,2010-05-19,115121.61780630668,83985.08185769821,-0.005130263873571406,-0.005130263873571295,1115.050048828125,1
919,2010-05-20,110634.64874952404,80711.68741877639,-0.03897590341661117,-0.03897590341661106,1071.5899658203125,1
920,2010-05-21,112296.86582941483,81924.33053637722,0.015024380686144978,0.015024380686144978,1087.68994140625,1
921,2010-05-24,110847.3363130442,80866.85013080853,-0.012908014000787449,-0.012908014000787449,1073.6500244140625,1
922,2010-05-25,110886.56932947217,80895.47193233472,0.0003539373857137651,0.0003539373857137651,1074.030029296875,1
923,2010-05-26,110258.84106662481,80437.52310791561,-0.0056609945338125245,-0.0056609945338123024,1067.949951171875,1
924,2010-05-27,113883.72980772426,83082.0010387114,0.032876173067238,0.032876173067238,1103.06005859375,1
925,2010-05-28,112474.45414759227,82053.8871715541,-0.01237468831159061,-0.01237468831159061,1089.4100341796875,1
926,2010-06-01,110543.79400637302,80645.40583599375,-0.01716532127985071,-0.01716532127985082,1070.7099609375,1
927,2010-06-02,113400.54490029364,82729.5014406668,0.025842707133391096,0.025842707133391096,1098.3800048828125,1
928,2010-06-03,113859.97322694473,83064.66981613611,0.004051376711241117,0.004051376711241117,1102.8299560546875,1
929,2010-06-04,109941.88920984782,80206.29609648538,-0.034411425771964765,-0.034411425771964765,1064.8800048828125,1
930,2010-06-07,108454.14751685993,79120.93862627569,-0.01353207320412897,-0.01353207320412908,1050.469970703125,1
931,2010-06-08,109644.5475598045,79989.37538867698,0.01097606749211244,0.01097606749211244,1062.0,1
932,2010-06-09,109612.25816973923,79514.1045359651,-0.00029449152542360135,-0.005941674758709992,1055.68994140625,0
933,2010-06-10,109612.25816973923,81860.31074709778,0.0,0.0295067928492041,1086.8399658203125,0
934,2010-06-11,109612.25816973923,82218.83260020168,0.0,0.004379678623643857,1091.5999755859375,0
935,2010-06-14,109612.25816973923,82070.45526867913,0.0,-0.0018046635646611353,1089.6300048828125,0
936,2010-06-15,109612.25816973923,83998.63423015231,0.0,0.023494191121040897,1115.22998046875,0
937,2010-06-16,109612.25816973923,83951.93646916562,0.0,-0.0005559347650669899,1114.6099853515625,0
938,2010-06-17,109612.25816973923,84059.64748904336,0.0,0.0012830081640498037,1116.0400390625,0
939,2010-06-18,109612.25816973923,84170.36503930947,0.0,0.0013171307943034005,1117.510009765625,0
940,2010-06-21,108567.45939979504,83845.73331162335,-0.009531769415116575,-0.003856841152281021,1113.199951171875,1
941,2010-06-22,106822.70529331341,82498.27442923658,-0.016070691127224923,-0.016070691127224812,1095.31005859375,1
942,2010-06-23,106503.78890069069,82251.97798873427,-0.0029854738442266493,-0.0029854738442265383,1092.0400390625,1
943,2010-06-24,104714.15220498301,80869.85666119691,-0.01680350261882635,-0.01680350261882657,1073.68994140625,1
944,2010-06-25,104746.81745579184,81101.09286690968,0.0003119468583854257,0.002859362131449217,1076.760009765625,0
945,2010-06-28,104746.81745579184,80936.13824397956,0.0,-0.00203393834902843,1074.5699462890625,0
946,2010-06-29,104746.81745579184,78425.74053536703,0.0,-0.03101701864061024,1041.239990234375,0
947,2010-06-30,104746.81745579184,77632.62333547861,0.0,-0.01011297049252291,1030.7099609375,0
948,2010-07-01,104746.81745579184,77381.05857108471,0.0,-0.0032404516759249047,1027.3699951171875,0
949,2010-07-02,104746.81745579184,77020.27952161887,0.0,-0.004662369010297485,1022.5800170898438,0
950,2010-07-06,104746.81745579184,77433.03385024551,0.0,0.00535903441522545,1028.06005859375,0
951,2010-07-07,104746.81745579184,79859.07401661492,0.0,0.03133081639370272,1060.27001953125,0
952,2010-07-08,104746.81745579184,80610.76177940823,0.0,0.00941267817151159,1070.25,0
953,2010-07-09,104746.81745579184,81191.47266421212,0.0,0.007203887818266974,1077.9599609375,0
954,2010-07-12,104746.81745579184,81250.97806076771,0.0,0.0007329020475055348,1078.75,0
955,2010-07-13,104746.81745579184,82500.52702845725,0.0,0.015378879091830777,1095.3399658203125,0
956,2010-07-14,104746.81745579184,82487.72858717087,0.0,-0.0001551316306374062,1095.1700439453125,0
957,2010-07-15,104746.81745579184,82586.39243303583,0.0,0.0011961033180916125,1096.47998046875,0
958,2010-07-16,104746.81745579184,80206.29609648538,0.0,-0.028819473359128933,1064.8800048828125,0
959,2010-07-19,104746.81745579184,80686.08134192112,0.0,0.005981890060832162,1071.25,0
960,2010-07-20,104746.81745579184,81607.23812036842,0.0,0.011416551196032687,1083.47998046875,0
961,2010-07-21,104746.81745579184,80561.04829375063,0.0,-0.012819816608358736,1069.5899658203125,0
962,2010-07-22,104746.81745579184,82374.74924340156,0.0,0.022513373250030222,1093.6700439453125,0
963,2010-07-23,104746.81745579184,83051.87137484974,0.0,0.008220020548377116,1102.6600341796875,0
964,2010-07-26,104746.81745579184,83982.06613302729,0.0,0.011200166146517754,1115.010009765625,0
965,2010-07-27,104746.81745579184,83893.9389349455,0.0,-0.0010493573466291428,1113.8399658203125,0
966,2010-07-28,104746.81745579184,83313.22805014162,0.0,-0.006921964711350426,1106.1300048828125,0
967,2010-07-29,104746.81745579184,82966.75990143888,0.0,-0.004158621107493543,1101.530029296875,0
968,2010-07-30,104746.81745579184,82972.02822533048,0.0,6.349921218862242e-05,1101.5999755859375,0
969,2010-08-02,104746.81745579184,84799.2815474355,0.0,0.02202252206180466,1125.8599853515625,0
970,2010-08-03,104746.81745579184,84392.55407100945,0.0,-0.004796355216742376,1120.4599609375,0
971,2010-08-04,105219.0234921683,84903.22291147459,0.004508070486969773,0.006051112519185553,1127.239990234375,1
972,2010-08-05,105085.55057407582,84795.52108587939,-0.001268524584838171,-0.001268524584838171,1125.81005859375,1
973,2010-08-06,104696.30963545904,84481.43520025897,-0.003704038628435491,-0.003704038628435491,1121.6400146484375,1
974,2010-08-09,105270.36624177772,84944.65234856968,0.005483064382283187,0.005483064382283187,1127.7900390625,1
975,2010-08-10,104642.17528051134,84437.75316394321,-0.0059674054882985494,-0.0059674054882985494,1121.06005859375,1
976,2010-08-11,101693.48801898841,82058.40156427796,-0.028178764954173152,-0.028178764954173263,1089.469970703125,1
977,2010-08-12,101146.50428729733,81617.03003126639,-0.005378748849571902,-0.005378748849571902,1083.6099853515625,1
978,2010-08-13,100739.53380620555,81288.63784202414,-0.004023574358396176,-0.004023574358396176,1079.25,1
979,2010-08-16,100751.66874369647,81298.42975292212,0.00012045854325926086,0.00012045854325926086,1079.3800048828125,1
980,2010-08-17,101980.05485269387,82289.6377699907,0.01219221601303988,0.01219221601303988,1092.5400390625,1
981,2010-08-18,102131.26870756883,82411.65509349028,0.0014827787168127937,0.0014827787168127937,1094.1600341796875,1
982,2010-08-19,100401.63561719819,81015.98139349882,-0.016935392189468157,-0.01693539218946838,1075.6300048828125,1
983,2010-08-20,100033.86155391742,80719.21753617117,-0.0036630286052607985,-0.0036630286052605765,1071.68994140625,1
984,2010-08-23,100089.55732779382,80393.08714043211,0.0005567692080583608,-0.004040306703827046,1067.3599853515625,0
985,2010-08-24,100089.55732779382,79226.38785265022,0.0,-0.014512432962598854,1051.8699951171875,0
986,2010-08-25,100089.55732779382,79486.99059677437,0.0,0.0032893427453593027,1055.3299560546875,0
987,2010-08-26,100089.55732779382,78876.15004810883,0.0,-0.007684786454732473,1047.219970703125,0
988,2010-08-27,100089.55732779382,80184.45048118623,0.0,0.01658676839931239,1064.5899658203125,0
989,2010-08-30,100089.55732779382,79004.19882095025,0.0,-0.01471920868888299,1048.9200439453125,0
990,2010-08-31,100089.55732779382,79035.07322169711,0.0,0.000390794428747121,1049.3299560546875,0
991,2010-09-01,100089.55732779382,81366.97312920795,0.0,0.029504621333996228,1080.2900390625,0
992,2010-09-02,100089.55732779382,82105.85325643237,0.0,0.009080835857702363,1090.0999755859375,0
993,2010-09-03,100089.55732779382,83191.21072664205,0.0,0.013219002387319545,1104.510009765625,0
994,2010-09-07,100089.55732779382,82236.90855966217,0.0,-0.011471189788493596,1091.8399658203125,0
995,2010-09-08,100089.55732779382,82766.40729075552,0.0,0.006438699367075529,1098.8699951171875,0
996,2010-09-09,100089.55732779382,83166.35858095452,0.0,0.0048322900955937165,1104.1800537109375,0
997,2010-09-10,100089.55732779382,83570.82426387738,0.0,0.004863332840636003,1109.550048828125,0
998,2010-09-13,100089.55732779382,84501.01902205491,0.0,0.011130616053760756,1121.9000244140625,0
999,2010-09-14,100089.55732779382,84440.7596943316,0.0,-0.0007131195389203926,1121.0999755859375,0
1000,2010-09-15,100089.55732779382,84739.77615087992,0.0,0.00354113887216001,1125.0699462890625,0
1001,2010-09-16,100058.07439243818,84708.90175013307,-0.0003145476530836966,-0.00036434366656667994,1124.6600341796875,1
1002,2010-09-17,100140.80798876927,84778.94379447182,0.0008268557718451586,0.0008268557718451586,1125.5899658203125,1
1003,2010-09-20,101663.92937031918,86068.414336921,0.015209797205957498,0.015209797205957498,1142.7099609375,1
1004,2010-09-21,101403.26098240385,85847.7331675565,-0.002564020390809607,-0.002564020390809607,1139.780029296875,1
1005,2010-09-22,100913.9403055472,85433.47557373566,-0.004825492514896057,-0.004825492514895946,1134.280029296875,1
1006,2010-09-23,100073.19189914504,84721.70019141943,-0.008331340584428193,-0.008331340584428415,1124.8299560546875,1
1007,2010-09-24,102194.1824342291,86517.32518160988,0.021194392772258208,0.021194392772258208,1148.6700439453125,1
1008,2010-09-27,101615.00381880019,86026.99409410844,-0.005667432349210855,-0.005667432349210744,1142.1600341796875,1
1009,2010-09-28,102107.87580649961,86444.25821831766,0.004850385958537151,0.004850385958537151,1147.699951171875,1
1010,2010-09-29,101843.64524746369,86220.56132428223,-0.0025877588476783675,-0.0025877588476781455,1144.72998046875,1
1011,2010-09-30,101529.58773385086,85954.68106198395,-0.003083722237648967,-0.003083722237649078,1141.199951171875,1
1012,2010-10-01,101977.98688393201,86334.29459921927,0.004416438203773465,0.004416438203773465,1146.239990234375,1
1013,2010-10-04,101158.60064397553,85640.60437064608,-0.008034932488803492,-0.008034932488803381,1137.030029296875,1
1014,2010-10-05,103268.90466569783,87427.18218682375,0.02086134059079603,0.02086134059079603,1160.75,1
1015,2010-10-06,103199.50749051331,87368.43072143589,-0.0006720045633211713,-0.0006720045633211713,1159.969970703125,1
1016,2010-10-07,103029.58758395039,87224.57697691972,-0.0016465185803191673,-0.0016465185803190563,1158.06005859375,1
1017,2010-10-08,103660.3633792387,87758.59010073691,0.00612227817348443,0.006122278173484208,1165.1500244140625,1
1018,2010-10-11,103675.48088594557,87771.38854202328,0.00014583690635494584,0.00014583690635516788,1165.3199462890625,1
1019,2010-10-12,104071.39231338716,88106.56611177512,0.003818756605307172,0.003818756605307172,1169.77001953125,1
1020,2010-10-13,104812.48681063547,88733.97475756568,0.007121020299379444,0.007121020299379444,1178.0999755859375,1
1021,2010-10-14,104430.8240676762,88410.86008649755,-0.0036413861990395313,-0.0036413861990396423,1173.81005859375,1
1022,2010-10-15,104642.55604379474,88590.11181876696,0.002027485447987365,0.002027485447987365,1176.18994140625,1
1023,2010-10-18,105400.55999358802,89231.8359624619,0.007243744595420987,0.007243744595420987,1184.7099609375,1
1024,2010-10-19,103727.08892608278,87815.07977262157,-0.015877250249970554,-0.015877250249970665,1165.9000244140625,1
1025,2010-10-20,104818.7206100965,88739.2522757398,0.01052407519882892,0.01052407519882892,1178.1700439453125,1
1026,2010-10-21,105004.65942642423,88896.66758699261,0.0017739084702186325,0.0017739084702188546,1180.260009765625,1
1027,2010-10-22,105255.54270403576,89109.0647077946,0.0023892585241640507,0.0023892585241640507,1183.0799560546875,1
1028,2010-10-25,105481.52336463663,89300.37933874773,0.002146971596890479,0.002146971596890701,1185.6199951171875,1
1029,2010-10-26,105483.30445019691,89301.8872010832,1.688528477283846e-05,1.688528477283846e-05,1185.6400146484375,1
1030,2010-10-27,105199.49281027561,89061.61301564019,-0.002690583513671574,-0.002690583513671685,1182.449951171875,1
1031,2010-10-28,105317.82639725693,89161.79391812315,0.0011248494058304637,0.0011248494058306857,1183.780029296875,1
1032,2010-10-29,105271.56161380057,89122.62627453124,-0.0004392872986368479,-0.0004392872986368479,1183.260009765625,1
1033,2010-11-01,105371.20466267662,89206.98381677436,0.0009465333975153811,0.0009465333975153811,1184.3800048828125,1
1034,2010-11-02,106188.80981707282,89899.1661830121,0.007759284493458862,0.007759284493458862,1193.5699462890625,1
1035,2010-11-03,106579.37798783355,90229.82016575754,0.003678053944041304,0.003678053944041082,1197.9599609375,1
1036,2010-11-04,108634.53351885366,91969.70941523106,0.01928286287479275,0.01928286287479275,1221.06005859375,1
1037,2010-11-05,109060.67995970897,92330.48386755562,0.00392275298702649,0.00392275298702649,1225.8499755859375,1
1038,2010-11-08,108829.36690270503,92134.65484387866,-0.0021209574072836856,-0.0021209574072835746,1223.25,1
1039,2010-11-09,107953.04022620826,91392.7589919833,-0.008052299681943542,-0.008052299681943764,1213.4000244140625,1
1040,2010-11-10,108425.45145051993,91792.70108789977,0.004376080778473401,0.004376080778473401,1218.7099609375,1
1041,2010-11-11,107965.4969648525,91403.304834049,-0.004242126544221292,-0.004242126544221403,1213.5400390625,1
1042,2010-11-12,106690.58723257369,90323.96961889864,-0.011808492232419865,-0.011808492232419754,1199.2099609375,1
1043,2010-11-15,106560.6983100061,90214.00599980024,-0.0012174356326715152,-0.0012174356326717373,1197.75,1
1044,2010-11-16,104833.83811680335,88752.05071702617,-0.016205413633636034,-0.016205413633635812,1178.3399658203125,1
1045,2010-11-17,104856.07996575139,88770.88060765438,0.0002121628793487762,0.00021216287934855416,1178.5899658203125,1
1046,2010-11-18,106466.38765753311,90134.16285028098,0.015357313493959523,0.015357313493959523,1196.68994140625,1
1047,2010-11-19,106736.85201603004,90363.13726249053,0.002540373205550228,0.002540373205550228,1199.72998046875,1
1048,2010-11-22,106568.7023347496,90220.7821860273,-0.0015753666901773267,-0.0015753666901772156,1197.8399658203125,1
1049,2010-11-23,105046.47149597984,88932.06557474585,-0.014284032792181156,-0.014284032792181156,1180.72998046875,1
1050,2010-11-24,106614.0765754258,90259.19589845146,0.014922967493543604,0.014922967493543604,1198.3499755859375,1
1051,2010-11-26,105817.82272719749,89585.08949167421,-0.007468562068021045,-0.007468562068021045,1189.4000244140625,1
1052,2010-11-29,105671.91489486508,89461.56430583919,-0.001378858764733426,-0.001378858764733426,1187.760009765625,1
1053,2010-11-30,105030.46344649284,88918.51320229175,-0.006070216944686124,-0.006070216944686124,1180.550048828125,1
1054,2010-12-01,107300.90226447427,90840.66071442308,0.02161695515261708,0.02161695515261708,1206.0699462890625,1
1055,2010-12-02,108676.34558840927,92005.1074029843,0.012818562518186694,0.012818562518186694,1221.530029296875,1
1056,2010-12-03,108959.25582527263,92244.61846297704,0.0026032365675492386,0.0026032365675492386,1224.7099609375,1
1057,2010-12-06,108817.80070684095,92124.86293298067,-0.001298238661417761,-0.001298238661417761,1223.1199951171875,1
1058,2010-12-07,108873.8506006011,92172.31462513508,0.0005150801927265025,0.0005150801927265025,1223.75,1
1059,2010-12-08,109276.87551000605,92513.51444994623,0.003701760406026544,0.003701760406026544,1228.280029296875,1
1060,2010-12-09,109696.79901167816,92869.02057837922,0.0038427480627742927,0.0038427480627745148,1233.0,1
1061,2010-12-10,110355.15991259538,93426.38717983103,0.006001641860553519,0.006001641860553519,1240.4000244140625,1
1062,2010-12-13,110360.49230899844,93430.90157255488,4.83203178471836e-05,4.83203178471836e-05,1240.4599609375,1
1063,2010-12-14,110461.02590065464,93516.01304596574,0.00091095635360805,0.00091095635360805,1241.5899658203125,1
1064,2010-12-15,109895.19456665013,93036.98173169773,-0.005122452280258649,-0.005122452280258649,1235.22998046875,1
1065,2010-12-16,110574.90677373523,93612.42429261003,0.006185094896691501,0.006185094896691501,1242.8699951171875,1
1066,2010-12-17,110667.43634064792,93690.75957979383,0.0008368043854836138,0.0008368043854836138,1243.9100341796875,1
1067,2010-12-20,110949.45603473113,93929.51670861883,0.0025483530061645165,0.0025483530061645165,1247.0799560546875,1
1068,2010-12-21,111618.49258873229,94495.92128980088,0.006030102155631267,0.006030102155631267,1254.5999755859375,1
1069,2010-12-22,111995.71347806863,94815.27549931289,0.0033795554893063517,0.0033795554893063517,1258.8399658203125,1
1070,2010-12-23,111811.55574730119,94659.36805039554,-0.0016443283858672553,-0.0016443283858673663,1256.77001953125,1
1071,2010-12-27,111880.06237970557,94717.36558461566,0.0006126972471363068,0.0006126972471360848,1257.5400390625,1
1072,2010-12-28,111966.35814715725,94790.42335362535,0.0007713239125555216,0.0007713239125555216,1258.510009765625,1
1073,2010-12-29,112079.34847745768,94886.08066910191,0.0010091453555354235,0.0010091453555356455,1259.780029296875,1
1074,2010-12-30,111910.3082533971,94742.97166147093,-0.0015082191889665975,-0.0015082191889667085,1257.8800048828125,1
1075,2010-12-31,111888.95694722922,94724.89570201044,-0.0001907894500615681,-0.0001907894500615681,1257.6400146484375,1
1076,2011-01-03,113154.96125170657,95796.6916054835,0.011314828013585299,0.011314828013585299,1271.8699951171875,1
1077,2011-01-04,113006.38179103372,95670.90462614527,-0.0013130618315739806,-0.0013130618315739806,1270.199951171875,1
1078,2011-01-05,113572.22398531606,96149.94513469582,0.0050071702616640845,0.0050071702616643066,1276.56005859375,1
1079,2011-01-06,113331.1149577305,95945.8228681738,-0.002122957701495065,-0.002122957701495065,1273.8499755859375,1
1080,2011-01-07,113122.0437496746,95768.82373512504,-0.001844782063018413,-0.001844782063018413,1271.5,1
1081,2011-01-10,112966.3508070384,95637.0145007275,-0.001376327172630809,-0.001376327172630809,1269.75,1
1082,2011-01-11,113387.16485149066,95993.27456032821,0.0037251273626697223,0.0037251273626697223,1274.47998046875,1
1083,2011-01-12,114408.5088175397,96857.94166689085,0.00900758006769764,0.00900758006769764,1285.9599609375,1
1084,2011-01-13,114212.78489090817,96692.24230707553,-0.001710746243041017,-0.001710746243041017,1283.760009765625,1
1085,2011-01-14,115056.19406537297,97406.27028861242,0.007384542591010179,0.007384542591010179,1293.239990234375,1
1086,2011-01-18,115214.5586363496,97540.34131651315,0.001376410651013238,0.00137641065101346,1295.02001953125,1
1087,2011-01-19,114049.08792352845,96553.65688645095,-0.010115654884377157,-0.010115654884377157,1281.9200439453125,1
1088,2011-01-20,113901.39900563576,96428.62383828046,-0.0012949592195925508,-0.0012949592195925508,1280.260009765625,1
1089,2011-01-21,114176.30521775561,96661.35871204615,0.0024135455272700224,0.0024135455272700224,1283.3499755859375,1
1090,2011-01-24,114842.67014341633,97225.501499725,0.00583628034196626,0.005836280341966038,1290.8399658203125,1
1091,2011-01-25,114872.92687738566,97251.1167708628,0.00026346247376118903,0.0002634624737614111,1291.1800537109375,1
1092,2011-01-26,115357.79484034156,97661.60470884497,0.00422090718967616,0.00422090718967616,1296.6300048828125,1
1093,2011-01-27,115616.69300297441,97880.78721015656,0.0022443057531671418,0.0022443057531671418,1299.5400390625,1
1094,2011-01-28,113552.64290443066,96133.36784328826,-0.017852526697772375,-0.017852526697772375,1276.3399658203125,1
1095,2011-01-31,114422.74664174422,96869.99537129203,0.007662558220206783,0.007662558220207005,1286.1199951171875,1
1096,2011-02-01,116332.87402293425,98487.10417181572,0.016693598408108468,0.01669359840810869,1307.5899658203125,1
1097,2011-02-02,116016.15574125879,98218.97131029678,-0.00272251746839014,-0.002722517468390251,1304.030029296875,1
1098,2011-02-03,116289.28086781835,98450.198321727,0.0023541990752451447,0.0023541990752451447,1307.0999755859375,1
1099,2011-02-04,116624.68968759906,98734.15454348577,0.002884262567260709,0.0028842625672609312,1310.8699951171875,1
1100,2011-02-07,117352.44776370081,99350.27261032542,0.006240171597036381,0.006240171597036381,1319.050048828125,1
1101,2011-02-08,117843.53866583992,99766.02887219918,0.004184752099316791,0.004184752099316791,1324.5699462890625,1
1102,2011-02-09,117515.25418830037,99488.10409978229,-0.0027857656113878804,-0.0027857656113877693,1320.8800048828125,1
1103,2011-02-10,117603.33104131234,99562.66973112743,0.0007494929370688297,0.0007494929370688297,1321.8699951171875,1
1104,2011-02-11,118251.01628914561,100110.998352849,0.005507371620330659,0.005507371620330659,1329.1500244140625,1
1105,2011-02-14,118533.03598322882,100349.755481674,0.002384924061824778,0.002384924061824778,1332.3199462890625,1
1106,2011-02-15,118149.59215470926,100025.1329482704,-0.003234911055292833,-0.003234911055292833,1328.010009765625,1
1107,2011-02-16,118888.90556639728,100651.0337317255,0.006257435156610036,0.006257435156610036,1336.3199462890625,1
1108,2011-02-17,119254.57112014735,100960.60522462206,0.003075691142146564,0.003075691142146564,1340.4300537109375,1
1109,2011-02-18,119484.103091591,101154.92638596358,0.0019247226272978146,0.0019247226272978146,1343.010009765625,1
1110,2011-02-22,117031.2659078468,99078.3608986853,-0.02052856505826528,-0.02052856505826517,1315.43994140625,1
1111,2011-02-23,116315.9754306671,98472.79786819388,-0.00611196052295071,-0.00611196052295071,1307.4000244140625,1
1112,2011-02-24,116200.31347202623,98374.87875921413,-0.000994377240208122,-0.000994377240208233,1306.0999755859375,1
1113,2011-02-25,117426.28679250825,99412.7845372694,0.01055051646463201,0.01055051646463201,1319.8800048828125,1
1114,2011-02-28,118079.3044367446,99965.62755171482,0.005561085699577806,0.005561085699577806,1327.219970703125,1
1115,2011-03-01,116220.77423541396,98392.20078750688,-0.015739677754675885,-0.015739677754675885,1306.3299560546875,1
1116,2011-03-02,116408.494137302,98551.12396109516,0.0016152009236127807,0.0016152009236127807,1308.43994140625,1
1117,2011-03-03,118412.93217096502,100248.07591113812,0.01721900148711497,0.01721900148711497,1330.969970703125,1
1118,2011-03-04,117539.2771228087,99508.44185274596,-0.0073780374502925294,-0.0073780374502926405,1321.1500244140625,1
1119,2011-03-07,116558.85468353513,98678.41880276884,-0.008341232507744545,-0.008341232507744545,1310.1300048828125,1
1120,2011-03-08,117598.87832741161,99558.90007528877,0.008922733898683255,0.008922733898683255,1321.8199462890625,1
1121,2011-03-09,117438.74353115249,99423.33037933511,-0.0013617034323515353,-0.0013617034323514243,1320.02001953125,1
1122,2011-03-10,115222.5626610931,97547.11750274019,-0.018870951812180348,-0.018870951812180348,1295.1099853515625,1
1123,2011-03-11,116038.39759020682,98237.80120092501,0.007080513662183874,0.007080513662183874,1304.280029296875,1
1124,2011-03-14,115336.44353417368,97643.52874938448,-0.006049325659529647,-0.006049325659529647,1296.3900146484375,1
1125,2011-03-15,114044.63520962773,96549.88723061228,-0.01120034817237281,-0.01120034817237281,1281.8699951171875,1
1126,2011-03-16,111821.34085760498,94667.65209895806,-0.019494949042855536,-0.019494949042855425,1256.8800048828125,1
1127,2011-03-17,113319.54876186642,95936.03095727583,0.013398228752857344,0.013398228752857566,1273.719970703125,1
1128,2011-03-18,113807.97889594291,96349.53461992892,0.004310201897316901,0.004310201897316901,1279.2099609375,1
1129,2011-03-21,115513.48778297777,97793.41394324251,0.014985846366661448,0.01498584636666167,1298.3800048828125,1
1130,2011-03-22,115103.34939160946,97446.19186337205,-0.003550567117658665,-0.003550567117658776,1293.77001953125,1
1131,2011-03-23,115438.75821139019,97730.1480851308,0.00291397966743423,0.00291397966743423,1297.5400390625,1
1132,2011-03-24,116517.0426139795,98643.0208150156,0.009340748456551973,0.009340748456552195,1309.6600341796875,1
1133,2011-03-25,116885.3689357922,98954.8449071328,0.003161136890789118,0.003161136890788896,1313.800048828125,1
1134,2011-03-28,116564.1870799382,98682.93319549269,-0.002747836267090298,-0.002747836267090298,1310.18994140625,1
1135,2011-03-29,117387.13549101526,99379.63914873682,0.007060045042073693,0.007060045042073693,1319.43994140625,1
1136,2011-03-30,118171.83400365729,100043.96283889863,0.006684706201916857,0.006684706201916635,1328.260009765625,1
1137,2011-03-31,117955.63845336021,99860.93225650802,-0.0018295015230989087,-0.0018295015230987977,1325.8299560546875,1
1138,2011-04-01,118541.05086825012,100356.54086218358,0.004962987972138233,0.004962987972138233,1332.4100341796875,1
1139,2011-04-04,118581.9723950256,100391.1849187691,0.0003452097520288966,0.0003452097520288966,1332.8699951171875,1
1140,2011-04-05,118560.62108885772,100373.1089593086,-0.0001800552456384663,-0.0001800552456384663,1332.6300048828125,1
1141,2011-04-06,118819.51925149056,100592.2914606202,0.002183677516658822,0.002183677516658822,1335.5400390625,1
1142,2011-04-07,118638.91283156589,100439.39054209123,-0.0015200063176691314,-0.0015200063176691314,1333.510009765625,1
1143,2011-04-08,118163.82997891378,100037.18665267157,-0.004004443747108399,-0.004004443747108399,1328.1700439453125,1
1144,2011-04-11,117833.75355553612,99757.74482363668,-0.0027933795260068894,-0.0027933795260068894,1324.4599609375,1
1145,2011-04-12,116917.39589504403,98981.95884632354,-0.007776699229565032,-0.007776699229565143,1314.1600341796875,1
1146,2011-04-13,116939.63774399205,99000.78873695177,0.00019023558280406583,0.00019023558280406583,1314.4100341796875,1
1147,2011-04-14,116949.42285429584,99009.07278551428,8.367659155239515e-05,8.367659155239515e-05,1314.52001953125,1
1148,2011-04-15,117408.49765746095,99397.72430247984,0.003925413156908419,0.003925413156908419,1319.6800537109375,1
1149,2011-04-18,116114.9082473547,98302.57492137217,-0.011017851653977284,-0.011017851653977395,1305.1400146484375,1
1150,2011-04-19,116780.38263023527,98865.9637778833,0.00573117089721964,0.00573117089721964,1312.6199951171875,1
1151,2011-04-20,118358.66336276518,100202.13208131917,0.013514947433656443,0.013514947433656443,1330.3599853515625,1
1152,2011-04-21,118983.21621887026,100730.87688124478,0.0052767819301140495,0.0052767819301140495,1337.3800048828125,1
1153,2011-04-25,118793.71523142196,100570.44584532104,-0.0015926699031207914,-0.0015926699031210134,1335.25,1
1154,2011-04-26,119860.43343814719,101473.52666430785,0.008979584523029382,0.008979584523029382,1347.239990234375,1
1155,2011-04-27,120609.54282041681,102107.72069060801,0.006249847099511818,0.006249847099511818,1355.6600341796875,1
1156,2011-04-28,121038.36088961257,102470.75693643576,0.0035554240499380274,0.0035554240499380274,1360.47998046875,1
1157,2011-04-29,121316.829272853,102706.50753487238,0.002300662213150728,0.002300662213150728,1363.6099853515625,1
1158,2011-05-02,121104.19589367651,102526.4926771527,-0.00175271131343413,-0.00175271131343413,1361.219970703125,1
1159,2011-05-03,120694.94804508834,102180.02452844995,-0.0033793036283191746,-0.0033793036283191746,1356.6199951171875,1
1160,2011-05-04,119867.54692011054,101479.54891936717,-0.006855308680100758,-0.006855308680100758,1347.3199462890625,1
1161,2011-05-05,118780.36794999757,100559.1460720876,-0.00906983581500631,-0.00906983581500631,1335.0999755859375,1
1162,2011-05-06,119234.0994964818,100943.27400204678,0.0038199203649145197,0.0038199203649142977,1340.199951171875,1
1163,2011-05-09,119775.9187562558,101401.97675763363,0.004544163641626797,0.004544163641626575,1346.2900390625,1
1164,2011-05-10,120742.99391410498,102220.70003437733,0.008074036650198346,0.008074036650198346,1357.1600341796875,1
1165,2011-05-11,119401.35863498208,101084.87514734229,-0.011111495877577093,-0.011111495877577204,1342.0799560546875,1
1166,2011-05-12,119985.88050709186,101579.72982185012,0.004895437361786659,0.004895437361786659,1348.6500244140625,1
1167,2011-05-13,119017.91480646253,100760.2526139387,-0.00806733006032423,-0.008067330060324118,1337.77001953125,1
1168,2011-05-16,118279.48107727685,100135.0965673688,-0.006204391417766519,-0.006204391417766408,1329.469970703125,1
1169,2011-05-17,118235.88792216094,100098.19071728009,-0.0003685605881837972,-0.00036856058818390824,1328.97998046875,1
1170,2011-05-18,119276.81296909538,100979.4351152503,0.00880379946585852,0.008803799465858742,1340.6800537109375,1
1171,2011-05-19,119536.59081423056,101199.36235344707,0.0021779408643529674,0.0021779408643529674,1343.5999755859375,1
1172,2011-05-20,118617.561525398,100421.31458263074,-0.007688267521873682,-0.007688267521873571,1333.27001953125,1
1173,2011-05-23,117202.97776024781,99223.73169981947,-0.01192558460112425,-0.01192558460112425,1317.3699951171875,1
1174,2011-05-24,117106.0063397122,99141.63595107954,-0.0008273801774386635,-0.0008273801774386635,1316.280029296875,1
1175,2011-05-25,117478.77451514782,99457.22050475288,0.0031831687125787322,0.0031831687125787322,1320.469970703125,1
1176,2011-05-26,117943.18171471597,99850.38641444231,0.0039531157988736965,0.0039531157988739185,1325.68994140625,1
1177,2011-05-27,118424.49836682911,100257.86782203609,0.004080919686204165,0.004080919686203943,1331.0999755859375,1
1178,2011-05-31,119678.93647544237,101319.87181461116,0.010592724697279676,0.010592724697279676,1345.199951171875,1
1179,2011-06-01,116952.09448263628,99011.33457901746,-0.02278464425831217,-0.02278464425831217,1314.550048828125,1
1180,2011-06-02,116808.84741836651,98890.0619924031,-0.0012248353901095355,-0.0012248353901095355,1312.93994140625,1
1181,2011-06-03,115671.85235395441,97927.48497114325,-0.009733809463420173,-0.009733809463420173,1300.1600341796875,1
1182,2011-06-06,114427.19935564495,96873.76502713068,-0.010760206333523925,-0.010760206333523925,1286.1700439453125,1
1183,2011-06-07,114317.76033618729,96781.1142420425,-0.0009564073932939454,-0.0009564073932940564,1284.93994140625,1
1184,2011-06-08,113839.1261726924,96375.90382223445,-0.004186874918536865,-0.004186874918536754,1279.56005859375,1
1185,2011-06-09,114678.97317603661,97086.91607910041,0.007377489898070522,0.007377489898070522,1289.0,1
1186,2011-06-10,113075.77896621825,95729.65609153314,-0.013979844477307934,-0.013979844477307934,1270.97998046875,1
1187,2011-06-13,113151.399080586,95793.67588081257,0.0006687560771996282,0.0006687560771996282,1271.8299560546875,1
1188,2011-06-14,114578.43958438042,97001.80460568955,0.012611779574887017,0.012611779574887017,1287.8699951171875,1
1189,2011-06-15,112581.12589295855,95310.88410498845,-0.017431845805082502,-0.01743184580508228,1265.4200439453125,1
1190,2011-06-16,112778.63090515038,95478.09132713923,0.0017543350239686006,0.0017543350239686006,1267.6400146484375,1
1191,2011-06-17,113122.0437496746,95768.82373512504,0.003045016966140013,0.003045016966140013,1271.5,1
1192,2011-06-20,113732.35878157518,96285.51483064948,0.005395190996116739,0.005395190996116739,1278.3599853515625,1
1193,2011-06-21,115259.04233424566,97578.00109776958,0.013423475684721353,0.013423475684721353,1295.52001953125,1
1194,2011-06-22,114513.49512309663,96946.82279614036,-0.006468448774604507,-0.006468448774604396,1287.1400146484375,1
1195,2011-06-23,114189.65249917998,96672.65848527958,-0.002827986549258088,-0.002827986549257977,1283.5,1
1196,2011-06-24,112850.68884839752,95539.09539174775,-0.011725787945559007,-0.011725787945559007,1268.449951171875,1
1197,2011-06-27,113887.16118143123,96416.57013387929,0.009184457300265958,0.009184457300265958,1280.0999755859375,1
1198,2011-06-28,115361.35701146215,97664.6204335159,0.012944354874931063,0.012944354874931063,1296.6700439453125,1
1199,2011-06-29,116316.86597344725,98473.55179936161,0.00828274724516409,0.00828274724516409,1307.4100341796875,1
1200,2011-06-30,117493.90288213249,99470.0281403218,0.010119228186168172,0.010119228186168172,1320.6400146484375,1
1201,2011-07-01,119186.95503052311,100903.36162156968,0.014409702179091433,0.014409702179091433,1339.6700439453125,1
1202,2011-07-05,119027.69991676633,100768.53666250121,-0.0013361790618444669,-0.001336179061844578,1337.8800048828125,1
1203,2011-07-06,119146.91318624998,100869.46230186937,0.0010015590452223666,0.0010015590452223666,1339.219970703125,1
1204,2011-07-07,120392.4567273396,101923.93617704966,0.010453846497412655,0.010453846497412655,1353.219970703125,1
1205,2011-07-08,119554.39080955565,101214.43178251917,-0.006961116506509768,-0.006961116506509657,1343.800048828125,1
1206,2011-07-11,117391.58820491598,99383.40880457548,-0.01809053260189253,-0.01809053260189253,1319.489990234375,1
1207,2011-07-12,116871.13111158767,98942.79120273165,-0.004433512667192274,-0.004433512667192163,1313.6400146484375,1
1208,2011-07-13,117234.1141767195,99250.09170784247,0.003105840267646931,0.003105840267646931,1317.719970703125,1
1209,2011-07-14,116446.75489601484,98583.51541846001,-0.0067161276923011215,-0.0067161276923010105,1308.8699951171875,1
1210,2011-07-15,117093.54960106796,99131.09010901384,0.005554424471774233,0.005554424471774233,1316.1400146484375,1
1211,2011-07-18,116141.59194992564,98325.16527355651,-0.008129889770918997,-0.008129889770918997,1305.43994140625,1
1212,2011-07-19,118035.71128162868,99928.72170162611,0.016308708188877752,0.01630870818887753,1326.72998046875,1
1213,2011-07-20,117956.52899614036,99861.68618767575,-0.0006708332980635001,-0.0006708332980635001,1325.8399658203125,1
1214,2011-07-21,119554.39080955565,101214.43178251917,0.013546192203295337,0.013546192203295337,1343.800048828125,1
1215,2011-07-22,119662.92842595537,101306.31944215707,0.0009078513609142025,0.0009078513609139804,1345.02001953125,1
1216,2011-07-25,118987.668932771,100734.64653708343,-0.0056430132712504966,-0.0056430132712504966,1337.4300537109375,1
1217,2011-07-26,118499.2279384167,100321.1336801478,-0.004104971538103408,-0.004104971538103408,1331.93994140625,1
1218,2011-07-27,116092.66639840667,98283.74503074396,-0.020308668519433026,-0.020308668519433026,1304.8900146484375,1
1219,2011-07-28,115717.22659463061,97965.89868356741,-0.0032339665839667964,-0.0032339665839667964,1300.6700439453125,1
1220,2011-07-29,114970.78884070143,97333.96645077046,-0.006450532698506817,-0.006450532698506817,1292.280029296875,1
1221,2011-08-01,114495.69512777151,96931.75336706826,-0.004132299323336697,-0.004132299323336697,1286.93994140625,1
1222,2011-08-02,111569.56703721332,94454.50104698833,-0.025556664705103427,-0.025556664705103316,1254.050048828125,1
1223,2011-08-03,112129.1645717568,94928.2548430822,0.005015682586245296,0.005015682586245518,1260.3399658203125,1
1224,2011-08-04,106767.09788972157,90388.7433393458,-0.04782044620161052,-0.047820446201610634,1200.0699462890625,1
1225,2011-08-05,106705.71559955836,90336.77725446754,-0.0005749176607442452,-0.0005749176607442452,1199.3800048828125,1
1226,2011-08-08,99595.43741815249,84317.23450849658,-0.06663446415643826,-0.06663446415643826,1119.4599609375,1
1227,2011-08-09,99564.28010650631,88314.44883985326,-0.00031283874496546016,0.0474068481332115,1172.530029296875,0
1228,2011-08-10,99564.28010650631,84415.15361747633,0.0,-0.0441524039791924,1120.760009765625,0
1229,2011-08-11,99564.28010650631,88322.73288841578,0.0,0.04629002144148764,1172.6400146484375,0
1230,2011-08-12,99564.28010650631,88787.45789906195,0.0,0.00526166928318772,1178.81005859375,0
1231,2011-08-15,99564.28010650631,90721.65911559445,0.0,0.021784622088531824,1204.489990234375,0
1232,2011-08-16,99564.28010650631,89838.16211840359,0.0,-0.00973854541245922,1192.760009765625,0
1233,2011-08-17,99564.28010650631,89923.27359181445,0.0,0.0009473866272851073,1193.8900146484375,0
1234,2011-08-18,99564.28010650631,85913.2608191714,0.0,-0.0445937143129993,1140.6500244140625,0
1235,2011-08-19,99564.28010650631,84623.79027672221,0.0,-0.015008981502439234,1123.530029296875,0
1236,2011-08-22,99564.28010650631,84645.62669773883,0.0,0.00025804116011829414,1123.8199462890625,0
1237,2011-08-23,99564.28010650631,87547.69164798784,0.0,0.034284877594586094,1162.3499755859375,0
1238,2011-08-24,99564.28010650631,88696.31497630924,0.0,0.013119972745138542,1177.5999755859375,0
1239,2011-08-25,99564.28010650631,87315.71070538988,0.0,-0.01556552007023193,1159.27001953125,0
1240,2011-08-26,99564.28010650631,88636.06484286845,0.0,0.015121610152536658,1176.800048828125,0
1241,2011-08-29,99564.28010650631,91142.69289564232,0.0,0.028280001568408375,1210.0799560546875,0
1242,2011-08-30,99564.28010650631,91356.60707306233,0.0,0.002347024984931556,1212.9200439453125,0
1243,2011-08-31,99564.28010650631,91806.2626546364,0.0,0.004921982065451136,1218.8900146484375,0
1244,2011-09-01,99564.28010650631,90716.39079170286,0.0,-0.01187143263889856,1204.4200439453125,0
1245,2011-09-02,99564.28010650631,88422.9045966162,0.0,-0.02528193830322034,1173.969970703125,0
1246,2011-09-06,99564.28010650631,87765.36628696397,0.0,-0.007436289416773878,1165.239990234375,0
1247,2011-09-07,99564.28010650631,90279.53365141516,0.0,0.02864646352902689,1198.6199951171875,0
1248,2011-09-08,99564.28010650631,89321.47102287914,0.0,-0.010612179635699714,1185.9000244140625,0
1249,2011-09-09,99564.28010650631,86936.09716815456,0.0,-0.026705492278710663,1154.22998046875,0
1250,2011-09-12,99564.28010650631,87541.66939292852,0.0,0.006965716710316983,1162.27001953125,0
1251,2011-09-13,99564.28010650631,88340.05491670853,0.0,0.00912006281484623,1172.8699951171875,0
1252,2011-09-14,99564.28010650631,89530.86161329276,0.0,0.013479804803234297,1188.6800537109375,0
1253,2011-09-15,99564.28010650631,91069.63512663264,0.0,0.01718707365942973,1209.1099853515625,0
1254,2011-09-16,99564.28010650631,91589.341946828,0.0,0.0057066970727697175,1216.010009765625,0
1255,2011-09-19,99564.28010650631,90691.52945173279,0.0,-0.00980258702608039,1204.0899658203125,0
1256,2011-09-20,99564.28010650631,90540.89032670703,0.0,-0.0016610054537224972,1202.0899658203125,0
1257,2011-09-21,99564.28010650631,87879.85349306875,0.0,-0.02939044252863232,1166.760009765625,0
1258,2011-09-22,99564.28010650631,85077.96944530268,0.0,-0.031883121516435575,1129.56005859375,0
1259,2011-09-23,99564.28010650631,85595.41447199485,0.0,0.006082009597382809,1136.4300537109375,0
1260,2011-09-26,99564.28010650631,87592.88154663907,0.0,0.023336145831710953,1162.949951171875,0
1261,2011-09-27,99564.28010650631,88529.10775415845,0.0,0.010688382331855317,1175.3800048828125,0
1262,2011-09-28,99564.28010650631,86697.34003932956,0.0,-0.020691134941917988,1151.06005859375,0
1263,2011-09-29,99564.28010650631,87400.82217880074,0.0,0.008114229792425487,1160.4000244140625,0
1264,2011-09-30,99564.28010650631,85218.06272826272,0.0,-0.024974129488995134,1131.4200439453125,0
1265,2011-10-03,99564.28010650631,82793.52122994624,0.0,-0.0284510281118181,1099.22998046875,0
1266,2011-10-04,99564.28010650631,84655.4186086368,0.0,0.022488442948566334,1123.949951171875,0
1267,2011-10-05,99564.28010650631,86167.84130823622,0.0,0.017865633700204997,1144.030029296875,0
1268,2011-10-06,99564.28010650631,87745.02853400027,0.0,0.018303664125949304,1164.969970703125,0
1269,2011-10-07,99564.28010650631,87028.7387589602,0.0,-0.008163308930516977,1155.4599609375,0
1270,2011-10-10,99564.28010650631,89998.59315432732,0.0,0.034124984892549115,1194.8900146484375,0
1271,2011-10-11,99564.28010650631,90047.5527088172,0.0,0.0005440035535435594,1195.5400390625,0
1272,2011-10-12,99564.28010650631,90929.54184367259,0.0,0.009794704112697561,1207.25,0
1273,2011-10-13,99564.28010650631,90659.14718865047,0.0,-0.002973672247100767,1203.6600341796875,0
1274,2011-10-14,99564.28010650631,92234.82655207906,0.0,0.017380257947383848,1224.5799560546875,0
1275,2011-10-17,99564.28010650631,90448.24873590139,0.0,-0.019369883187983272,1200.8599853515625,0
1276,2011-10-18,99564.28010650631,92295.08587980238,0.0,0.020418716445174567,1225.3800048828125,0
1277,2011-10-19,99564.28010650631,91127.63266085276,0.0,-0.012649137360032592,1209.8800048828125,0
1278,2011-10-20,99564.28010650631,91542.64418584133,0.0,0.0045541787147385104,1215.3900146484375,0
1279,2011-10-21,99564.28010650631,93264.44828157182,0.0,0.018808765150316598,1238.25,0
1280,2011-10-24,99564.28010650631,94465.0376947715,0.0,0.012872958939026846,1254.18994140625,0
1281,2011-10-25,99564.28010650631,92571.51198416635,0.0,-0.02004472508361632,1229.050048828125,0
1282,2011-10-26,99564.28010650631,93546.89664099512,0.0,0.010536553156824446,1242.0,0
1283,2011-10-27,99564.28010650631,96754.7542340195,0.0,0.034291437858544604,1284.5899658203125,0
1284,2011-10-28,99564.28010650631,96792.41401527595,0.0,0.0003892292585989665,1285.0899658203125,0
1285,2011-10-31,99564.28010650631,94398.01137510366,0.0,-0.02473750308360334,1253.300048828125,0
1286,2011-11-01,99564.28010650631,91760.31882481746,0.0,-0.027942247001422116,1218.280029296875,0
1287,2011-11-02,99564.28010650631,93238.08827354883,0.0,0.016104667765514558,1237.9000244140625,0
1288,2011-11-03,99564.28010650631,94989.26810197326,0.0,0.01878180753005876,1261.1500244140625,0
1289,2011-11-04,99564.28010650631,94392.73385692954,0.0,-0.006280017279460703,1253.22998046875,0
1290,2011-11-07,99564.28010650631,94987.00630847005,0.0,0.006295743615618132,1261.1199951171875,0
1291,2011-11-08,99564.28010650631,96101.73951137367,0.0,0.011735638864999398,1275.9200439453125,0
1292,2011-11-09,95870.541332828,92575.27244572248,-0.03709903561525307,-0.036695142913972245,1229.0999755859375,1
1293,2011-11-10,96697.34583833955,93373.65796950248,0.008624176874533207,0.008624176874533207,1239.699951171875,1
1294,2011-11-11,98581.06234616345,95192.627243045,0.019480539941325148,0.019480539941325148,1263.8499755859375,1
1295,2011-11-14,97639.59923691643,94283.52416899888,-0.009550141648312915,-0.009550141648312915,1251.780029296875,1
1296,2011-11-15,98109.9451684332,94737.70333757934,0.004817163683512371,0.004817163683512371,1257.81005859375,1
1297,2011-11-16,96479.73062588528,93163.52264220368,-0.016616200730203312,-0.0166162007302032,1236.9100341796875,1
1298,2011-11-17,94858.87577503907,91598.37992655825,-0.016799952076268942,-0.016799952076269054,1216.1300048828125,1
1299,2011-11-18,94821.43700823223,91562.22800763728,-0.00039467858438069214,-0.0003946785843805811,1215.6500244140625,1
1300,2011-11-21,93053.15987191547,89854.73021552862,-0.01864849544690239,-0.018648495446902502,1192.97998046875,1
1301,2011-11-22,92960.10671204356,89482.6559899706,-0.0009999999999998899,-0.004140841830647557,1188.0400390625,0
1302,2011-11-23,92960.10671204356,87505.51747400755,0.0,-0.02209521492281874,1161.7900390625,0
1303,2011-11-25,92960.10671204356,87270.52080673867,0.0,-0.002685506857766695,1158.6700439453125,0
1304,2011-11-28,92960.10671204356,89822.34795244629,0.0,0.029240425313361573,1192.550048828125,0
1305,2011-11-29,92960.10671204356,90021.18350651166,0.0,0.002213653490450218,1195.18994140625,0
1306,2011-11-30,92960.10671204356,93920.47872888859,0.0,0.04331530724759758,1246.9599609375,0
1307,2011-12-01,92960.10671204356,93741.21780233663,0.0,-0.0019086457924625266,1244.5799560546875,0
1308,2011-12-02,92960.10671204356,93718.62745015229,0.0,-0.00024098633145530624,1244.280029296875,0
1309,2011-12-05,92960.10671204356,94682.71233374762,0.0,0.01028701454370018,1257.0799560546875,0
1310,2011-12-06,92960.10671204356,94787.40762895442,0.0,0.0011057487964407642,1258.469970703125,0
1311,2011-12-07,92960.10671204356,94978.72225990755,0.0,0.002018354924337995,1261.010009765625,0
1312,2011-12-08,92960.10671204356,92970.7001489151,0.0,-0.02114181011508587,1234.3499755859375,0
1313,2011-12-09,92960.10671204356,94540.35725728437,0.0,0.016883352560054687,1255.18994140625,0
1314,2011-12-12,92960.10671204356,93130.37725367109,0.0,-0.014914054108935981,1236.469970703125,0
1315,2011-12-13,92960.10671204356,92321.44588782538,0.0,-0.00868600976072842,1225.72998046875,0
1316,2011-12-14,92960.10671204356,91273.74819887213,0.0,-0.01134836742295231,1211.8199462890625,0
1317,2011-12-15,92960.10671204356,91569.75812503207,0.0,0.0032431003656712143,1215.75,0
1318,2011-12-16,92960.10671204356,91864.26018885653,0.0,0.0032161498496299235,1219.6600341796875,0
1319,2011-12-19,92960.10671204356,90786.43283604161,0.0,-0.011732825699560356,1205.3499755859375,0
1320,2011-12-20,92960.10671204356,93494.17662494912,0.0,0.029825423296426123,1241.300048828125,0
1321,2011-12-21,92960.10671204356,93676.44408188947,0.0,0.0019495059855065833,1243.719970703125,0
1322,2011-12-22,92960.10671204356,94450.73139114966,0.0,0.008265549753183832,1254.0,0
1323,2011-12-23,92960.10671204356,95304.09872447887,0.0,0.009035052675189448,1265.3299560546875,0
1324,2011-12-27,92897.34076881062,95311.63803615618,-0.0006751922459314885,7.9107947907886e-05,1265.4300537109375,1
1325,2011-12-28,91738.16754130565,94122.33920190742,-0.0124780022540123,-0.012478002254012188,1249.6400146484375,1
1326,2011-12-29,92720.41612110026,95130.11531610103,0.01070708742195392,0.010707087421953698,1263.02001953125,1
1327,2011-12-30,92322.52161251556,94721.87997733951,-0.004291336527923129,-0.0042913365279230176,1257.5999755859375,1
1328,2012-01-03,93751.11891606834,96187.60491595225,0.015473984880403524,0.015473984880403302,1277.06005859375,1
1329,2012-01-04,93768.73700133394,96205.68087541274,0.00018792399994049802,0.00018792399994027598,1277.300048828125,1
1330,2012-01-05,94044.76561900979,96488.88316600377,0.002943716919978634,0.002943716919978634,1281.06005859375,1
1331,2012-01-06,93806.17767286986,96244.09458783692,-0.002536961462655918,-0.0025369614626556958,1277.81005859375,1
1332,2012-01-09,94018.32952972522,96461.76003253051,0.0022615979258338026,0.0022615979258335805,1280.699951171875,1
1333,2012-01-10,94853.7547580491,97318.89702169837,0.00888576974833133,0.00888576974833133,1292.0799560546875,1
1334,2012-01-11,94883.12122062048,97349.02668556002,0.0003095972599744812,0.0003095972599744812,1292.47998046875,1
1335,2012-01-12,95104.82591516306,97576.49323543413,0.002336608362904391,0.002336608362904613,1295.5,1
1336,2012-01-13,94634.25456451126,97093.69226532747,-0.004947922948427164,-0.004947922948427275,1289.0899658203125,1
1337,2012-01-17,94970.48577466639,97438.66174597727,0.003552954600872571,0.003552954600872571,1293.6700439453125,1
1338,2012-01-18,96025.4111965281,98521.00349151604,0.011107929092462498,0.01110792909246272,1308.0400390625,1
1339,2012-01-19,96499.64775413497,99007.56492317881,0.00493865687944095,0.004938656879440728,1314.5,1
1340,2012-01-20,96564.25038723754,99073.84650596145,0.0006694597815233294,0.0006694597815235515,1315.3800048828125,1
1341,2012-01-23,96609.76526773801,99120.54426694813,0.00047134296924533636,0.00047134296924533636,1316.0,1
1342,2012-01-24,96510.66129777252,99018.86469641225,-0.001025817314542099,-0.00102581731454221,1314.6500244140625,1
1343,2012-01-25,97348.29102710115,99878.26347908331,0.008679141952454561,0.008679141952454783,1326.06005859375,1
1344,2012-01-26,96788.15958278488,99303.57484933874,-0.005753890884025226,-0.005753890884025337,1318.4300537109375,1
1345,2012-01-27,96633.98789463165,99145.39641263567,-0.0015928775670268625,-0.0015928775670266404,1316.3299560546875,1
1346,2012-01-30,96390.26507420017,98895.33951057722,-0.0025221231757218687,-0.0025221231757219797,1313.010009765625,1
1347,2012-01-31,96346.2198610362,98850.14961192601,-0.0004569466961219515,-0.00045694669612184047,1312.4100341796875,1
1348,2012-02-01,97203.66321524896,99729.8769532782,0.008899605562620927,0.008899605562620705,1324.0899658203125,1
1349,2012-02-02,97310.11552189697,99839.0958354914,0.0010951470667548424,0.0010951470667548424,1325.5400390625,1
1350,2012-02-03,98731.36448876726,101297.28146242682,0.014605356896842725,0.014605356896842503,1344.9000244140625,1
1351,2012-02-06,98689.51481522182,101254.34416299626,-0.00042387415348843493,-0.0004238741534883239,1344.3299560546875,1
1352,2012-02-07,98889.20138387552,101459.22036068603,0.002023381805327462,0.002023381805327462,1347.050048828125,1
1353,2012-02-08,99102.82290806736,101678.39366771508,0.0021602108339675574,0.0021602108339675574,1349.9599609375,1
1354,2012-02-09,99248.91142586984,101828.2788615731,0.0014741105602813498,0.0014741105602813498,1351.949951171875,1
1355,2012-02-10,98565.45338469444,101127.05851560512,-0.006886302644093845,-0.006886302644093845,1342.6400146484375,1
1356,2012-02-13,99235.70234261375,101814.726489119,0.006800039312997219,0.006800039312997219,1351.77001953125,1
1357,2012-02-14,99142.46808060804,101719.06917364243,-0.0009395233752043097,-0.0009395233752043097,1350.5,1
1358,2012-02-15,98608.76376419017,101171.49448308861,-0.0053832058728248144,-0.0053832058728248144,1343.22998046875,1
1359,2012-02-16,99695.99498329627,102286.98161715995,0.01102570580548079,0.011025705805480568,1358.0400390625,1
1360,2012-02-17,99930.1739274267,102527.24660832042,0.0023489303072772305,0.0023489303072774526,1361.22998046875,1
1361,2012-02-21,100002.11593582557,102601.05830849784,0.000719922777789872,0.0007199227777900941,1362.2099609375,1
1362,2012-02-22,99668.09818806138,102258.35981563375,-0.0033401068031253534,-0.0033401068031254644,1357.6600341796875,1
1363,2012-02-23,100093.88053049477,102695.20776163893,0.004272002277298403,0.004272002277298181,1363.4599609375,1
1364,2012-02-24,100261.26130190409,102866.9385707961,0.0016722378083675604,0.0016722378083675604,1365.739990234375,1
1365,2012-02-27,100397.07110973727,103006.27792258843,0.0013545591394890089,0.0013545591394890089,1367.5899658203125,1
1366,2012-02-28,100734.03715356065,103352.00133440596,0.0033563334079245166,0.0033563334079242946,1372.1800537109375,1
1367,2012-02-29,100256.86126128079,102862.42417807225,-0.0047369876733168725,-0.0047369876733167615,1365.6800537109375,1
1368,2012-03-01,100874.24700201713,103495.85507892213,0.006158039788692005,0.006158039788692005,1374.0899658203125,1
1369,2012-03-02,100546.83379588099,103159.9327722851,-0.0032457561356527,-0.0032457561356527,1369.6300048828125,1
1370,2012-03-05,100157.74832992909,102760.73541325385,-0.003869693865664381,-0.00386969386566427,1364.3299560546875,1
1371,2012-03-06,98618.30764049121,101181.28639398658,-0.015370160722531612,-0.015370160722531723,1343.3599853515625,1
1372,2012-03-07,99298.83530837981,101879.50020956618,0.0069006220464604695,0.0069006220464606915,1352.6300048828125,1
1373,2012-03-08,100273.74451287813,102879.746206365,0.009817931917032618,0.009817931917032618,1365.9100341796875,1
1374,2012-03-09,100637.86355688194,103253.32829425848,0.0036312500921620305,0.0036312500921620305,1370.8699951171875,1
1375,2012-03-12,100654.01197481104,103269.8963913835,0.00016046065922270536,0.00016046065922270536,1371.0899658203125,1
1376,2012-03-13,102479.02515822582,105142.33961213975,0.018131549330308694,0.018131549330308916,1395.949951171875,1
1377,2012-03-14,102356.43339503494,105016.56182708406,-0.0011962619960680376,-0.0011962619960681486,1394.280029296875,1
1378,2012-03-15,102967.21459414322,105643.2165417069,0.005967198922915085,0.005967198922915307,1402.5999755859375,1
1379,2012-03-16,103082.47594342403,105761.47340365034,0.0011193985360788972,0.0011193985360786751,1404.1700439453125,1
1380,2012-03-19,103492.10986792832,106181.7532525305,0.00397384638616094,0.00397384638616094,1409.75,1
1381,2012-03-20,103181.57991338952,105863.15297418622,-0.003000518154814724,-0.003000518154814835,1405.52001953125,1
1382,2012-03-21,102988.50684775008,105665.06215700605,-0.0018711970276236167,-0.0018711970276237277,1402.8900146484375,1
1383,2012-03-22,102246.31588143189,104903.58248331475,-0.007206541671833211,-0.0072065416718331,1392.780029296875,1
1384,2012-03-23,102564.18521126699,105229.7128790538,0.003108858515779689,0.003108858515779689,1397.1099853515625,1
1385,2012-03-26,103988.37351281027,106690.91423066016,0.013885824750712539,0.01388582475071276,1416.510009765625,1
1386,2012-03-27,103695.46164353707,106390.38991177636,-0.0028167751776319028,-0.002816775177632014,1412.52001953125,1
1387,2012-03-28,103183.04958072602,105864.66083652168,-0.004941509056322291,-0.004941509056322069,1405.5400390625,1
1388,2012-03-29,103017.1384766532,105694.43788969997,-0.001607929836799582,-0.001607929836799582,1403.280029296875,1
1389,2012-03-30,103398.14077225437,106085.3420058862,0.0036984360198231148,0.0036984360198231148,1408.469970703125,1
1390,2012-04-02,104174.10720315343,106881.47493044555,0.007504645877610239,0.007504645877610239,1419.0400390625,1
1391,2012-04-03,103758.59460930314,106455.16363222354,-0.00398863599608279,-0.003988635996082901,1413.3800048828125,1
1392,2012-04-04,102699.99501910017,105369.05223084612,-0.010202524371008104,-0.010202524371008104,1398.9599609375,1
1393,2012-04-05,102635.39238599759,105302.7706480635,-0.0006290422223541592,-0.0006290422223540482,1398.0799560546875,1
1394,2012-04-09,101469.61461686458,104106.69562758767,-0.011358438273891713,-0.011358438273891824,1382.199951171875,1
1395,2012-04-10,99736.366028119,102328.40185997252,-0.017081454337735447,-0.017081454337735336,1358.5899658203125,1
1396,2012-04-11,100479.29182810543,103090.63546483155,0.00744889581977537,0.007448895819775148,1368.7099609375,1
1397,2012-04-12,101863.83495710803,104511.16131051054,0.013779387810288313,0.013779387810288535,1387.5699462890625,1
1398,2012-04-13,100593.08351004972,103207.38446443953,-0.012475001040294531,-0.012475001040294531,1370.260009765625,1
1399,2012-04-16,100542.4247938715,103155.40918527872,-0.000503600390907244,-0.000503600390907244,1369.5699462890625,1
1400,2012-04-17,102099.49252996116,104752.94335828899,0.015486673802446171,0.015486673802446171,1390.780029296875,1
1401,2012-04-18,101685.44960344737,104328.13992240245,-0.004055288780130728,-0.004055288780130728,1385.1400146484375,1
1402,2012-04-19,101082.00777963537,103709.0153251744,-0.005934396967956612,-0.005934396967956501,1376.9200439453125,1
1403,2012-04-20,101200.19950220296,103830.27871750624,0.0011692656800530443,0.0011692656800532664,1378.530029296875,1
1404,2012-04-23,100349.35172823204,102957.31836809855,-0.008407570124922548,-0.008407570124922548,1366.93994140625,1
1405,2012-04-24,100718.61460791361,103336.17797416613,0.003679773444691614,0.003679773444691392,1371.969970703125,1
1406,2012-04-25,102092.87902694692,104746.15797777941,0.013644592157896263,0.013644592157896263,1390.68994140625,1
1407,2012-04-26,102774.87636217203,105445.87965569446,0.006680165568110796,0.006680165568110796,1399.97998046875,1
1408,2012-04-27,103023.008184613,105700.4601447593,0.002414323726029899,0.002414323726029899,1403.3599853515625,1
1409,2012-04-30,102622.91813640975,105289.97220677712,-0.0038835019016947303,-0.0038835019016947303,1397.9100341796875,1
1410,2012-05-01,103203.59803927841,105885.74332637056,0.005658384242170911,0.005658384242170911,1405.8199462890625,1
1411,2012-05-02,102945.9313019226,105621.38012069029,-0.002496683664631072,-0.002496683664631183,1402.31005859375,1
1412,2012-05-03,102157.48166004948,104812.43956056205,-0.0076588713308224365,-0.0076588713308222145,1391.5699462890625,1
1413,2012-05-04,100507.92345700857,103120.01119752547,-0.016147208958519177,-0.0161472089585194,1369.0999755859375,1
1414,2012-05-07,100543.15962753975,103156.16311644645,0.00035058102206497743,0.00035058102206497743,1369.5799560546875,1
1415,2012-05-08,100112.96828309687,102714.79158343488,-0.004278673417828838,-0.004278673417828949,1363.719970703125,1
1416,2012-05-09,99441.9844915093,102026.36967875327,-0.006702266480504093,-0.006702266480504093,1354.5799560546875,1
1417,2012-05-10,99692.32081495502,102283.2119613213,0.002517410777005402,0.002517410777005402,1357.989990234375,1
1418,2012-05-11,99354.6288988496,101936.74381261856,-0.0033873413051767054,-0.0033873413051768164,1353.3900146484375,1
1419,2012-05-14,98250.51442814614,100803.93465025446,-0.011112863919279792,-0.01111286391927957,1338.3499755859375,1
1420,2012-05-15,97685.98294320657,100224.73162778604,-0.005745837446504476,-0.005745837446504476,1330.6600341796875,1
1421,2012-05-16,97255.7915987637,99783.36009477447,-0.004403818556987682,-0.004403818556987793,1324.800048828125,1
1422,2012-05-17,95791.95812467972,98281.48323724075,-0.015051375861739325,-0.015051375861739213,1304.8599853515625,1
1423,2012-05-18,95084.26849522447,97555.40155130271,-0.007387777046316768,-0.007387777046316657,1295.219970703125,1
1424,2012-05-21,96609.03043406976,99119.7903357804,0.016035901237667627,0.016035901237667627,1315.989990234375,1
1425,2012-05-22,96656.01498190674,99167.99595910254,0.0004863370186605209,0.0004863370186602989,1316.6300048828125,1
1426,2012-05-23,96819.7215849748,99335.95711242106,0.0016937032123525153,0.0016937032123527374,1318.8599853515625,1
1427,2012-05-24,96953.33585318943,99473.04386499272,0.001380031526917458,0.001380031526917458,1320.6800537109375,1
1428,2012-05-25,96743.37057456645,99257.62182523725,-0.002165632329979017,-0.002165632329979239,1317.8199462890625,1
1429,2012-05-29,97815.1882094117,100357.2947933513,0.011078977592775985,0.011078977592776207,1332.4200439453125,1
1430,2012-05-30,96413.01803375731,98918.6837939293,-0.014334892170861036,-0.014334892170861036,1313.3199462890625,1
1431,2012-05-31,96193.51784021947,98693.4790375584,-0.0022766655169013106,-0.0022766655169013106,1310.3299560546875,1
1432,2012-06-01,93823.06092446721,96261.41661612967,-0.024642584749729912,-0.024642584749729912,1278.0400390625,1
1433,2012-06-04,93833.3396344365,96271.96245819538,0.00010955419561042845,0.00010955419561042845,1278.1800537109375,1
1434,2012-06-05,94370.70915780944,96823.29761030534,0.005726850663809513,0.005726850663809513,1285.5,1
1435,2012-06-06,96545.8974683037,99055.01661533322,0.023049400920118535,0.023049400920118535,1315.1300048828125,1
1436,2012-06-07,96535.6187583344,99044.47077326752,-0.00010646449242102118,-0.00010646449242102118,1314.989990234375,1
1437,2012-06-08,97318.92456452976,99848.13381522165,0.008114163624478143,0.008114163624478143,1325.6600341796875,1
1438,2012-06-11,96090.74866329892,98588.0390054664,-0.012620113782869424,-0.012620113782869202,1308.9300537109375,1
1439,2012-06-12,97210.27671826321,99736.6623337878,0.011650737147309576,0.011650737147309576,1324.1800537109375,1
1440,2012-06-13,96527.54454936985,99036.18672470501,-0.007023250955987548,-0.007023250955987548,1314.8800048828125,1
1441,2012-06-14,97571.45642759404,100107.22869701033,0.010814652782245693,0.01081465278224547,1329.0999755859375,1
1442,2012-06-15,98580.13213528703,101142.11875039469,0.010337815429059649,0.010337815429059649,1342.8399658203125,1
1443,2012-06-18,98722.55544613446,101288.24348269658,0.0014447466011910937,0.0014447466011910937,1344.780029296875,1
1444,2012-06-19,99691.58598128677,102282.45803015356,0.009815695418065262,0.009815695418065262,1357.97998046875,1
1445,2012-06-20,99523.47037620921,102109.97328982866,-0.0016863570122067628,-0.0016863570122068738,1355.68994140625,1
1446,2012-06-21,97307.91102089222,99836.83404198822,-0.022261677039013383,-0.022261677039013383,1325.510009765625,1
1447,2012-06-22,98006.05677404642,100553.12381702829,0.007174604262178752,0.007174604262178752,1335.02001953125,1
1448,2012-06-25,96442.3844963287,98948.81345779097,-0.015954853497705535,-0.015954853497705423,1313.719970703125,1
1449,2012-06-26,96902.67713701121,99421.06858583192,0.004772721486371312,0.004772721486371312,1319.989990234375,1
1450,2012-06-27,97773.33853586628,100314.35749392075,0.008984905521485675,0.008984905521485453,1331.8499755859375,1
1451,2012-06-28,97567.05638697074,100102.71430428648,-0.002109799583245975,-0.002109799583246086,1329.0400390625,1
1452,2012-06-29,99998.45072887052,102597.29784694171,0.02492023877666627,0.024920238776666492,1362.1600341796875,1
1453,2012-07-02,100244.37805030674,102849.61654250335,0.0024593113157624913,0.0024593113157624913,1365.510009765625,1
1454,2012-07-03,100869.11212772557,103490.58675503056,0.0062321108631679945,0.0062321108631679945,1374.02001953125,1
1455,2012-07-05,100396.33627606902,103005.52399142069,-0.0046870230309740135,-0.0046870230309742356,1367.5799560546875,1
1456,2012-07-06,99449.3328281918,102033.90899043059,-0.00943264946713962,-0.009432649467139509,1354.6800537109375,1
1457,2012-07-09,99286.35209740578,101866.69257399726,-0.0016388318166757898,-0.0016388318166757898,1352.4599609375,1
1458,2012-07-10,98479.55849798502,101038.93131752334,-0.00812592649822852,-0.008125926498228297,1341.469970703125,1
1459,2012-07-11,98478.08883064853,101037.42345518788,-1.4923577632885987e-05,-1.4923577632885987e-05,1341.449951171875,1
1460,2012-07-12,97986.96902144433,100533.53999523234,-0.004987097282612485,-0.004987097282612596,1334.760009765625,1
1461,2012-07-13,99603.49555495882,102192.07823285113,0.016497362349892963,0.01649736234989274,1356.780029296875,1
1462,2012-07-16,99372.98181778342,101955.57370324679,-0.002314313728559947,-0.002314313728559725,1353.6400146484375,1
1463,2012-07-17,100109.3030761418,102711.03112187877,0.007409672577889825,0.007409672577889825,1363.6700439453125,1
1464,2012-07-18,100778.08236672463,103397.19123305718,0.006680490923747229,0.006680490923747007,1372.780029296875,1
1465,2012-07-19,101051.90648339574,103678.13173014502,0.002717099891568431,0.002717099891568653,1376.510009765625,1
1466,2012-07-20,100035.1565667382,102634.95762819816,-0.010061659913606968,-0.010061659913606968,1362.6600341796875,1
1467,2012-07-23,99143.93774794454,101720.5770359779,-0.008909056069693722,-0.008909056069693722,1350.52001953125,1
1468,2012-07-24,98247.58405485934,100800.92811986606,-0.009040932945028057,-0.009040932945028057,1338.31005859375,1
1469,2012-07-25,98216.74792495146,100769.29059366895,-0.000313861457302278,-0.00031386145730216697,1337.8900146484375,1
1470,2012-07-26,99841.34866743049,102436.11287985025,0.016540974699349675,0.016540974699349675,1360.02001953125,1
1471,2012-07-27,101746.3780682087,104390.65184934644,0.019080565579335573,0.01908056557933535,1385.969970703125,1
1472,2012-07-30,101697.19798075316,104340.19362680362,-0.0004833595887075992,-0.0004833595887075992,1385.300048828125,1
1473,2012-07-31,101258.18863229129,103889.77491977929,-0.0043168283608457925,-0.0043168283608459035,1379.3199462890625,1
1474,2012-08-01,100964.54192934983,103588.49666972777,-0.0028999798130678878,-0.0028999798130677767,1375.3199462890625,1
1475,2012-08-02,100206.93737877082,102811.20283007919,-0.0075036694675358895,-0.0075036694675358895,1365.0,1
1476,2012-08-03,102114.906114222,104768.75752424629,0.019040285885988828,0.01904028588598905,1390.989990234375,1
1477,2012-08-06,102352.75922669368,105012.79217124541,0.0023292692665812798,0.0023292692665810577,1394.22998046875,1
1478,2012-08-07,102875.44999947403,105549.0670885658,0.005106758007594969,0.005106758007594747,1401.3499755859375,1
1479,2012-08-08,102939.31779890835,105614.5947401807,0.0006208264404641284,0.0006208264404641284,1402.219970703125,1
1480,2012-08-09,102981.90230612202,105658.285970779,0.0004136855394443195,0.00041368553944454156,1402.800048828125,1
1481,2012-08-10,103207.27220761967,105889.51298220923,0.002188441817939202,0.002188441817939202,1405.8699951171875,1
1482,2012-08-13,103078.06694141452,105756.94981664396,-0.0012519007957619843,-0.0012519007957618733,1404.1099853515625,1
1483,2012-08-14,103064.85785815843,105743.39744418986,-0.00012814640056846294,-0.00012814640056846294,1403.9300537109375,1
1484,2012-08-15,103182.31474705777,105863.90690535396,0.0011396405267543042,0.0011396405267543042,1405.530029296875,1
1485,2012-08-16,103914.96183707491,106615.59466814727,0.007100510313353237,0.0071005103133530145,1415.510009765625,1
1486,2012-08-17,104109.50457005086,106815.1933476629,0.0018721339981915275,0.0018721339981915275,1418.1600341796875,1
1487,2012-08-20,104107.3000690461,106812.93155415972,-2.117482946306648e-05,-2.1174829462955458e-05,1418.1300048828125,1
1488,2012-08-21,103743.18102504229,106439.34946626626,-0.003497536135912971,-0.00349753613591286,1413.1700439453125,1
1489,2012-08-22,103766.66881826767,106463.44768078606,0.0002264032488046297,0.0002264032488046297,1413.489990234375,1
1490,2012-08-23,102929.03908893905,105604.048898115,-0.008072242646582461,-0.008072242646582684,1402.0799560546875,1
1491,2012-08-24,103593.41833889857,106285.69461656957,0.006454730908207917,0.006454730908207917,1411.1300048828125,1
1492,2012-08-27,103542.75962272035,106233.71933740877,-0.0004890148137838279,-0.0004890148137838279,1410.43994140625,1
1493,2012-08-28,103459.07819840188,106147.86312711271,-0.0008081822874276279,-0.0008081822874276279,1409.300048828125,1
1494,2012-08-29,103546.43379106159,106237.48899324742,0.0008443492265819419,0.0008443492265819419,1410.489990234375,1
1495,2012-08-30,102738.17052430434,105408.21987443803,-0.00780580496271055,-0.007805804962710439,1399.47998046875,1
1496,2012-08-31,103259.39162974818,105942.98692942296,0.0050732955705157234,0.0050732955705157234,1406.5799560546875,1
1497,2012-09-04,103138.99540617585,105819.46174358793,-0.0011659590635980654,-0.0011659590635981765,1404.93994140625,1
1498,2012-09-05,103028.8778925728,105706.48239981862,-0.0010676612969652277,-0.0010676612969651167,1403.43994140625,1
1499,2012-09-06,105134.32869567294,107866.65149817229,0.020435540463669577,0.020435540463669577,1432.1199951171875,1
1500,2012-09-07,105560.11999949253,108303.50863846,0.0040499740579702515,0.0040499740579702515,1437.9200439453125,1
1501,2012-09-10,104911.15433379386,107637.67708596273,-0.006147829935223448,-0.006147829935223559,1429.0799560546875,1
1502,2012-09-11,105240.04616865268,107975.11644921775,0.0031349558295048485,0.0031349558295050706,1433.56005859375,1
1503,2012-09-12,105460.28119585878,108201.07513675638,0.002092692232889881,0.002092692232889659,1436.56005859375,1
1504,2012-09-13,107180.31173996207,109965.8073376349,0.01630974737217783,0.01630974737217783,1459.989990234375,1
1505,2012-09-14,107604.63337644516,110401.15661558716,0.003958951318527193,0.003958951318527415,1465.77001953125,1
1506,2012-09-17,107268.40216629002,110056.18713493735,-0.0031246908205045942,-0.003124690820504483,1461.18994140625,1
1507,2012-09-18,107131.12269112034,109915.33992080957,-0.0012797755200721905,-0.0012797755200723016,1459.3199462890625,1
1508,2012-09-19,107258.13241770693,110045.65048715417,0.001185553958514829,0.0011855539585146069,1461.050048828125,1
1509,2012-09-20,107200.13432623241,109986.14509059858,-0.0005407337436070803,-0.0005407337436069692,1460.260009765625,1
1510,2012-09-21,107192.06011726786,109977.86104203608,-7.531901909729743e-05,-7.531901909718641e-05,1460.1500244140625,1
1511,2012-09-24,106952.73733745968,109732.3185327015,-0.002232653981520283,-0.002232653981520283,1456.8900146484375,1
1512,2012-09-25,105829.53511415415,108579.92554854143,-0.01050185578478069,-0.0105018557847808,1441.5899658203125,1
1513,2012-09-26,105222.4191220009,107957.03129547472,-0.0057367349435899495,-0.0057367349435899495,1433.3199462890625,1
1514,2012-09-27,106237.70833270813,108998.70672936866,0.009648981834660786,0.009648981834660786,1447.1500244140625,1
1515,2012-09-28,105762.00210776478,108510.63743537042,-0.004477753072887891,-0.004477753072887891,1440.6700439453125,1
1516,2012-10-01,106042.43076606395,108798.3541186853,0.002651506710448004,0.002651506710448004,1444.489990234375,1
1517,2012-10-02,106134.93019440139,108893.25750299412,0.0008722869484338869,0.0008722869484338869,1445.75,1
1518,2012-10-03,106519.60665834381,109287.931275019,0.0036244096381636837,0.0036244096381634616,1450.989990234375,1
1519,2012-10-04,107283.82471193706,110072.01049517718,0.007174435557619319,0.007174435557619541,1461.4000244140625,1
1520,2012-10-05,107249.32337507413,110036.61250742392,-0.0003215893631268729,-0.00032158936312698394,1460.9300537109375,1
1521,2012-10-08,106878.59082805607,109656.24503902088,-0.0034567355331607263,-0.0034567355331606153,1455.8800048828125,1
1522,2012-10-09,105821.4609051896,108571.64149997893,-0.00989094181235195,-0.009890941812351839,1441.47998046875,1
1523,2012-10-10,105166.63449291732,107899.79688670486,-0.006188030354815854,-0.006188030354815965,1432.56005859375,1
1524,2012-10-11,105187.18295146972,107920.87937655376,0.00019538952303155277,0.00019538952303155277,1432.8399658203125,1
1525,2012-10-12,104875.18332959442,107600.77123587401,-0.0029661372528556607,-0.0029661372528557717,1428.5899658203125,1
1526,2012-10-15,105722.3569352241,108469.96192944304,0.008077922524027947,0.008077922524027947,1440.1300048828125,1
1527,2012-10-16,106808.1184869937,109583.94120117892,0.010269933278491239,0.010269933278491461,1454.9200439453125,1
1528,2012-10-17,107247.85370773764,110035.10464508846,0.004117058019306619,0.004117058019306619,1460.9100341796875,1
1529,2012-10-18,106985.76900698611,109766.20865811927,-0.0024437290975140025,-0.0024437290975138914,1457.3399658203125,1
1530,2012-10-19,105212.87524569986,107947.23938457675,-0.016571304555192623,-0.016571304555192623,1433.18994140625,1
1531,2012-10-22,105259.12495986858,107994.69107673116,0.0004395822665306248,0.00043958226653084687,1433.8199462890625,1
1532,2012-10-23,103738.7720230328,106434.82587925986,-0.014443906287606278,-0.014443906287606278,1413.1099853515625,1
1533,2012-10-24,103418.69819219295,106106.43369001761,-0.0030853828766045366,-0.0030853828766045366,1408.75,1
1534,2012-10-25,103728.4933130635,106424.28003719416,0.002995542646406335,0.002995542646406335,1412.969970703125,1
1535,2012-10-26,103652.87713632338,106346.69868117808,-0.0007289817322604364,-0.0007289817322603254,1411.93994140625,1
1536,2012-10-31,103669.03451563868,106363.27597258564,0.00015587969925845435,0.0001558796992586764,1412.1600341796875,1
1537,2012-11-01,104801.77165385906,107525.45167336114,0.010926475234507071,0.010926475234507071,1427.5899658203125,1
1538,2012-11-02,103818.7882403962,106516.92162799979,-0.009379454163327305,-0.009379454163327194,1414.199951171875,1
1539,2012-11-05,104043.43226961179,106747.40390254481,0.002163809008205897,0.002163809008205897,1417.260009765625,1
1540,2012-11-06,104860.50457900183,107585.71100108445,0.007853184882182118,0.007853184882181896,1428.3900146484375,1
1541,2012-11-07,102374.78631396877,105035.3917177123,-0.023705000038029778,-0.023705000038029667,1394.530029296875,1
1542,2012-11-08,101125.3181591311,103753.45129265789,-0.01220484261628374,-0.01220484261628385,1377.510009765625,1
1543,2012-11-09,101297.09897116372,103929.69649453892,0.001698692425988746,0.001698692425988746,1379.8499755859375,1
1544,2012-11-12,101310.31701580601,103943.25806127556,0.00013048788935265954,0.00013048788935265954,1380.030029296875,1
1545,2012-11-13,100906.55279926151,103529.00046745472,-0.0039854205221913075,-0.0039854205221913075,1374.530029296875,1
1546,2012-11-14,99508.7916256166,102094.9130550391,-0.013852035718884825,-0.013852035718884825,1355.489990234375,1
1547,2012-11-15,99350.21989684009,101932.22022561218,-0.0015935449138314572,-0.0015935449138313462,1353.3299560546875,1
1548,2012-11-16,99831.0699574612,102425.56703778454,0.00483994963594836,0.00483994963594836,1359.8800048828125,1
1549,2012-11-19,101813.92003598425,104459.9491568,0.019862053761098286,0.019862053761098286,1386.8900146484375,1
1550,2012-11-20,101881.46200375982,104529.24646425355,0.0006633863793055195,0.0006633863793052974,1387.81005859375,1
1551,2012-11-21,102117.84544889501,104771.77324891722,0.002320181125065268,0.0023201811250654902,1391.030029296875,1
1552,2012-11-23,103448.06465476434,106136.56335387928,0.013026314842639719,0.013026314842639719,1409.1500244140625,1
1553,2012-11-26,103238.10833752755,105921.15050840634,-0.0020295818770266205,-0.0020295818770267315,1406.2900390625,1
1554,2012-11-27,102698.52535176366,105367.54436851066,-0.0052265872985561845,-0.0052265872985560735,1398.93994140625,1
1555,2012-11-28,103505.3279125706,106195.31481926712,0.00785602868243207,0.00785602868243207,1409.9300537109375,1
1556,2012-11-29,103947.2586729331,106648.73086239732,0.004269642628790926,0.004269642628790704,1415.949951171875,1
1557,2012-11-30,103964.15088591664,106666.06208497261,0.00016250753698754394,0.00016250753698754394,1416.1800537109375,1
1558,2012-12-03,103470.81761432148,106159.90763723134,-0.004745224843287654,-0.004745224843287543,1409.4599609375,1
1559,2012-12-04,103293.90192799731,105978.39411145874,-0.0017098123935156417,-0.0017098123935155307,1407.050048828125,1
1560,2012-12-05,103457.60853106539,106146.35526477724,0.0015848622233496368,0.0015848622233496368,1409.280029296875,1
1561,2012-12-06,103799.7004877941,106497.33780620384,0.0033065906083262764,0.0033065906083264984,1413.93994140625,1
1562,2012-12-07,104102.89106703662,106808.40796715333,0.0029209195962773826,0.0029209195962771606,1418.0699462890625,1
1563,2012-12-10,104138.13619895399,106844.56908035684,0.00033856054866587826,0.0003385605486661003,1418.550048828125,1
1564,2012-12-11,104820.1245727929,107544.28156398935,0.0065488820784731505,0.0065488820784729285,1427.8399658203125,1
1565,2012-12-12,104867.10912062987,107592.4871873115,0.0004482397633895907,0.0004482397633895907,1428.47998046875,1
1566,2012-12-13,104204.19953800685,106912.3493311924,-0.0063214251654488685,-0.0063214251654488685,1419.449951171875,1
1567,2012-12-14,103773.27335989573,106470.2238670131,-0.004135401260425775,-0.004135401260425775,1413.5799560546875,1
1568,2012-12-17,105005.12342946781,107734.08833260702,0.011870590853387819,0.011870590853387819,1430.3599853515625,1
1569,2012-12-18,106211.28120480975,108971.59279017792,0.011486656421599406,0.011486656421599406,1446.7900390625,1
1570,2012-12-19,105405.22243905725,108144.58546487172,-0.007589201039747917,-0.007589201039747917,1435.81005859375,1
1571,2012-12-20,105983.69784092117,108738.09479096197,0.005488109492851612,0.00548810949285139,1443.68994140625,1
1572,2012-12-21,104989.70984520696,107718.27416664972,-0.009378687628036508,-0.009378687628036508,1430.1500244140625,1
1573,2012-12-24,104733.50381380145,107455.40962902238,-0.002440296594621083,-0.002440296594621083,1426.6600341796875,1
1574,2012-12-26,104232.09633324175,106940.9711327186,-0.004787460194696891,-0.004787460194696891,1419.8299560546875,1
1575,2012-12-27,104105.09556804136,106810.66976065653,-0.001218442012279497,-0.001218442012279386,1418.0999755859375,1
1576,2012-12-28,102954.74034455538,105630.41810042053,-0.011049941573072486,-0.011049941573072486,1402.4300537109375,1
1577,2012-12-31,104698.99351555231,107420.0024469866,0.016941941334216448,0.016941941334216448,1426.18994140625,1
1578,2013-01-02,107358.70605500892,110148.83792002551,0.025403420320955883,0.025403420320955883,1462.4200439453125,1
1579,2013-01-03,107134.7968594616,109919.10957664822,-0.0020856174946128903,-0.0020856174946130013,1459.3699951171875,1
1580,2013-01-04,107656.01796490543,110453.87663163316,0.004865096315322948,0.004865096315322948,1466.469970703125,1
1581,2013-01-07,107319.7957161365,110108.91634526588,-0.0031231161538831653,-0.0031231161538831653,1461.8900146484375,1
1582,2013-01-08,106971.82509006177,109751.90235449745,-0.003242371304872038,-0.003242371304871927,1457.1500244140625,1
1583,2013-01-09,107255.92791670217,110043.38869365098,0.002655865938542279,0.002655865938542279,1461.02001953125,1
1584,2013-01-10,108070.79572508748,110879.43399868743,0.007597415119266371,0.007597415119266371,1472.1199951171875,1
1585,2013-01-11,108065.66085079593,110874.16567479583,-4.751398615221447e-05,-4.7513986152325494e-05,1472.050048828125,1
1586,2013-01-14,107965.08721349393,110770.9782419245,-0.0009306715612544814,-0.0009306715612542593,1470.6800537109375,1
1587,2013-01-15,108086.94414301656,110896.00209581245,0.0011286697641588184,0.0011286697641588184,1472.3399658203125,1
1588,2013-01-16,108108.23639662341,110917.8477111116,0.0001969919103150808,0.00019699191031485874,1472.6300048828125,1
1589,2013-01-17,108718.28276206345,111543.7484945667,0.005642922184040833,0.005642922184040833,1480.93994140625,1
1590,2013-01-18,109088.28047541327,111923.36203180201,0.0034032703971196288,0.0034032703971196288,1485.97998046875,1
1591,2013-01-22,109571.33503703913,112418.97063747759,0.004428106846314561,0.004428106846314561,1492.56005859375,1
1592,2013-01-23,109736.51130744368,112588.43965313156,0.001507477027168802,0.001507477027168802,1494.81005859375,1
1593,2013-01-24,109737.23717972574,112589.18439001676,6.614683421224399e-06,6.614683421224399e-06,1494.8199462890625,1
1594,2013-01-25,110334.80929557794,113202.28673218549,0.005445481690718346,0.005445481690718124,1502.9599609375,1
1595,2013-01-28,110130.73164768713,112992.9053360544,-0.0018496216125601928,-0.0018496216125601928,1500.1800537109375,1
1596,2013-01-29,110693.05863162196,113569.84656501963,0.005105995170664235,0.005105995170664235,1507.8399658203125,1
1597,2013-01-30,110261.39761984258,113126.96716967261,-0.0038996213232838084,-0.0038996213232838084,1501.9599609375,1
1598,2013-01-31,109978.76446053867,112836.98869285453,-0.0025633010773032927,-0.0025633010773034037,1498.1099853515625,1
1599,2013-02-01,111084.34859857861,113971.3057175541,0.010052705569688625,0.010052705569688847,1513.1700439453125,1
1600,2013-02-04,109802.57464649656,112656.21990396712,-0.011538744820964397,-0.011538744820964397,1495.7099609375,1
1601,2013-02-05,110946.33428974068,113829.70457225859,0.010416510240551125,0.010416510240551125,1511.2900390625,1
1602,2013-02-06,111007.26275450201,113892.21649920256,0.0005491705981217621,0.0005491705981217621,1512.1199951171875,1
1603,2013-02-07,110806.85031356625,113686.59556462761,-0.0018053993582292094,-0.0018053993582290984,1509.3900146484375,1
1604,2013-02-08,111433.78889198984,114329.827570658,0.005657940611518697,0.005657940611518475,1517.9300537109375,1
1605,2013-02-11,111366.24692421427,114260.53026320445,-0.000606117484177382,-0.000606117484177382,1517.010009765625,1
1606,2013-02-12,111543.90640559289,114442.80691442732,0.001595272232703726,0.001595272232703504,1519.4300537109375,1
1607,2013-02-13,111609.96974464576,114510.58716526288,0.000592263093356804,0.000592263093356804,1520.3299560546875,1
1608,2013-02-14,111687.05558872236,114589.67638361442,0.0006906716689643044,0.0006906716689645265,1521.3800048828125,1
1609,2013-02-15,111570.33353349127,114469.92085361805,-0.0010450813177572682,-0.0010450813177572682,1519.7900390625,1
1610,2013-02-19,112388.86654883162,115309.72662021063,0.007336475471722448,0.007336475471722448,1530.93994140625,1
1611,2013-02-20,110994.77954352795,113879.40886363367,-0.01240413795523021,-0.012404137955230099,1511.949951171875,1
1612,2013-02-21,110295.17308442346,113161.62042054065,-0.006303057332801343,-0.006303057332801343,1502.4200439453125,1
1613,2013-02-22,111262.73395223927,114154.32710566217,0.008772467921830174,0.008772467921830174,1515.5999755859375,1
1614,2013-02-25,109225.55995058295,112064.2092459298,-0.018309580659152336,-0.018309580659152225,1487.8499755859375,1
1615,2013-02-26,109892.86957382926,112748.86149477276,0.006109463971145868,0.006109463971145868,1496.93994140625,1
1616,2013-02-27,111291.36558114241,114183.7028383561,0.012725994077109837,0.012725994077109615,1515.989990234375,1
1617,2013-02-28,111195.20094584991,114085.03899249116,-0.0008640799292052304,-0.0008640799292051193,1514.6800537109375,1
1618,2013-03-01,111453.60251687399,114350.15612933916,0.002323855425648391,0.002323855425648391,1518.199951171875,1
1619,2013-03-04,111967.48424702152,114877.3930669293,0.00461072337316093,0.00461072337316093,1525.199951171875,1
1620,2013-03-05,113038.56704819853,115976.31210387562,0.009566016494699348,0.009566016494699348,1539.7900390625,1
1621,2013-03-06,113161.15881138942,116102.08988893131,0.001084512714484731,0.001084512714484509,1541.4599609375,1
1622,2013-03-07,113366.71508800292,116312.98834168038,0.0018164914425815581,0.0018164914425815581,1544.260009765625,1
1623,2013-03-08,113874.72711019067,116834.20302421122,0.004481139122655131,0.004481139122655131,1551.1800537109375,1
1624,2013-03-11,114244.71586215428,117213.807367164,0.0032490857396794137,0.0032490857396794137,1556.219970703125,1
1625,2013-03-12,113970.15691181492,116932.11293890844,-0.0024032529493148713,-0.0024032529493148713,1552.47998046875,1
1626,2013-03-13,114119.91959795864,117085.76778860512,0.00131405176760091,0.00131405176760091,1554.52001953125,1
1627,2013-03-14,114759.33242597007,117741.79823592189,0.005602990523162488,0.005602990523162488,1563.22998046875,1
1628,2013-03-15,114573.59873562692,117551.2375361365,-0.0016184626244926115,-0.0016184626244926115,1560.699951171875,1
1629,2013-03-18,113942.26011658003,116903.49113738224,-0.005510332450180511,-0.005510332450180622,1552.0999755859375,1
1630,2013-03-19,113666.23149890418,116620.28884679121,-0.0024225306518708134,-0.0024225306518709244,1548.3399658203125,1
1631,2013-03-20,114427.51021782444,117401.35234227846,0.006697492376419589,0.006697492376419811,1558.7099609375,1
1632,2013-03-21,113479.77193627896,116428.98341012064,-0.008282433828555424,-0.008282433828555313,1545.800048828125,1
1633,2013-03-22,114293.904910996,117264.27478398934,0.007174256352702191,0.007174256352702191,1556.8900146484375,1
1634,2013-03-25,113912.1588203404,116872.60754235285,-0.0033400389194234714,-0.0033400389194234714,1551.68994140625,1
1635,2013-03-26,114798.97759851076,117782.47374184924,0.0077851108025177584,0.0077851108025177584,1563.77001953125,1
1636,2013-03-27,114731.43563073518,117713.17643439569,-0.0005883499068414233,-0.0005883499068413123,1562.8499755859375,1
1637,2013-03-28,115196.86314570926,118190.69988632824,0.004056669494418852,0.004056669494418852,1569.18994140625,1
1638,2013-04-01,114681.52070961142,117661.96428068515,-0.004473580460658821,-0.0044735804606589324,1562.1700439453125,1
1639,2013-04-02,115274.68382345412,118270.5430358475,0.005172264111710456,0.005172264111710456,1570.25,1
1640,2013-04-03,114058.98217181112,117023.24666737861,-0.010546128701639956,-0.010546128701639845,1553.68994140625,1
1641,2013-04-04,114520.74447983014,117497.00965775503,0.004048451943253761,0.004048451943253761,1559.97998046875,1
1642,2013-04-05,114028.8898369577,116992.37226663175,-0.00429489561132812,-0.004294895611328231,1553.280029296875,1
1643,2013-04-08,114747.58404866428,117729.74453152072,0.006302737952936344,0.006302737952936344,1563.0699462890625,1
1644,2013-04-09,115154.28759988178,118147.01785001247,0.0035443321494683655,0.0035443321494683655,1568.6099853515625,1
1645,2013-04-10,116557.91848148647,119587.1275174874,0.01218913260513399,0.01218913260513399,1587.72998046875,1
1646,2013-04-11,116971.96140800026,120011.93095337394,0.0035522505198095633,0.0035522505198097853,1593.3699951171875,1
1647,2013-04-12,116640.13919985463,119671.48505973053,-0.002836767069231527,-0.002836767069231416,1588.8499755859375,1
1648,2013-04-15,113961.34786918212,116923.0749591782,-0.022966290584432447,-0.022966290584432447,1552.3599853515625,1
1649,2013-04-16,115591.81831962096,118595.91950041882,0.014307223290395576,0.014307223290395576,1574.5699462890625,1
1650,2013-04-17,113935.65557495199,116896.7149511552,-0.014327681394279534,-0.014327681394279534,1552.010009765625,1
1651,2013-04-18,113172.17235502697,116113.38966216474,-0.006701003439812281,-0.006701003439812392,1541.6099853515625,1
1652,2013-04-19,114173.50868742367,117140.74959815432,0.008847902373522176,0.008847902373522176,1555.25,1
1653,2013-04-22,114705.74333650505,117686.8164263727,0.004661629963028435,0.004661629963028435,1562.5,1
1654,2013-04-23,115900.88756820945,118913.02111071016,0.01041921875000007,0.01041921875000007,1578.780029296875,1
1655,2013-04-24,115901.6224018777,118913.77504187789,6.340190171760796e-06,6.340190171538751e-06,1578.7900390625,1
1656,2013-04-25,116369.25441785651,119393.56028731362,0.0040347322693841114,0.004034732269383889,1585.1600341796875,1
1657,2013-04-26,116154.88909861022,119173.62385483431,-0.0018421130247733286,-0.0018421130247732176,1582.239990234375,1
1658,2013-04-29,116989.57949326586,120030.00691283443,0.007186011722218888,0.007186011722218666,1593.6099853515625,1
1659,2013-04-30,117280.28686153432,120328.26943821502,0.002484899676771457,0.002484899676771457,1597.5699462890625,1
1660,2013-05-01,116188.6556018049,119208.26791141983,-0.009307883608932865,-0.009307883608932643,1582.699951171875,1
1661,2013-05-02,117281.75652887081,120329.77730055049,0.009407983261396247,0.009407983261396025,1597.5899658203125,1
1662,2013-05-03,118517.28076678414,121597.41142198305,0.010534666895180678,0.010534666895180678,1614.4200439453125,1
1663,2013-05-06,118743.38550195003,121829.392364581,0.0019077786269059427,0.0019077786269059427,1617.5,1
1664,2013-05-07,119364.44541102761,122466.59292126955,0.005230269513137431,0.005230269513137653,1625.9599609375,1
1665,2013-05-08,119858.50455490482,122973.49210589602,0.004139081299929348,0.004139081299929126,1632.68994140625,1
1666,2013-05-09,119416.57379454235,122520.07606276582,-0.0036871039064235722,-0.0036871039064235722,1626.6700439453125,1
1667,2013-05-10,119932.65106430843,123049.56559957663,0.004321655306021466,0.004321655306021466,1633.699951171875,1
1668,2013-05-13,119937.79489998618,123054.84311775074,4.288936859242476e-05,4.2889368592202715e-05,1633.77001953125,1
1669,2013-05-14,121154.22242391123,124302.88422310483,0.010142153479971716,0.010142153479971938,1650.3399658203125,1
1670,2013-05-15,121773.82162703852,124938.58611174044,0.0051141362697153525,0.0051141362697153525,1658.780029296875,1
1671,2013-05-16,121163.76630021227,124312.6761340028,-0.005009741163373271,-0.005009741163373271,1650.469970703125,1
1672,2013-05-17,122411.76478771344,125593.10869672174,0.010300096519028301,0.010300096519028301,1667.469970703125,1
1673,2013-05-20,122325.14402872199,125504.23676175476,-0.000707617924973758,-0.000707617924973758,1666.2900390625,1
1674,2013-05-21,122535.83517962703,125720.40353839542,0.001722386289245481,0.001722386289245481,1669.1600341796875,1
1675,2013-05-22,121522.01563625628,124680.23596683695,-0.008273657594813577,-0.008273657594813577,1655.3499755859375,1
1676,2013-05-23,121166.70563488526,124315.69185867373,-0.002923832356719225,-0.002923832356719114,1650.510009765625,1
1677,2013-05-24,121099.89850077796,124247.1484823879,-0.0005513654411685165,-0.0005513654411685165,1649.5999755859375,1
1678,2013-05-28,121867.79072271247,125034.99735838473,0.006340981548630831,0.006340981548631053,1660.06005859375,1
1679,2013-05-29,121008.868739777,124153.75296041454,-0.007047981897774669,-0.007047981897774669,1648.3599853515625,1
1680,2013-05-30,121453.01296253043,124609.43999133047,0.00367034439193481,0.00367034439193481,1654.4100341796875,1
1681,2013-05-31,119715.35537177534,122826.62263670891,-0.014307241527974024,-0.014307241527974024,1630.739990234375,1
1682,2013-06-03,120425.98433590359,123555.7200473179,0.0059359884278955555,0.0059359884278955555,1640.4200439453125,1
1683,2013-06-04,119762.33991961232,122874.82826003106,-0.005510807488524838,-0.005510807488524838,1631.3800048828125,1
1684,2013-06-05,118112.04688290315,121181.64596582676,-0.013779732742503992,-0.013779732742503992,1608.9000244140625,1
1685,2013-06-06,119114.85288263635,122210.51376415178,0.008490293972530871,0.008490293972530871,1622.56005859375,1
1686,2013-06-07,120643.28002843668,123778.6630101856,0.012831541229424204,0.012831541229424204,1643.3800048828125,1
1687,2013-06-10,120601.43931627745,123735.73490503758,-0.00034681344994402785,-0.00034681344994402785,1642.81005859375,1
1688,2013-06-11,119376.92862200167,122479.40055683845,-0.010153367167240024,-0.010153367167240135,1626.1300048828125,1
1689,2013-06-12,118377.79679060972,121454.30241435207,-0.008369555515669425,-0.008369555515669425,1612.52001953125,1
1690,2013-06-13,120127.92863095264,123249.91821025999,0.01478429137719628,0.014784291377196501,1636.3599853515625,1
1691,2013-06-14,119420.97383516564,122524.59045548967,-0.005885016114436148,-0.005885016114436148,1626.72998046875,1
1692,2013-06-17,120324.67586493334,123451.77868327883,0.007567364431436019,0.007567364431436241,1639.0400390625,1
1693,2013-06-18,121262.14439789571,124413.61096765348,0.007791157767295331,0.007791157767295331,1651.81005859375,1
1694,2013-06-19,119582.48489861516,122690.29900958753,-0.013851474486292314,-0.013851474486292314,1628.9300537109375,1
1695,2013-06-20,116591.68498468115,119621.77157407292,-0.025010350942863302,-0.02501035094286319,1588.18994140625,1
1696,2013-06-21,116902.9587342744,119941.13497786745,0.002669776576555538,0.002669776576555538,1592.4300537109375,1
1697,2013-06-24,115483.17047335442,118484.44801898496,-0.012145015629135836,-0.012145015629135836,1573.0899658203125,1
1698,2013-06-25,116579.94556876156,119609.72706395428,0.009497272121223865,0.009497272121224087,1588.030029296875,1
1699,2013-06-26,117698.00395638935,120756.84252994022,0.009590486444071455,0.009590486444071455,1603.260009765625,1
1700,2013-06-27,118427.71171173349,121505.51456806262,0.0061998311850259835,0.0061998311850259835,1613.199951171875,1
1701,2013-06-28,117919.70865093193,120984.30907981431,-0.004289562412875925,-0.004289562412875925,1606.280029296875,1
1702,2013-07-01,118556.91697793863,121638.07773362788,0.005403747467634723,0.005403747467634723,1614.9599609375,1
1703,2013-07-02,118492.31434483605,121571.79615084524,-0.0005449081736378369,-0.0005449081736377259,1614.0799560546875,1
1704,2013-07-03,118589.95760885125,121671.9770533282,0.0008240472350893313,0.0008240472350893313,1615.4100341796875,1
1705,2013-07-05,119799.78059114824,122913.24197245523,0.010201732142340214,0.010201732142340214,1631.8900146484375,1
1706,2013-07-08,120428.91470919039,123558.72657770629,0.0052515464964768555,0.0052515464964768555,1640.4599609375,1
1707,2013-07-09,121299.57610804545,124452.01548579513,0.007229670722828763,0.007229670722828763,1652.3199462890625,1
1708,2013-07-10,121321.60319532054,124474.615032262,0.00018159245054127915,0.00018159245054127915,1652.6199951171875,1
1709,2013-07-11,122966.02652406991,126161.77507140698,0.013554249906357896,0.013554249906358118,1675.02001953125,1
1710,2013-07-12,123345.55915233458,126551.17132525775,0.003086483632862347,0.003086483632862347,1680.18994140625,1
1711,2013-07-15,123515.14442474864,126725.16392791811,0.001374879432867182,0.001374879432867404,1682.5,1
1712,2013-07-16,123057.05628507087,126255.17059338035,-0.003708760911961373,-0.003708760911961373,1676.260009765625,1
1713,2013-07-17,123398.42236951755,126605.40839792174,0.0027740472164057284,0.0027740472164057284,1680.9100341796875,1
1714,2013-07-18,124019.48227859514,127242.60895461029,0.0050329647425946256,0.005032964742594848,1689.3699951171875,1
1715,2013-07-19,124219.15988586264,127447.4759580175,0.0016100503211176065,0.0016100503211176065,1692.0899658203125,1
1716,2013-07-22,124471.7007103131,127706.58003408872,0.0020330263437822182,0.0020330263437824403,1695.530029296875,1
1717,2013-07-23,124241.18697313772,127470.07550448438,-0.0018519369130487462,-0.0018519369130487462,1692.3900146484375,1
1718,2013-07-24,123767.67628781291,126984.2588097068,-0.0038112215188929044,-0.0038112215188929044,1685.93994140625,1
1719,2013-07-25,124084.0849116977,127308.89053739292,0.0025564722015869457,0.0025564722015867236,1690.25,1
1720,2013-07-26,124186.86305000445,127414.33976376745,0.0008282942843145236,0.0008282942843145236,1691.6500244140625,1
1721,2013-07-29,123722.89624098068,126938.31497988784,-0.003736037754951127,-0.003736037754951127,1685.3299560546875,1
1722,2013-07-30,123769.14595514942,126985.76667204226,0.0003738169374782885,0.00037381693747806644,1685.9599609375,1
1723,2013-07-31,123752.26270355207,126968.4446437495,-0.00013640921141577778,-0.00013640921141566675,1685.72998046875,1
1724,2013-08-01,125304.18660396399,128560.70129858566,0.01254056989753427,0.01254056989753427,1706.8699951171875,1
1725,2013-08-02,125509.74288057748,128771.59975133472,0.0016404581697113674,0.0016404581697111453,1709.6700439453125,1
1726,2013-08-05,125324.00919023433,128581.03905154933,-0.0014798348405500317,-0.0014798348405500317,1707.1400146484375,1
1727,2013-08-06,124606.77568447804,127845.16545471331,-0.005723033522392118,-0.005723033522392118,1697.3699951171875,1
1728,2013-08-07,124132.53912687118,127358.60402305053,-0.0038058649299110847,-0.0038058649299110847,1690.9100341796875,1
1729,2013-08-08,124614.84989344259,127853.44950327583,0.003885449938943575,0.003885449938943575,1697.47998046875,1
1730,2013-08-09,124169.9797984071,127397.0177354747,-0.003569960525698912,-0.003569960525698912,1691.4200439453125,1
1731,2013-08-12,124026.82165389143,127250.13907200507,-0.0011529207361400395,-0.0011529207361400395,1689.469970703125,1
1732,2013-08-13,124371.12707301111,127603.39260121738,0.0027760561347005552,0.002776056134700333,1694.1600341796875,1
1733,2013-08-14,123727.30524299019,126942.83856689424,-0.005176618120080079,-0.005176618120079968,1685.3900146484375,1
1734,2013-08-15,121960.28118966371,125129.89154841103,-0.014281601380198072,-0.014281601380197961,1661.3199462890625,1
1735,2013-08-16,121557.25180678746,124716.38788575793,-0.0033045953891290836,-0.0033045953891290836,1655.8299560546875,1
1736,2013-08-19,120840.02726241738,123980.52348320444,-0.005900302398330726,-0.005900302398330726,1646.06005859375,1
1737,2013-08-20,121301.7806090502,124454.27727929832,0.0038211953199089876,0.0038211953199089876,1652.3499755859375,1
1738,2013-08-21,120600.7044826092,123734.98097386984,-0.005779602928505434,-0.005779602928505545,1642.800048828125,1
1739,2013-08-22,121640.20735882387,124801.49935916878,0.008619376484360064,0.008619376484360286,1656.9599609375,1
1740,2013-08-23,122120.32258577674,125294.09224017341,0.003947010921615535,0.003947010921615535,1663.5,1
1741,2013-08-26,121626.99827556778,124787.94698671468,-0.00403965777164117,-0.004039657771641059,1656.780029296875,1
1742,2013-08-27,119696.26761917325,122807.03881491296,-0.015874194741040237,-0.01587419474104035,1630.47998046875,1
1743,2013-08-28,120025.15049264589,123144.46898388545,0.002747645185721348,0.002747645185721348,1634.9599609375,1
1744,2013-08-29,120260.80806549902,123386.25103166392,0.0019634016027962886,0.0019634016027962886,1638.1700439453125,1
1745,2013-08-30,119879.06197484341,122994.58379002743,-0.0031743183568806455,-0.0031743183568806455,1632.969970703125,1
1746,2013-09-03,120378.26495439836,123506.76049282802,0.004164221602432239,0.004164221602432239,1639.77001953125,1
1747,2013-09-04,121355.36969851522,124509.25908884751,0.008116953209842404,0.008116953209842404,1653.0799560546875,1
1748,2013-09-05,121502.19304998594,124659.89821387327,0.0012098628337211537,0.0012098628337211537,1655.0799560546875,1
1749,2013-09-06,121508.80655300019,124666.68359438285,5.443114110326164e-05,5.443114110303959e-05,1655.1700439453125,1
1750,2013-09-09,122723.02957592049,125912.46290623373,0.009992880823750605,0.009992880823750605,1671.7099609375,1
1751,2013-09-10,123624.52710468344,126837.3893405197,0.007345789391592916,0.007345789391593138,1683.989990234375,1
1752,2013-09-11,124001.86419332954,127224.5329951498,0.0030522833735622257,0.0030522833735622257,1689.1300048828125,1
1753,2013-09-12,123582.6863925242,126794.46123537167,-0.0033804153149811222,-0.0033804153149812333,1683.4200439453125,1
1754,2013-09-13,123918.17380762489,127138.6675905712,0.002714679741101511,0.002714679741101511,1687.989990234375,1
1755,2013-09-16,124623.65893607539,127862.48748300607,0.0056931530442476674,0.0056931530442478895,1697.5999755859375,1
1756,2013-09-17,125149.28904352873,128401.77812499739,0.004217739327674108,0.004217739327674108,1704.760009765625,1
1757,2013-09-18,126673.31614870575,129965.41297830734,0.012177672896303449,0.012177672896303449,1725.52001953125,1
1758,2013-09-19,126439.86307685738,129725.89272403208,-0.0018429538196845785,-0.0018429538196846895,1722.3399658203125,1
1759,2013-09-20,125527.36096584308,128789.67571079521,-0.007216886263627376,-0.007216886263627376,1709.9100341796875,1
1760,2013-09-23,124934.92372428243,128181.84169251806,-0.004719586526811925,-0.004719586526811925,1701.8399658203125,1
1761,2013-09-24,124610.44985281929,127848.93511055197,-0.0025971430708935372,-0.0025971430708935372,1697.4200439453125,1
1762,2013-09-25,124269.08376837261,127498.69730601058,-0.00273946595048713,-0.00273946595048713,1692.77001953125,1
1763,2013-09-26,124702.2144474885,127943.08456369306,0.0034854258676535466,0.0034854258676533245,1698.6700439453125,1
1764,2013-09-27,124194.20242530075,127421.86988116223,-0.004073801130465626,-0.004073801130465626,1691.75,1
1765,2013-09-30,123445.40691735453,126653.61402124389,-0.0060292307798877065,-0.0060292307798875955,1681.550048828125,1
1766,2013-10-01,124432.79037144069,127666.65845932909,0.007998543475556064,0.007998543475555842,1695.0,1
1767,2013-10-02,124349.83481940428,127581.54698591823,-0.0006666695473820372,-0.0006666695473820372,1693.8699951171875,1
1768,2013-10-03,123233.24609911298,126435.93938226777,-0.008979414583967449,-0.008979414583967338,1678.6600341796875,1
1769,2013-10-04,124102.43783063155,127327.72042802114,0.0070532243451535415,0.0070532243451535415,1690.5,1
1770,2013-10-07,123046.77757510157,126244.62475131464,-0.008506361953748875,-0.008506361953748987,1676.1199951171875,1
1771,2013-10-08,121529.35501155259,124687.76608423173,-0.012332078852067663,-0.012332078852067663,1655.449951171875,1
1772,2013-10-09,121599.1014803329,124759.32518518849,0.0005739063518743759,0.0005739063518743759,1656.4000244140625,1
1773,2013-10-10,124253.67018411176,127482.88314005328,0.02183049604365861,0.02183049604365883,1692.56005859375,1
1774,2013-10-11,125034.76252791617,128284.27519422169,0.006286271807078414,0.006286271807078636,1703.199951171875,1
1775,2013-10-14,125544.24421744043,128806.99773908798,0.004074720335558668,0.004074720335558668,1710.1400146484375,1
1776,2013-10-15,124657.43440065626,127897.14073387411,-0.007063723409320377,-0.007063723409320377,1698.06005859375,1
1777,2013-10-16,126381.1391131008,129665.64259059129,0.013827532394934838,0.013827532394934838,1721.5400390625,1
1778,2013-10-17,127233.44759302202,130540.10160805192,0.0067439531397044394,0.0067439531397046615,1733.1500244140625,1
1779,2013-10-18,128066.66832034115,131394.97680371656,0.006548755402622897,0.006548755402622675,1744.5,1
1780,2013-10-21,128078.41669764696,131407.03050811775,9.173641713244862e-05,9.173641713244862e-05,1744.6600341796875,1
1781,2013-10-22,128813.26828866883,132160.98006441427,0.005737513079636436,0.005737513079636436,1754.6700439453125,1
1782,2013-10-23,128204.6826291791,131536.57794901208,-0.004724557241462923,-0.004724557241463145,1746.3800048828125,1
1783,2013-10-24,128622.39076264793,131965.14184645476,0.003258134764679621,0.003258134764679843,1752.0699462890625,1
1784,2013-10-25,129187.66604264194,132545.10799437345,0.004394843515520774,0.004394843515520996,1759.77001953125,1
1785,2013-10-28,129359.44685467456,132721.35319625447,0.001329699787098182,0.001329699787098182,1762.1099853515625,1
1786,2013-10-29,130081.8152347224,133462.49511698209,0.005584195028750738,0.00558419502875096,1771.949951171875,1
1787,2013-10-30,129447.54624238872,132811.74218783944,-0.004875923596155074,-0.004875923596155296,1763.31005859375,1
1788,2013-10-31,128950.54776383852,132301.82727854204,-0.0038393812241105385,-0.0038393812241105385,1756.5400390625,1
1789,2013-11-01,129324.94551781163,132685.95520850123,0.002903421198789946,0.002903421198790168,1761.6400146484375,1
1790,2013-11-04,129786.70782583064,133159.71819887764,0.003570558689741876,0.003570558689741876,1767.9300537109375,1
1791,2013-11-05,129422.57982044063,132786.12691670164,-0.0028055878101065357,-0.0028055878101065357,1762.969970703125,1
1792,2013-11-06,129974.63705579235,133352.5314978837,0.004265540341705787,0.004265540341705787,1770.489990234375,1
1793,2013-11-07,128261.2110533171,131594.5754832322,-0.013182771972194418,-0.013182771972194529,1747.1500244140625,1
1794,2013-11-08,129983.44609842515,133361.56947761393,0.013427559516743681,0.013427559516743681,1770.6099853515625,1
1795,2013-11-11,130077.4151940991,133457.98072425823,0.000722931253898329,0.000722931253898329,1771.8900146484375,1
1796,2013-11-12,129769.08077917885,133141.6330451346,-0.0023703916199453445,-0.0023703916199455666,1767.68994140625,1
1797,2013-11-13,130819.60616041729,134219.46039794953,0.008095344244797742,0.008095344244797964,1782.0,1
1798,2013-11-14,131452.41444680066,134868.71465903922,0.004837258763853658,0.004837258763853658,1790.6199951171875,1
1799,2013-11-15,132007.41101682538,135438.1349648922,0.004222034052096646,0.004222034052096646,1798.1800537109375,1
1800,2013-11-18,131519.221580908,134937.25803532507,-0.003698197185725949,-0.003698197185725949,1791.530029296875,1
1801,2013-11-19,131250.53233852843,134661.58586212882,-0.0020429655768170463,-0.0020429655768170463,1787.8699951171875,1
1802,2013-11-20,130773.35644624855,134172.0087057951,-0.0036356111002210367,-0.0036356111002210367,1781.3699951171875,1
1803,2013-11-21,131836.35607707483,135262.63449989638,0.00812856425584818,0.00812856425584818,1795.8499755859375,1
1804,2013-11-22,132490.45661706504,135933.73437628523,0.004961457973002625,0.004961457973002625,1804.760009765625,1
1805,2013-11-25,132323.07584565572,135762.00356712806,-0.0012633420978621634,-0.0012633420978620524,1802.47998046875,1
1806,2013-11-26,132342.89843192606,135782.34132009174,0.00014980445507073448,0.00014980445507073448,1802.75,1
1807,2013-11-27,132671.7813053987,136119.77148906424,0.0024850813860768373,0.0024850813860768373,1807.22998046875,1
1808,2013-11-29,132567.54246114165,136012.82359463678,-0.0007856896412440362,-0.0007856896412440362,1805.81005859375,1
1809,2013-12-02,132207.0886240929,135643.00196829945,-0.002719020284730811,-0.002719020284730811,1800.9000244140625,1
1810,2013-12-03,131784.97148861454,135209.91448385039,-0.0031928479771502483,-0.0031928479771501372,1795.1500244140625,1
1811,2013-12-04,131613.19067658193,135033.66928196934,-0.0013034931835718133,-0.0013034931835719243,1792.81005859375,1
1812,2013-12-05,131042.04568862812,134447.68087899135,-0.004339572538419101,-0.00433957253841899,1785.030029296875,1
1813,2013-12-06,132514.67924395867,135958.5865219728,0.011237870620775414,0.011237870620775636,1805.0899658203125,1
1814,2013-12-09,132755.47169110336,136205.63689364283,0.0018171001772671058,0.0018171001772671058,1808.3699951171875,1
1815,2013-12-10,132333.35455562503,135772.54940919377,-0.003179659038540561,-0.003179659038540672,1802.6199951171875,1
1816,2013-12-11,130835.75457834637,134236.02849507454,-0.011316874587722792,-0.01131687458772268,1782.219970703125,1
1817,2013-12-12,130342.43026813742,133729.8832416158,-0.0037705618911192396,-0.0037705618911192396,1775.5,1
1818,2013-12-13,130329.21222349512,133716.32167487917,-0.00010141014414954963,-0.00010141014414954963,1775.3199462890625,1
1819,2013-12-16,131152.89803589942,134561.4141539284,0.006320039831068769,0.006320039831068769,1786.5400390625,1
1820,2013-12-17,130746.19448468191,134144.14083543664,-0.003100987910356179,-0.003100987910356179,1781.0,1
1821,2013-12-18,132922.85246251267,136377.3677028,0.01664796429762072,0.01664796429762072,1810.6500244140625,1
1822,2013-12-19,132845.76661843606,136298.27848444847,-0.0005799292044109672,-0.0005799292044108562,1809.5999755859375,1
1823,2013-12-20,133485.91428011574,136955.06286293294,0.0048187283492318045,0.0048187283492315824,1818.3199462890625,1
1824,2013-12-23,134195.80841057573,137683.4063423742,0.00531812014989308,0.00531812014989308,1827.989990234375,1
1825,2013-12-24,134587.0894161462,138084.85630062612,0.0029157468493601346,0.0029157468493601346,1833.3199462890625,1
1826,2013-12-26,135225.77637187557,138740.1420110577,0.004745529147707206,0.004745529147707206,1842.02001953125,1
1827,2013-12-27,135180.2614913751,138693.444250071,-0.0003365843533802426,-0.00033658435338035364,1841.4000244140625,1
1828,2013-12-30,135156.02990309524,138668.58291010093,-0.00017925389411532766,-0.00017925389411521664,1841.0699462890625,1
1829,2013-12-31,135691.20388684963,139217.66546299023,0.003959675229718629,0.003959675229718629,1848.3599853515625,1
1830,2014-01-02,134488.72027984893,137983.930661258,-0.008861912729460575,-0.008861912729460464,1831.97998046875,1
1831,2014-01-03,134443.9402330167,137937.98683143902,-0.000332965074982039,-0.000332965074982261,1831.3699951171875,1
1832,2014-01-06,134106.24831691128,137591.5186827363,-0.0025117674736410134,-0.0025117674736410134,1826.77001953125,1
1833,2014-01-07,134921.85095896482,138428.31791894048,0.006081764662643874,0.006081764662643874,1837.8800048828125,1
1834,2014-01-08,134893.2193300617,138398.94218624654,-0.0002122089839386998,-0.00021220898393881082,1837.489990234375,1
1835,2014-01-09,134940.20387789866,138447.1478095687,0.0003483091890779111,0.00034830918907813313,1838.1300048828125,1
1836,2014-01-10,135251.4686661057,138766.50201908068,0.002306686808393188,0.002306686808392966,1842.3699951171875,1
1837,2014-01-13,133550.5169132183,137021.3444457156,-0.012576216507389826,-0.012576216507389604,1819.199951171875,1
1838,2014-01-14,134995.2626347002,138503.63748145336,0.010817971767347778,0.010817971767347556,1838.8800048828125,1
1839,2014-01-15,135692.67355418613,139219.1733253257,0.005166188100786506,0.005166188100786728,1848.3800048828125,1
1840,2014-01-16,135509.879198516,139031.62835021122,-0.0013471203041566238,-0.0013471203041569568,1845.8900146484375,1
1841,2014-01-17,134982.0445900579,138490.07591471673,-0.0038951743709021436,-0.0038951743709018105,1838.699951171875,1
1842,2014-01-21,135356.4513054172,138874.21303895843,0.0027737519941735123,0.0027737519941737343,1843.800048828125,1
1843,2014-01-22,135434.26302177587,138954.04699419517,0.0005748652214816463,0.0005748652214816463,1844.8599853515625,1
1844,2014-01-23,134230.30974743867,137718.80433012746,-0.00888957673985069,-0.00888957673985069,1828.4599609375,1
1845,2014-01-24,131428.19181990702,134843.8625133517,-0.02087544856898549,-0.0208754485689856,1790.2900390625,1
1846,2014-01-27,130787.3093245591,134186.32420369948,-0.004876293940238585,-0.004876293940238474,1781.56005859375,1
1847,2014-01-28,131590.4287556386,135010.31580433474,0.00614065260021901,0.006140652600218788,1792.5,1
1848,2014-01-29,130246.99150512696,133631.96413263606,-0.010209232261157664,-0.010209232261157553,1774.199951171875,1
1849,2014-01-30,131714.490186166,135137.6014517259,0.011267044743841659,0.011267044743841659,1794.18994140625,1
1850,2014-01-31,130862.91653991301,134263.896365433,-0.0064652996420466735,-0.0064652996420467845,1782.5899658203125,1
1851,2014-02-03,127875.0649220382,131198.39384887187,-0.02283191982018462,-0.02283191982018451,1741.8900146484375,1
1852,2014-02-04,128852.16966615507,132200.89244489136,0.007641088938743268,0.007641088938743268,1755.199951171875,1
1853,2014-02-05,128590.828760458,131932.75958337245,-0.0020282227794392593,-0.0020282227794391483,1751.6400146484375,1
1854,2014-02-06,130190.47204237514,133573.97579269847,0.012439792925644788,0.012439792925644788,1773.4300537109375,1
1855,2014-02-07,131922.25096378423,135350.76169797816,0.013301886798946505,0.013301886798946505,1797.02001953125,1
1856,2014-02-10,132129.26794634803,135563.15881878015,0.0015692347655638095,0.0015692347655635874,1799.8399658203125,1
1857,2014-02-11,133590.89691942724,137062.7738828107,0.011062113608869106,0.011062113608869328,1819.75,1
1858,2014-02-12,133554.9259152278,137025.86803272198,-0.00026926239009483766,-0.00026926239009483766,1819.260009765625,1
1859,2014-02-13,134330.88338474068,137821.99176299878,0.005810025082904291,0.005810025082903847,1829.8299560546875,1
1860,2014-02-14,134976.90971576635,138484.80759082513,0.004809216724759979,0.004809216724759979,1838.6300048828125,1
1861,2014-02-18,135133.2769435381,138645.23862674888,0.0011584739056555993,0.0011584739056558213,1840.760009765625,1
1862,2014-02-19,134251.6020010455,137740.6499454266,-0.00652448429013508,-0.006524484290135302,1828.75,1
1863,2014-02-20,135061.33493513925,138571.42692657144,0.006031458262132583,0.006031458262132583,1839.780029296875,1
1864,2014-02-21,134802.18956906075,138305.5466642732,-0.0019187235651340062,-0.0019187235651338952,1836.25,1
1865,2014-02-24,135636.14513004813,139161.17579110558,0.00618651346579302,0.00618651346579302,1847.6099853515625,1
1866,2014-02-25,135453.35077437796,138973.6308159911,-0.0013476817370097205,-0.0013476817370096095,1845.1199951171875,1
1867,2014-02-26,135456.29010905095,138976.64654066204,2.1699977565514672e-05,2.1699977565736717e-05,1845.1600341796875,1
1868,2014-02-27,136126.53906697026,139664.31451417593,0.004948082937896059,0.004948082937896281,1854.2900390625,1
1869,2014-02-28,136505.33686156667,140052.95683685894,0.0027826887923012578,0.0027826887923010357,1859.449951171875,1
1870,2014-03-03,135498.1308212102,139019.57464581006,-0.007378510346287115,-0.007378510346287226,1845.72998046875,1
1871,2014-03-04,137566.87578644266,141142.0839629073,0.015267701131332911,0.01526770113133269,1873.9100341796875,1
1872,2014-03-05,137559.53641114634,141134.5538455125,-5.3351326432027335e-05,-5.335132643191631e-05,1873.81005859375,1
1873,2014-03-06,137795.91985628154,141377.08063017618,0.0017184082710826054,0.0017184082710826054,1877.030029296875,1
1874,2014-03-07,137870.06636568514,141453.15412385677,0.0005380892952486782,0.0005380892952486782,1878.0400390625,1
1875,2014-03-10,137806.19856625082,141387.6264722419,-0.0004632463094992323,-0.00046324630949912127,1877.1700439453125,1
1876,2014-03-11,137105.84831209187,140669.0749036986,-0.005082138985368356,-0.005082138985368356,1867.6300048828125,1
1877,2014-03-12,137147.6890242511,140712.00300884663,0.00030517087837123036,0.00030517087837123036,1868.199951171875,1
1878,2014-03-13,135542.9108680424,139065.518475629,-0.011701095130556172,-0.011701095130556172,1846.3399658203125,1
1879,2014-03-14,135160.43890510476,138673.10649710734,-0.0028217776974702735,-0.0028217776974702735,1841.1300048828125,1
1880,2014-03-17,136459.8219810662,140006.25907587228,0.009613634629240364,0.009613634629240586,1858.8299560546875,1
1881,2014-03-18,137445.00989553382,141017.0509147368,0.0072196189337276895,0.0072196189337274674,1872.25,1
1882,2014-03-19,136602.24529191363,140152.38380817417,-0.006131649335692435,-0.006131649335692324,1860.77001953125,1
1883,2014-03-20,137427.39181026822,140998.97495527632,0.006040504799839086,0.006040504799839086,1872.010009765625,1
1884,2014-03-21,137024.36242739198,140585.47129262323,-0.0029326714097336337,-0.0029326714097336337,1866.52001953125,1
1885,2014-03-24,136357.7786764277,139901.56378066546,-0.004864709743258255,-0.004864709743258255,1857.43994140625,1
1886,2014-03-25,136958.2901269529,140517.68184750513,0.004403939814465518,0.004403939814465518,1865.6199951171875,1
1887,2014-03-26,135999.53830176988,139534.01314211384,-0.007000319763734719,-0.00700031976373483,1852.56005859375,1
1888,2014-03-27,135741.12776935962,139268.8868109833,-0.0019000838946737764,-0.0019000838946738874,1849.0400390625,1
1889,2014-03-28,136370.99672107,139915.1253474021,0.0046402218845609244,0.0046402218845611465,1857.6199951171875,1
1890,2014-03-31,137451.61443716186,141023.82710096386,0.007924102207026662,0.007924102207026662,1872.3399658203125,1
1891,2014-04-01,138419.18426636388,142016.5429803679,0.0070393485966973035,0.0070393485966973035,1885.52001953125,1
1892,2014-04-02,138814.13944027558,142421.7625944585,0.002853326841976367,0.002853326841976589,1890.9000244140625,1
1893,2014-04-03,138657.7722125038,142261.33155853476,-0.0011264502910315333,-0.0011264502910314222,1888.77001953125,1
1894,2014-04-04,136919.37978808046,140477.76027274548,-0.012537288005457836,-0.012537288005457836,1865.0899658203125,1
1895,2014-04-07,135447.48106641817,138967.60856093178,-0.010750112394172784,-0.010750112394173006,1845.0400390625,1
1896,2014-04-08,135955.4841272197,139488.8140491801,0.0037505537703756975,0.0037505537703759195,1851.9599609375,1
1897,2014-04-09,137439.87502124227,141011.78259084522,0.010918212704340347,0.010918212704340347,1872.1800537109375,1
1898,2014-04-10,134569.4713308806,138066.78034116564,-0.02088479555091305,-0.020884795550912938,1833.0799560546875,1
1899,2014-04-11,133292.8412144763,136756.97204575277,-0.009486773662544246,-0.009486773662544357,1815.68994140625,1
1900,2014-04-14,134388.14664254696,137880.74322838665,0.008217286225508769,0.00821728622550899,1830.6099853515625,1
1901,2014-04-15,135296.24871293793,138812.44584889966,0.006757307791485534,0.006757307791485756,1842.97998046875,1
1902,2014-04-16,136715.30214018968,140268.3788766144,0.0104884905586895,0.010488490558689278,1862.31005859375,1
1903,2014-04-17,136901.7617028149,140459.684313285,0.001363852909705754,0.001363852909705754,1864.8499755859375,1
1904,2014-04-21,137418.58276763544,140989.93697554606,0.003775123551313042,0.003775123551313042,1871.8900146484375,1
1905,2014-04-22,137980.91871295645,141566.88739879383,0.004092139025126507,0.004092139025126507,1879.550048828125,1
1906,2014-04-23,137675.5236327092,141253.55544434115,-0.002213313863220212,-0.002213313863220101,1875.3900146484375,1
1907,2014-04-24,137911.90707784437,141496.08222900482,0.0017169605671214505,0.0017169605671216726,1878.6099853515625,1
1908,2014-04-25,136795.3183575531,140350.47462535434,-0.008096390978489021,-0.008096390978489243,1863.4000244140625,1
1909,2014-04-28,137237.99291297002,140804.65379393482,0.003236035858038999,0.0032360358580392212,1869.4300537109375,1
1910,2014-04-29,137891.34965790578,141474.9905448734,0.004760757069291355,0.004760757069291355,1878.3299560546875,1
1911,2014-04-30,138303.92291708308,141898.28611842447,0.002992016977140688,0.002992016977140466,1883.949951171875,1
1912,2014-05-01,138284.10929219893,141877.9575597433,-0.00014326148142618234,-0.00014326148142618234,1883.6800537109375,1
1913,2014-05-02,138097.64076818753,141686.6429287902,-0.0013484450597095465,-0.0013484450597094355,1881.1400146484375,1
1914,2014-05-05,138356.0513005978,141951.76925992075,0.0018712161263063631,0.001871216126306141,1884.6600341796875,1
1915,2014-05-06,137112.45285371994,140675.85108992565,-0.008988392160571124,-0.008988392160571346,1867.719970703125,1
1916,2014-05-07,137882.540615273,141465.95256514315,0.005616468420812426,0.005616468420812648,1878.2099609375,1
1917,2014-05-08,137693.1417179748,141271.63140380164,-0.0013736249452109828,-0.0013736249452108718,1875.6300048828125,1
1918,2014-05-09,137902.36320154334,141486.29031810682,0.001519476431128819,0.001519476431128819,1878.47998046875,1
1919,2014-05-12,139236.2565757539,142854.85007890756,0.009672737603931392,0.009672737603931614,1896.6500244140625,1
1920,2014-05-13,139294.9805395105,142915.10021234833,0.0004217577030636299,0.0004217577030636299,1897.449951171875,1
1921,2014-05-14,138640.1541272382,142243.25559907427,-0.00470100508816651,-0.004701005088166399,1888.530029296875,1
1922,2014-05-15,137342.23175722707,140911.60168836228,-0.009361807033335778,-0.009361807033335778,1870.8499755859375,1
1923,2014-05-16,137856.84832104287,141439.59255712017,0.00374696520677964,0.00374696520677964,1877.8599853515625,1
1924,2014-05-19,138386.8784691195,141983.39759183532,0.0038447864907100726,0.0038447864907100726,1885.0799560546875,1
1925,2014-05-20,137487.5854413613,141060.73295105257,-0.006498398097467439,-0.006498398097467439,1872.8299560546875,1
1926,2014-05-21,138603.44828937054,142205.59581781784,0.008116098951240769,0.008116098951240547,1888.030029296875,1
1927,2014-05-22,138930.86149550666,142541.51812445486,0.0023622298736216685,0.0023622298736216685,1892.489990234375,1
1928,2014-05-23,139521.09423606258,143147.09034922882,0.0042483918562257195,0.004248391856225497,1900.530029296875,1
1929,2014-05-27,140356.51946438645,144004.22733839668,0.005987805879090757,0.005987805879090757,1911.9100341796875,1
1930,2014-05-28,140200.15223661467,143843.79630247294,-0.0011140717108724107,-0.0011140717108724107,1909.780029296875,1
1931,2014-05-29,140952.62191290216,144615.82181822995,0.005367110265455111,0.0053671102654548886,1920.030029296875,1
1932,2014-05-30,141212.49315126272,144882.4468174134,0.0018436779311643559,0.0018436779311643559,1923.5699462890625,1
1933,2014-06-02,141315.27128956947,144987.89604378794,0.0007278261010281728,0.0007278261010281728,1924.969970703125,1
1934,2014-06-03,141261.68220010446,144932.91423423876,-0.0003792165487563892,-0.0003792165487563892,1924.239990234375,1
1935,2014-06-04,141528.9017751475,145207.07854509953,0.001891663548679201,0.001891663548679201,1927.8800048828125,1
1936,2014-06-05,142452.41742979936,146154.59533156984,0.006525279593556643,0.006525279593556643,1940.4599609375,1
1937,2014-06-06,143111.65284408114,146830.96353185028,0.004627758701298612,0.004627758701298612,1949.43994140625,1
1938,2014-06-09,143246.001945964,146968.80421558968,0.0009387712266117898,0.0009387712266117898,1951.27001953125,1
1939,2014-06-10,143210.7657754328,146932.6522966687,-0.00024598362294592224,-0.00024598362294592224,1950.7900390625,1
1940,2014-06-11,142704.22342058158,146412.94547647334,-0.0035370410325543666,-0.0035370410325543666,1943.8900146484375,1
1941,2014-06-12,141692.60837821558,145375.03969841806,-0.00708889350376507,-0.00708889350376507,1930.1099853515625,1
1942,2014-06-13,142136.75260096902,145830.72672933398,0.003134561695468996,0.003134561695468774,1936.1600341796875,1
1943,2014-06-16,142255.67915720484,145952.74405283356,0.0008367051734303743,0.0008367051734305964,1937.780029296875,1
1944,2014-06-17,142564.73944440714,146269.83646884235,0.0021725690603942027,0.0021725690603939807,1941.989990234375,1
1945,2014-06-18,143665.17974676934,147398.8759753678,0.007718881307192449,0.007718881307192449,1956.97998046875,1
1946,2014-06-19,143848.70893610775,147587.17488165,0.0012774785766593855,0.0012774785766593855,1959.47998046875,1
1947,2014-06-20,144097.57559221698,147842.50930188256,0.0017300583227324307,0.0017300583227324307,1962.8699951171875,1
1948,2014-06-23,144078.48783961489,147822.92548008662,-0.00013246407875810995,-0.00013246407875799893,1962.6099853515625,1
1949,2014-06-24,143151.29801662182,146871.63903777764,-0.006435310620591661,-0.006435310620591994,1949.97998046875,1
1950,2014-06-25,143852.383104449,147590.94453748866,0.0048975112174376445,0.0048975112174378665,1959.530029296875,1
1951,2014-06-26,143682.79783203494,147416.95193482828,-0.00117888399729138,-0.001178883997291491,1957.219970703125,1
1952,2014-06-27,143957.3567823743,147698.64636308386,0.00191086862506884,0.001910868625069062,1960.9599609375,1
1953,2014-06-30,143903.76769290928,147643.66455353465,-0.0003722566922788051,-0.00037225669227902713,1960.22998046875,1
1954,2014-07-01,144864.72401909705,148629.59505242913,0.006677770440579822,0.006677770440579822,1973.3199462890625,1
1955,2014-07-02,144960.1627821075,148727.51416140888,0.0006588129971372148,0.0006588129971369927,1974.6199951171875,1
1956,2014-07-03,145754.4731705542,149542.4677823139,0.0054795081158995895,0.0054795081158995895,1985.43994140625,1
1957,2014-07-07,145182.60231031833,148955.7346424507,-0.003923521850109579,-0.003923521850109579,1977.6500244140625,1
1958,2014-07-08,144159.23889064655,147905.77515999426,-0.00704880201475111,-0.00704880201475111,1963.7099609375,1
1959,2014-07-09,144828.7530148976,148592.6892023404,0.004644267890169251,0.004644267890169251,1972.8299560546875,1
1960,2014-07-10,144230.45502676337,147978.84212328648,-0.004131071874054482,-0.004131071874054593,1964.6800537109375,1
1961,2014-07-11,144442.60688361872,148196.50756798006,0.0014709227452411877,0.0014709227452411877,1967.5699462890625,1
1962,2014-07-14,145142.2223041094,148914.3052053556,0.004843552990250188,0.004843552990250188,1977.0999755859375,1
1963,2014-07-15,144861.79364581025,148626.58852204072,-0.0019320956634629738,-0.0019320956634630848,1973.280029296875,1
1964,2014-07-16,145470.3703439138,149250.98144316036,0.004201084929208676,0.004201084929208676,1981.5699462890625,1
1965,2014-07-17,143748.870132474,147484.74137994638,-0.01183402645755216,-0.01183402645755205,1958.1199951171875,1
1966,2014-07-18,145224.44302247756,148998.66274759875,0.010264935568841116,0.010264935568841338,1978.219970703125,1
1967,2014-07-21,144887.48594004038,148652.94853006373,-0.0023202504717819705,-0.0023202504717820815,1973.6300048828125,1
1968,2014-07-22,145614.26332209771,149398.61403779773,0.005016150134305564,0.005016150134305564,1983.530029296875,1
1969,2014-07-23,145869.73451983498,149660.72464425734,0.0017544380056517817,0.0017544380056517817,1987.010009765625,1
1970,2014-07-24,145940.9416945656,149733.78241326704,0.00048815592189166424,0.00048815592189166424,1987.97998046875,1
1971,2014-07-25,145233.25206511037,149007.70072732898,-0.004849150767687549,-0.004849150767687549,1978.3399658203125,1
1972,2014-07-28,145275.1017386558,149050.63802675955,0.0002881549022029084,0.0002881549022029084,1978.9100341796875,1
1973,2014-07-29,144617.32703032432,148375.76849453204,-0.004527786939807377,-0.004527786939807377,1969.949951171875,1
1974,2014-07-30,144626.1360729571,148384.80647426227,6.091277451791832e-05,6.091277451791832e-05,1970.0699462890625,1
1975,2014-07-31,141733.72321809275,145417.2230666809,-0.019999240340661917,-0.019999240340661917,1930.6700439453125,1
1976,2014-08-01,141328.48933421177,145001.45761052458,-0.00285912113701714,-0.002859121137017362,1925.1500244140625,1
1977,2014-08-04,142344.50441720107,146043.87778130372,0.007189032358413172,0.007189032358413172,1938.989990234375,1
1978,2014-08-05,140965.83099615824,144629.37419068406,-0.009685469956760895,-0.009685469956760784,1920.2099609375,1
1979,2014-08-06,140968.035497163,144631.63598418725,1.563854864095049e-05,1.563854864095049e-05,1920.239990234375,1
1980,2014-08-07,140184.72969096765,143827.97294223311,-0.005556620005611856,-0.0055566200056120785,1909.5699462890625,1
1981,2014-08-08,141801.25622448212,145486.51117985192,0.011531402436470994,0.011531402436471438,1931.5899658203125,1
1982,2014-08-11,142192.54619143877,145887.97033238638,0.0027594252503462258,0.0027594252503462258,1936.9200439453125,1
1983,2014-08-12,141959.82795325865,145649.20400927882,-0.0016366416131743389,-0.001636641613174561,1933.75,1
1984,2014-08-13,142911.97523681363,146626.09652844307,0.006707160027472625,0.006707160027472625,1946.719970703125,1
1985,2014-08-14,143533.0441072774,147263.30627941413,0.004345814053963171,0.004345814053963171,1955.1800537109375,1
1986,2014-08-15,143524.23506464463,147254.2682996839,-6.137292417629503e-05,-6.137292417629503e-05,1955.06005859375,1
1987,2014-08-18,144748.7367975342,148510.59345360048,0.008531672245722266,0.008531672245722488,1971.739990234375,1
1988,2014-08-19,145472.57484491853,149253.24323666358,0.005000651911710952,0.005000651911711174,1981.5999755859375,1
1989,2014-08-20,145833.02868196732,149623.0648630009,0.002477812999687634,0.002477812999687634,1986.510009765625,1
1990,2014-08-21,146263.22002641018,150064.43639601246,0.0029498896671824593,0.0029498896671824593,1992.3699951171875,1
1991,2014-08-22,145971.77782447348,149765.41993946416,-0.0019925870761225983,-0.0019925870761224873,1988.4000244140625,1
1992,2014-08-25,146670.65841129594,150482.46364567196,0.004787778824361766,0.004787778824361766,1997.9200439453125,1
1993,2014-08-26,146824.82113806295,150640.6328880925,0.0010510808940034089,0.001051080894003631,2000.02001953125,1
1994,2014-08-27,146832.16051335927,150648.1630054873,4.998729260785595e-05,4.9987292607633904e-05,2000.1199951171875,1
1995,2014-08-28,146584.0286909183,150393.58251642247,-0.0016899010514689339,-0.0016899010514689339,1996.739990234375,1
1996,2014-08-29,147070.74845949918,150892.95158365412,0.00332041473363498,0.003320414733634758,2003.3699951171875,1
1997,2014-09-02,146990.73224213577,150810.8558349142,-0.000544066160005019,-0.0005440661600049079,2002.280029296875,1
1998,2014-09-03,146876.20572652324,150693.3529041385,-0.0007791410646479369,-0.0007791410646480479,2000.719970703125,1
1999,2014-09-04,146650.8358250256,150462.12589270828,-0.0015344207755290107,-0.0015344207755288997,1997.6500244140625,1
2000,2014-09-05,147389.35262300255,151219.8359105609,0.005035885365550108,0.005035885365549886,2007.7099609375,1
2001,2014-09-08,146936.4083190025,150755.12009419728,-0.003073114142502442,-0.003073114142502331,2001.5400390625,1
2002,2014-09-09,145974.70819776028,149768.42646985254,-0.006545009043329553,-0.006545009043329442,1988.43994140625,1
2003,2014-09-10,146506.94284684167,150314.4932980709,0.0036460744169486414,0.0036460744169486414,1995.68994140625,1
2004,2014-09-11,146636.1481130468,150447.0564636362,0.0008819054148183625,0.0008819054148185845,1997.449951171875,1
2005,2014-09-12,145761.8215072367,149550.00709399124,-0.005962558462297207,-0.005962558462297207,1985.5400390625,1
2006,2014-09-15,145658.3085352617,149443.80393644897,-0.0007101514711097545,-0.0007101514711097545,1984.1300048828125,1
2007,2014-09-16,146748.4701276546,150562.2976009087,0.007484376300642026,0.007484376300641804,1998.97998046875,1
2008,2014-09-17,146938.60385862106,150757.37269341794,0.0012956437010964716,0.0012956437010964716,2001.5699462890625,1
2009,2014-09-18,147657.30703171383,151494.75415258945,0.0048911800862370125,0.0048911800862372345,2011.3599853515625,1
2010,2014-09-19,147586.83469065148,151422.4503147475,-0.00047726958102534134,-0.00047726958102545236,2010.4000244140625,1
2011,2014-09-22,146404.17366992112,150209.0532659789,-0.00801332329681892,-0.00801332329681903,1994.2900390625,1
2012,2014-09-23,145558.46973162793,149341.37043474536,-0.0057765015647701645,-0.0057765015647699425,1982.77001953125,1
2013,2014-09-24,146698.55520653081,150511.08544719816,0.00783249148610099,0.00783249148610099,1998.300048828125,1
2014,2014-09-25,144326.61966205586,148077.50596915145,-0.016168772358634342,-0.016168772358634342,1965.989990234375,1
2015,2014-09-26,145564.33943958775,149347.39268980466,0.008575824615237648,0.008575824615237426,1982.8499755859375,1
2016,2014-09-29,145193.61585395588,148967.03441568415,-0.002546802239196344,-0.002546802239196233,1977.800048828125,1
2017,2014-09-30,144789.11680374312,148552.02289069557,-0.002785928622506595,-0.002785928622506595,1972.2900390625,1
2018,2014-10-01,142870.86935832264,146583.92235446276,-0.013248560995234193,-0.013248560995234193,1946.1600341796875,1
2019,2014-10-02,142871.6041919909,146584.6762856305,5.143341477165109e-06,5.143341477165109e-06,1946.1700439453125,1
2020,2014-10-03,144466.83847189855,148221.36890795015,0.0111655096821337,0.0111655096821337,1967.9000244140625,1
2021,2014-10-06,144240.72477534646,147989.37877106966,-0.0015651598591330806,-0.0015651598591330806,1964.8199462890625,1
2022,2014-10-07,142058.93192322415,145750.88357981472,-0.015126053030587783,-0.015126053030587783,1935.0999755859375,1
2023,2014-10-08,144539.51531396565,148295.9345392953,0.01746165029652702,0.017461650296527242,1968.8900146484375,1
2024,2014-10-09,141553.12440204117,145231.9306907871,-0.02066141501469343,-0.02066141501469354,1928.2099609375,1
2025,2014-10-10,139932.19782790338,143568.87806044443,-0.011451012338901223,-0.011451012338901334,1906.1300048828125,1
2026,2014-10-13,137627.80425120398,141204.59588985128,-0.016467929557809624,-0.016467929557809624,1874.739990234375,1
2027,2014-10-14,137845.09994373706,141427.53885271898,0.0015788647774723774,0.0015788647774723774,1877.699951171875,1
2028,2014-10-15,136728.51122344576,140281.9312490685,-0.008100314924121665,-0.008100314924121665,1862.489990234375,1
2029,2014-10-16,136748.3338097161,140302.2690020322,0.0001449777086941495,0.00014497770869437154,1862.760009765625,1
2030,2014-10-17,138510.21402736483,142109.93850234128,0.012884107385910504,0.012884107385910504,1886.760009765625,1
2031,2014-10-20,139776.56543379984,143409.20095568843,0.00914265720638352,0.00914265720638352,1904.010009765625,1
2032,2014-10-21,142512.62002227863,146216.36252162862,0.019574487182363987,0.019574487182363987,1941.280029296875,1
2033,2014-10-22,141472.3733510095,145149.08101087942,-0.0072993302004166205,-0.0072993302004166205,1927.1099853515625,1
2034,2014-10-23,143212.96131505136,146934.90489588937,0.012303377138681793,0.012303377138682015,1950.8199462890625,1
2035,2014-10-24,144223.10669008087,147971.30281160917,0.007053449392805389,0.007053449392805167,1964.5799560546875,1
2036,2014-10-27,144006.54583121603,147749.11377990918,-0.0015015683952100956,-0.0015015683952102066,1961.6300048828125,1
2037,2014-10-28,145725.85050303728,149513.10124390252,0.011939073060167393,0.011939073060167615,1985.050048828125,1
2038,2014-10-29,145523.96839476502,149305.9724469921,-0.0013853554985293615,-0.0013853554985294725,1982.300048828125,1
2039,2014-10-30,146430.6007978195,150236.16720516965,0.0062301242403934864,0.0062301242403937085,1994.6500244140625,1
2040,2014-10-31,148148.43580230424,151998.6468068275,0.011731393541549506,0.011731393541549284,2018.050048828125,1
2041,2014-11-03,148130.81771703865,151980.57084736702,-0.00011892184463635491,-0.00011892184463635491,2017.81005859375,1
2042,2014-11-04,147711.63095484712,151550.48989330637,-0.0028298416808328897,-0.0028298416808328897,2012.0999755859375,1
2043,2014-11-05,148553.66072479906,152414.40306870127,0.005700497411807337,0.005700497411807115,2023.5699462890625,1
2044,2014-11-06,149114.52700278358,152989.84562961356,0.0037755130048497954,0.0037755130048497954,2031.2099609375,1
2045,2014-11-07,149166.65538629828,153043.32877110984,0.0003495862178051201,0.00034958621780534216,2031.9200439453125,1
2046,2014-11-10,149632.08290127237,153520.85222304237,0.00312018469388331,0.003120184693883088,2038.260009765625,1
2047,2014-11-11,149736.3307069156,153627.80931175238,0.0006966942090356198,0.0006966942090356198,2039.6800537109375,1
2048,2014-11-12,149631.34806760412,153520.09829187463,-0.0007011166816754955,-0.0007011166816756065,2038.25,1
2049,2014-11-13,149710.62945129926,153601.44010944685,0.0005298447465655887,0.0005298447465658107,2039.3299560546875,1
2050,2014-11-14,149746.6004554987,153638.34595953554,0.00024027020881067784,0.0002402702088104558,2039.8199462890625,1
2051,2014-11-17,149856.71796910174,153751.32530330485,0.0007353590216276906,0.0007353590216276906,2041.3199462890625,1
2052,2014-11-18,150626.07985837277,154540.68204163716,0.005133983312177293,0.005133983312177293,2051.800048828125,1
2053,2014-11-19,150399.9661618207,154308.69190475668,-0.0015011590075549863,-0.0015011590075548753,2048.719970703125,1
2054,2014-11-20,150695.81736576688,154612.23194831138,0.0019670962134916703,0.0019670962134916703,2052.75,1
2055,2014-11-21,151484.99287992204,155421.91724532482,0.0052368773596394025,0.0052368773596394025,2063.5,1
2056,2014-11-24,151918.84943131998,155867.0492398925,0.0028640233144536786,0.0028640233144536786,2069.409912109375,1
2057,2014-11-25,151744.13824600054,155687.7975076231,-0.0011500296768534035,-0.0011500296768531815,2067.030029296875,1
2058,2014-11-26,152169.92954982014,156124.6546479108,0.0028059818899186517,0.0028059818899186517,2072.830078125,1
2059,2014-11-28,151783.04858487297,155727.71908238274,-0.002542427180532436,-0.002542427180532214,2067.56005859375,1
2060,2014-12-01,150746.4671205589,154664.19803318966,-0.006829362527492333,-0.006829362527492333,2053.43994140625,1
2061,2014-12-02,151708.90207546938,155651.64558870211,0.006384461097458383,0.006384461097458161,2066.550048828125,1
2062,2014-12-03,152280.04706342318,156237.6339916801,0.0037647427417915047,0.0037647427417917267,2074.330078125,1
2063,2014-12-04,152103.1134543266,156056.10207734245,-0.0011618962070774064,-0.0011618962070771843,2071.919921875,1
2064,2014-12-05,152356.39807383154,156315.96927886392,0.0016652165347095238,0.0016652165347093018,2075.3701171875,1
2065,2014-12-08,151250.8139357916,155181.65225416436,-0.007256565211683275,-0.007256565211683275,2060.31005859375,1
2066,2014-12-09,151214.84293159217,155144.74640407565,-0.00023782354133117245,-0.00023782354133128347,2059.820068359375,1
2067,2014-12-10,148742.3337498152,152607.9794931576,-0.01635096881921505,-0.01635096881921494,2026.1400146484375,1
2068,2014-12-11,149416.9827483578,153300.16185939533,0.004535689211904836,0.0045356892119050585,2035.3299560546875,1
2069,2014-12-12,146994.39744909084,150814.61629647034,-0.016213587335965673,-0.016213587335965784,2002.3299560546875,1
2070,2014-12-15,146062.0727518062,149858.0615302698,-0.006342586611898127,-0.006342586611898127,1989.6300048828125,1
2071,2014-12-16,144822.14847326957,148585.91301611337,-0.008489022887163578,-0.008489022887163578,1972.739990234375,1
2072,2014-12-17,147769.62904632164,151609.99528986195,0.020352415732846962,0.020352415732846962,2012.8900146484375,1
2073,2014-12-18,151318.34694218097,155250.9403673354,0.02401520473971619,0.02401520473971619,2061.22998046875,1
2074,2014-12-19,152009.87919232092,155960.4447618659,0.004570048934014581,0.004570048934014581,2070.64990234375,1
2075,2014-12-22,152589.10735062548,156554.72640768893,0.003810463907886641,0.003810463907886641,2078.5400390625,1
2076,2014-12-23,152855.5831306141,156828.12759309946,0.0017463617463617798,0.0017463617463617798,2082.169921875,1
2077,2014-12-24,152834.29087700727,156806.2819778003,-0.00013929653841060485,-0.00013929653841071588,2081.8798828125,1
2078,2014-12-26,153340.10735957645,157325.24406111048,0.003309574570383722,0.003309574570383944,2088.77001953125,1
2079,2014-12-29,153472.2519604546,157460.82295134666,0.0008617745425747447,0.0008617745425745227,2090.570068359375,1
2080,2014-12-30,152721.98678517184,156691.05922909285,-0.004888604719738399,-0.0048886047197381766,2080.35009765625,1
2081,2014-12-31,151147.2920024304,155075.43990233957,-0.010310858415930158,-0.010310858415930046,2058.89990234375,1
2082,2015-01-02,151095.90741397013,155022.71988629355,-0.0003399636723854238,-0.00033996367238564584,2058.199951171875,1
2083,2015-01-05,148334.1605312612,152189.19831233038,-0.018278105145113743,-0.018278105145113632,2020.5799560546875,1
2084,2015-01-06,147014.95486902943,150835.70798060176,-0.008893471722946522,-0.008893471722946633,2002.6099853515625,1
2085,2015-01-07,148724.7156645496,152589.9035336971,0.011629842671742718,0.011629842671742718,2025.9000244140625,1
2086,2015-01-08,151385.1451149021,155319.4745493387,0.017888280629516196,0.017888280629516196,2062.139892578125,1
2087,2015-01-09,150112.93296189347,154014.19903521475,-0.008403811034715436,-0.008403811034715436,2044.81005859375,1
2088,2015-01-12,148897.96614391872,152767.6565979136,-0.00809368516091269,-0.00809368516091269,2028.260009765625,1
2089,2015-01-13,148514.02451364457,152373.73675705644,-0.0025785552362954656,-0.0025785552362955766,2023.030029296875,1
2090,2015-01-14,147650.7024900858,151487.97796636238,-0.005813067327385402,-0.005813067327385402,2011.27001953125,1
2091,2015-01-15,146285.24711368527,150087.03594247936,-0.009247875921837956,-0.009247875921837845,1992.6700439453125,1
2092,2015-01-16,148249.00943960625,152101.83423969886,0.013424199395820402,0.013424199395820402,2019.4200439453125,1
2093,2015-01-20,148478.78834311338,152337.58483813546,0.0015499523698385698,0.0015499523698385698,2022.550048828125,1
2094,2015-01-21,149181.3341368909,153058.3890058994,0.004731623968765364,0.004731623968765364,2032.1199951171875,1
2095,2015-01-22,151459.29162430568,155395.54804301928,0.015269721916580492,0.015269721916580492,2063.14990234375,1
2096,2015-01-23,150627.54952570927,154542.1899039726,-0.005491522439306951,-0.005491522439307173,2051.820068359375,1
2097,2015-01-26,151014.4304906564,154939.1254695007,0.002568460857029997,0.002568460857030219,2057.090087890625,1
2098,2015-01-27,148992.67007326093,152864.8217757256,-0.0133878624104109,-0.013387862410411011,2029.550048828125,1
2099,2015-01-28,146981.92319950298,150801.81785518397,-0.013495609366348305,-0.013495609366348305,2002.1600341796875,1
2100,2015-01-29,148383.34958010292,152239.6657291557,0.009534685287099887,0.009534685287099887,2021.25,1
2101,2015-01-30,146455.5582583814,150261.77328202492,-0.01299196525200974,-0.012991965252009852,1994.989990234375,1
2102,2015-02-02,148353.98311753155,152209.53606529406,0.01296246371066978,0.01296246371066978,2020.8499755859375,1
2103,2015-02-03,150496.13975849937,154407.36494490417,0.014439495293299354,0.014439495293299576,2050.030029296875,1
2104,2015-02-04,149870.6708474123,153765.64080120923,-0.0041560462088314765,-0.0041560462088315875,2041.510009765625,1
2105,2015-02-05,151413.05087152316,155348.1055451474,0.010291406686777416,0.010291406686777416,2062.52001953125,1
2106,2015-02-06,150895.49497303437,154817.0989517186,-0.0034181723141418763,-0.0034181723141418763,2055.469970703125,1
2107,2015-02-09,150254.61247768646,154159.56064206638,-0.004247194360987638,-0.004247194360987638,2046.739990234375,1
2108,2015-02-10,151858.6647616131,155805.3004383988,0.010675561019232171,0.010675561019232171,2068.590087890625,1
2109,2015-02-11,151854.2557596036,155800.7768513924,-2.903358867545336e-05,-2.903358867545336e-05,2068.530029296875,1
2110,2015-02-12,153318.8151059696,157303.39844581133,0.009644506431775612,0.009644506431775834,2088.47998046875,1
2111,2015-02-13,153943.54918338844,157944.36865833853,0.004074738491730789,0.004074738491730789,2096.989990234375,1
2112,2015-02-17,154189.48546621087,158196.6965481827,0.0015975744623728527,0.0015975744623728527,2100.340087890625,1
2113,2015-02-18,154141.0222896512,158146.97386824255,-0.00031430921773378806,-0.0003143092177338991,2099.679931640625,1
2114,2015-02-19,153977.31568658314,157979.01271492403,-0.0010620573331896477,-0.0010620573331896477,2097.449951171875,1
2115,2015-02-20,154920.6628888915,158946.87644864054,0.006126533626735764,0.006126533626735764,2110.300048828125,1
2116,2015-02-23,154873.66937966834,158898.66163103588,-0.0003033391953458642,-0.0003033391953458642,2109.659912109375,1
2117,2015-02-24,155300.9303508244,159337.02663365906,0.002758770892866469,0.002758770892866691,2115.47998046875,1
2118,2015-02-25,155182.01275597478,159215.018504442,-0.0007657236475080431,-0.0007657236475082652,2113.860107421875,1
2119,2015-02-26,154952.9597247497,158980.0126428906,-0.001476028227480608,-0.001476028227480719,2110.739990234375,1
2120,2015-02-27,154494.87158507193,158510.01930835284,-0.0029563045487578377,-0.0029563045487578377,2104.5,1
2121,2015-03-02,155441.1401992809,159480.8803781752,0.006124919257840311,0.006124919257840311,2117.389892578125,1
2122,2015-03-03,154735.6640322166,158757.0696800229,-0.004538542152739411,-0.0045385421527393,2107.780029296875,1
2123,2015-03-04,154056.6060316645,158060.36372677877,-0.004388503483015449,-0.00438850348301556,2098.530029296875,1
2124,2015-03-05,154240.87005467116,158249.41656422868,0.0011960799848387271,0.0011960799848387271,2101.0400390625,1
2125,2015-03-06,152054.66820053934,156006.39778596736,-0.014173946589881914,-0.014173946589881692,2071.260009765625,1
2126,2015-03-09,152654.4358560101,156621.75272735677,0.003944421191197867,0.003944421191197867,2079.429931640625,1
2127,2015-03-10,150065.21358038823,153965.23948072488,-0.016961330085842552,-0.01696133008584244,2044.1600341796875,1
2128,2015-03-11,149777.4365854066,153669.98348573266,-0.0019176795748701014,-0.0019176795748704345,2040.239990234375,1
2129,2015-03-12,151664.84790091918,155606.44649576835,0.012601439566208184,0.012601439566208406,2065.949951171875,1
2130,2015-03-13,150743.5277858859,154661.18230851874,-0.006074710968194563,-0.006074710968194563,2053.39990234375,1
2131,2015-03-16,152783.64112221522,156754.31589292202,0.013533671171787054,0.013533671171787054,2081.18994140625,1
2132,2015-03-17,152276.37289508193,156233.86433584147,-0.003320173700583018,-0.003320173700582907,2074.280029296875,1
2133,2015-03-18,154127.8132063951,158133.42149578844,0.012158421402569175,0.012158421402569175,2099.5,1
2134,2015-03-19,153376.81319744413,157362.9038423669,-0.004872579408787825,-0.004872579408787714,2089.27001953125,1
2135,2015-03-20,154759.1607868282,158781.17708882524,0.00901275466979845,0.00901275466979845,2108.10009765625,1
2136,2015-03-23,154488.99291572592,158503.987859011,-0.0017457310425352812,-0.0017457310425352812,2104.419921875,1
2137,2015-03-24,153540.5198005122,157530.86499568544,-0.006139421956948721,-0.006139421956948721,2091.5,1
2138,2015-03-25,151305.13785892486,155237.38799488128,-0.014558905652342857,-0.014558905652342857,2061.050048828125,1
2139,2015-03-26,150945.40989415816,154868.31110542914,-0.002377499996742416,-0.002377499996742527,2056.14990234375,1
2140,2015-03-27,151302.93335792012,155235.1262013781,0.0023685613495147972,0.0023685613495147972,2061.02001953125,1
2141,2015-03-30,153154.3736692333,157134.6833613251,0.012236645187396533,0.012236645187396533,2086.239990234375,1
2142,2015-03-31,151807.26225038042,155752.56203378772,-0.008795775050879251,-0.008795775050879362,2067.889892578125,1
2143,2015-04-01,151205.2900939049,155134.94529889515,-0.003965371271123064,-0.003965371271122842,2059.68994140625,1
2144,2015-04-02,151738.9944103228,155682.51998944898,0.0035296669586522,0.0035296669586522,2066.9599609375,1
2145,2015-04-06,152741.80937144218,156711.39698205653,0.0066088151237355675,0.0066088151237355675,2080.6201171875,1
2146,2015-04-07,152426.8704148939,156388.27311670588,-0.0020619040578627734,-0.0020619040578627734,2076.330078125,1
2147,2015-04-08,152835.76054434376,156807.78984013575,0.002682533127767339,0.002682533127767117,2081.89990234375,1
2148,2015-04-09,153517.02304590063,157506.7575868831,0.004457481018385057,0.004457481018385279,2091.179931640625,1
2149,2015-04-10,154315.751397743,158326.24398907705,0.00520286503734213,0.005202865037342352,2102.06005859375,1
2150,2015-04-13,153608.78764056982,157600.90704002418,-0.00458128059365126,-0.004581280593651371,2092.429931640625,1
2151,2015-04-14,153859.13292540173,157857.75851687475,0.0016297588743274805,0.0016297588743277025,2095.840087890625,1
2152,2015-04-15,154651.2298514575,158670.44114999403,0.005148195696902835,0.005148195696902835,2106.6298828125,1
2153,2015-04-16,154530.84258927134,158546.92515844156,-0.0007784436134247175,-0.0007784436134246064,2104.989990234375,1
2154,2015-04-17,152782.90628854698,156753.5619617543,-0.011311245518606405,-0.011311245518606405,2081.179931640625,1
2155,2015-04-20,154193.87654544797,158201.20174662402,0.009235131672624686,0.009235131672624464,2100.39990234375,1
2156,2015-04-21,153965.57627066353,157966.9682048054,-0.0014806053255762563,-0.0014806053255763674,2097.2900390625,1
2157,2015-04-22,154748.8731154727,158770.622052477,0.005087480356207541,0.005087480356207541,2107.9599609375,1
2158,2015-04-23,155113.72699314475,159144.9580715382,0.002357715893671175,0.002357715893671175,2112.929931640625,1
2159,2015-04-24,155463.16728655598,159503.4799246421,0.002252800575326619,0.002252800575326841,2117.68994140625,1
2160,2015-04-27,154819.34545653505,158842.92589031893,-0.004141314249916261,-0.004141314249916372,2108.919921875,1
2161,2015-04-28,155248.07609502765,159282.7987552776,0.0027692316953564777,0.0027692316953566998,2114.760009765625,1
2162,2015-04-29,154667.39619215898,158687.02763568415,-0.0037403355807980043,-0.0037403355807978933,2106.85009765625,1
2163,2015-04-30,153100.78457976828,157079.70155177588,-0.010128906614839117,-0.010128906614839228,2085.510009765625,1
2164,2015-05-01,154773.10470375253,158795.48339244706,0.010923001659164822,0.010923001659164822,2108.2900390625,1
2165,2015-05-04,155228.2535087573,159262.4610023139,0.002940748690646089,0.002940748690646089,2114.489990234375,1
2166,2015-05-05,153390.75711436846,157377.21014598873,-0.011837383677612445,-0.011837383677612445,2089.4599609375,1
2167,2015-05-06,152707.29011180685,156675.98060573824,-0.004455724813014705,-0.004455724813014594,2080.14990234375,1
2168,2015-05-07,153283.57893543842,157267.24652689035,0.0037738134388320965,0.0037738134388318745,2088.0,1
2169,2015-05-08,155346.4541927111,159383.73358892827,0.013457901176365139,0.013457901176364917,2116.10009765625,1
2170,2015-05-11,154555.80901121945,158572.54042957936,-0.005089560528435566,-0.005089560528435677,2105.330078125,1
2171,2015-05-12,154099.92537254642,158104.8088885448,-0.0029496376848567873,-0.0029496376848567873,2099.1201171875,1
2172,2015-05-13,154052.93186332323,158056.5940709401,-0.00030495478248659946,-0.00030495478248659946,2098.47998046875,1
2173,2015-05-14,155713.51257138792,159760.33140149264,0.01077928662557337,0.010779286625573148,2121.10009765625,1
2174,2015-05-15,155833.1649999058,159883.0934618774,0.0007684139066801432,0.0007684139066803652,2122.72998046875,1
2175,2015-05-18,156308.13639118092,160370.40882470793,0.003047948049283322,0.003047948049283322,2129.199951171875,1
2176,2015-05-19,156207.5717152651,160267.2305861191,-0.0006433745436266181,-0.0006433745436267291,2127.830078125,1
2177,2015-05-20,156062.21803113088,160118.09932342882,-0.0009305162517933008,-0.0009305162517933008,2125.85009765625,1
2178,2015-05-21,156427.07190880296,160492.43534249003,0.0023378744854138933,0.0023378744854138933,2130.820068359375,1
2179,2015-05-22,156077.63161539173,160133.91348938612,-0.002233886303356414,-0.002233886303356525,2126.06005859375,1
2180,2015-05-26,154472.84449779685,158487.41976188598,-0.01028198019783777,-0.01028198019783777,2104.199951171875,1
2181,2015-05-27,155888.22375670733,159939.58313376206,0.009162641262365545,0.009162641262365323,2123.47998046875,1
2182,2015-05-28,155690.75065044456,159736.97792385804,-0.0012667608976734135,-0.0012667608976733025,2120.7900390625,1
2183,2015-05-29,154707.02344192727,158727.68475304643,-0.006318469173072105,-0.0063184691730722164,2107.389892578125,1
2184,2015-06-01,155025.6365668168,159054.57827423574,0.002059461282371,0.002059461282371222,2111.72998046875,1
2185,2015-06-02,154869.27830043124,158894.15643259455,-0.0010085961899480855,-0.0010085961899480855,2109.60009765625,1
2186,2015-06-03,155197.42634023563,159230.8326703993,0.0021188711112078984,0.0021188711112078984,2114.070068359375,1
2187,2015-06-04,153859.13292540173,157857.75851687475,-0.008623167576889967,-0.008623167576889856,2095.840087890625,1
2188,2015-06-05,153638.1630645274,157631.04589816838,-0.0014361829335243215,-0.0014361829335245435,2092.830078125,1
2189,2015-06-08,152643.43127375876,156610.46214840584,-0.006474509789282434,-0.006474509789282545,2079.280029296875,1
2190,2015-06-09,152707.29011180685,156675.98060573824,0.000418353004221661,0.0004183530042221051,2080.14990234375,1
2191,2015-06-10,154546.2561735322,158562.73932439883,0.012042424827124476,0.012042424827124254,2105.199951171875,1
2192,2015-06-11,154814.95437729795,158838.42069187763,0.0017386264178671507,0.0017386264178671507,2108.860107421875,1
2193,2015-06-12,153732.13216020135,157727.45714481265,-0.0069942998817651425,-0.0069942998817652535,2094.110107421875,1
2194,2015-06-15,153021.49423468692,156998.35053992114,-0.004622572493653387,-0.004622572493653387,2084.429931640625,1
2195,2015-06-16,153892.16459492818,157891.6486422925,0.0056898566086796,0.0056898566086796,2096.2900390625,1
2196,2015-06-17,154196.81588012096,158204.21747129495,0.0019796413026920145,0.0019796413026922366,2100.43994140625,1
2197,2015-06-18,155723.782319971,159770.86804927583,0.009902710578908236,0.009902710578908236,2121.239990234375,1
2198,2015-06-19,154897.90096794817,158923.52297100594,-0.0053035017498218595,-0.0053035017498218595,2109.989990234375,1
2199,2015-06-22,155841.9830039248,159892.1406358902,0.006094866554531286,0.006094866554531286,2122.85009765625,1
2200,2015-06-23,155941.0780125041,159993.81101214353,0.0006358685039113965,0.0006358685039113965,2124.199951171875,1
2201,2015-06-24,154794.39695735936,158817.32900774622,-0.00735329696164333,-0.007353296961643219,2108.580078125,1
2202,2015-06-25,154334.10431667685,158345.07387970525,-0.0029735743006854554,-0.0029735743006856774,2102.31005859375,1
2203,2015-06-26,154273.90172419758,158283.30668964647,-0.0003900796440671206,-0.0003900796440671206,2101.489990234375,1
2204,2015-06-29,151054.79257409295,154980.53651803074,-0.02086619391956246,-0.020866193919562348,2057.639892578125,1
2205,2015-06-30,151456.3702124051,155392.55070691343,0.0026584898861463646,0.0026584898861461426,2063.110107421875,1
2206,2015-07-01,152506.87767087112,156470.35967116329,0.006936040108400654,0.006936040108400876,2077.419921875,1
2207,2015-07-02,152459.90208442035,156422.16324212367,-0.0003080227407983305,-0.0003080227407983305,2076.780029296875,1
2208,2015-07-06,151871.13901120092,155818.09887968516,-0.003861756863082655,-0.003861756863082655,2068.760009765625,1
2209,2015-07-07,152794.66362723897,156765.624860438,0.006080975108575082,0.00608097510857486,2081.340087890625,1
2210,2015-07-08,150250.21243706314,154155.04624934253,-0.016652749054007154,-0.016652749054006932,2046.6800537109375,1
2211,2015-07-09,150590.10885417333,154503.77619154844,0.0022622025726091177,0.0022622025726088957,2051.31005859375,1
2212,2015-07-10,152448.16266850074,156410.11873200504,0.012338485100151342,0.012338485100151786,2076.6201171875,1
2213,2015-07-13,154135.16154307761,158140.96080746577,0.011066049239604636,0.011066049239604414,2099.60009765625,1
2214,2015-07-14,154821.5499575398,158845.18768382215,0.004453159211633473,0.004453159211633695,2108.949951171875,1
2215,2015-07-15,154707.75827559552,158728.43868421417,-0.0007349860660579299,-0.000734986066058041,2107.39990234375,1
2216,2015-07-16,155947.69151551835,160000.59639265313,0.008014680412562258,0.008014680412562258,2124.2900390625,1
2217,2015-07-17,156120.19819983302,160177.58633141936,0.001106182994042637,0.001106182994042637,2126.639892578125,1
2218,2015-07-20,156240.60338479155,160301.1207115369,0.00077123387202227,0.00077123387202227,2128.280029296875,1
2219,2015-07-21,155574.75446749554,159617.96713074687,-0.0042616893616068685,-0.0042616893616069795,2119.2099609375,1
2220,2015-07-22,155203.28708680923,159236.8457311761,-0.0023877098952062026,-0.0023877098952062026,2114.14990234375,1
2221,2015-07-23,154322.34697798485,158333.01098102157,-0.005676040278268402,-0.0056760402782680686,2102.14990234375,1
2222,2015-07-24,152670.5842739392,156638.32082448178,-0.01070332804283547,-0.010703328042835691,2079.64990234375,1
2223,2015-07-27,151788.90933144657,155733.73214315952,-0.00577501518505108,-0.005775015185050969,2067.639892578125,1
2224,2015-07-28,153668.9902330491,157662.67423008295,0.012386154626733425,0.012386154626733203,2093.25,1
2225,2015-07-29,154793.66212369112,158816.57507657848,0.007318795346649809,0.007318795346650031,2108.570068359375,1
2226,2015-07-30,154798.05320292822,158821.0802750198,2.836730636679441e-05,2.836730636679441e-05,2108.6298828125,1
2227,2015-07-31,154446.42633128466,158460.31501697778,-0.002271519985994952,-0.002271519985995063,2103.840087890625,1
2228,2015-08-03,154020.63502746506,158023.45787669005,-0.002756886733696784,-0.002756886733696784,2098.0400390625,1
2229,2015-08-04,153674.13406872682,157667.9517482571,-0.002249704779339834,-0.002249704779339612,2093.320068359375,1
2230,2015-08-05,154152.77962834318,158159.03676692626,0.0031146787487494887,0.0031146787487494887,2099.840087890625,1
2231,2015-08-06,152957.6353966388,156932.83208258878,-0.0077529852824310685,-0.007752985282431291,2083.56005859375,1
2232,2015-08-07,152517.90017589487,156481.66863867926,-0.0028748824444339016,-0.0028748824444339016,2077.570068359375,1
2233,2015-08-10,154471.37483046032,158485.9118995505,0.01280816646644456,0.012808166466444781,2104.179931640625,1
2234,2015-08-11,152995.07606817473,156971.24579501295,-0.00955710249815478,-0.00955710249815489,2084.070068359375,1
2235,2015-08-12,153140.42975230896,157120.37705770324,0.0009500546545004873,0.0009500546545004873,2086.050048828125,1
2236,2015-08-13,152945.14322427855,156920.01525273736,-0.0012752120935423106,-0.0012752120935420885,2083.389892578125,1
2237,2015-08-14,153543.4591351852,157533.88072035636,0.003911964108786803,0.003911964108787025,2091.5400390625,1
2238,2015-08-17,154343.6392315917,158354.8565963207,0.005211424185135538,0.005211424185135538,2102.43994140625,1
2239,2015-08-18,153938.4053477107,157939.0911401644,-0.00262553018639744,-0.00262553018639744,2096.919921875,1
2240,2015-08-19,152667.6628620386,156635.32348837593,-0.008254876246131082,-0.008254876246131082,2079.610107421875,1
2241,2015-08-20,149446.3492109292,153330.29152325698,-0.021100170073477753,-0.021100170073477864,2035.72998046875,1
2242,2015-08-21,144686.33866543637,148446.57366432104,-0.03185096571863755,-0.031850965718637436,1970.8900146484375,1
2243,2015-08-24,138983.71575130345,142595.74600283633,-0.039413692866465566,-0.039413692866465566,1893.2099609375,1
2244,2015-08-25,139201.88902342552,140667.56704136316,0.0015697757895067888,-0.01352199497897233,1867.6099853515625,0
2245,2015-08-26,139201.88902342552,146158.3649874085,0.0,0.03903385877450183,1940.510009765625,0
2246,2015-08-27,139201.88902342552,149709.6841987472,0.0,0.024297748621125104,1987.6600341796875,0
2247,2015-08-28,139201.88902342552,149800.8179272174,0.0,0.0006087363616986696,1988.8699951171875,0
2248,2015-08-31,139201.88902342552,148543.73884213308,0.0,-0.008391670369217064,1972.1800537109375,0
2249,2015-09-01,139201.88902342552,144150.34287641605,0.0,-0.029576446640986798,1913.8499755859375,0
2250,2015-09-02,139201.88902342552,146787.28149553452,0.0,0.018292975004431167,1948.8599853515625,0
2251,2015-09-03,139201.88902342552,146958.25837352398,0.0,0.001164793545104681,1951.1300048828125,0
2252,2015-09-04,139201.88902342552,144705.44768436466,0.0,-0.015329595723932332,1921.219970703125,0
2253,2015-09-08,139201.88902342552,148335.1021828872,0.0,0.02508305358648033,1969.4100341796875,0
2254,2015-09-09,139201.88902342552,146273.606124681,0.0,-0.01389756050907287,1942.0400390625,0
2255,2015-09-10,139201.88902342552,147045.63164043802,0.0,0.005277955033794246,1952.2900390625,0
2256,2015-09-11,139201.88902342552,147705.43174359342,0.0,0.004487043210972486,1961.050048828125,0
2257,2015-09-14,139201.88902342552,147101.36738115494,0.0,-0.004089655710746598,1953.030029296875,0
2258,2015-09-15,139201.88902342552,148988.87083670075,0.0,0.01283131142251781,1978.0899658203125,0
2259,2015-09-16,139201.88902342552,150285.88069082727,0.0,0.008705414349694074,1995.31005859375,0
2260,2015-09-17,139201.88902342552,149900.98963541782,0.0,-0.002561059320011938,1990.199951171875,0
2261,2015-09-18,139201.88902342552,147477.96519371934,0.0,-0.016164165744279924,1958.030029296875,0
2262,2015-09-21,139201.88902342552,148151.31766932886,0.0,0.004565783605198437,1966.969970703125,0
2263,2015-09-22,139201.88902342552,146326.326140727,0.0,-0.012318429274285614,1942.739990234375,0
2264,2015-09-23,139201.88902342552,146026.55575301097,0.0,-0.002048642890328134,1938.760009765625,0
2265,2015-09-24,139201.88902342552,145535.4707343418,0.0,-0.003362984329369434,1932.239990234375,0
2266,2015-09-25,139201.88902342552,145467.6812892237,0.0,-0.00046579328582962987,1931.3399658203125,0
2267,2015-09-28,139201.88902342552,141734.0946209446,0.0,-0.02566609046896018,1881.77001953125,0
2268,2015-09-29,139201.88902342552,141908.83196049018,0.0,0.001232853252514099,1884.0899658203125,0
2269,2015-09-30,139201.88902342552,144615.82181822995,0.0,0.019075555906861608,1920.030029296875,0
2270,2015-10-01,139201.88902342552,144901.27670804164,0.0,0.001973884228037459,1923.8199462890625,0
2271,2015-10-02,139201.88902342552,146975.58040181673,0.0,0.014315289284541954,1951.3599853515625,0
2272,2015-10-05,139201.88902342552,149663.74036892827,0.0,0.018289840800508328,1987.050048828125,0
2273,2015-10-06,139201.88902342552,149126.71152044015,0.0,-0.0035882361830882337,1979.9200439453125,0
2274,2015-10-07,139201.88902342552,150325.03914013662,0.0,0.008035633639867479,1995.8299560546875,0
2275,2015-10-08,139201.88902342552,151650.6707957893,0.0,0.008818435459823082,2013.4300537109375,0
2276,2015-10-09,139201.88902342552,151760.6344148877,0.0,0.000725111326717931,2014.8900146484375,0
2277,2015-10-12,139201.88902342552,151954.2016450615,0.0,0.0012754772073804155,2017.4599609375,0
2278,2015-10-13,139201.88902342552,150917.04979817395,0.0,-0.006825423947869225,2003.68994140625,0
2279,2015-10-14,139201.88902342552,150205.28361014026,0.0,-0.0047162741982138545,1994.239990234375,0
2280,2015-10-15,139201.88902342552,152436.24868400043,0.0,0.01485277361914017,2023.8599853515625,0
2281,2015-10-16,139201.88902342552,153132.95463724455,0.0,0.004570474275370051,2033.1099853515625,0
2282,2015-10-19,139201.88902342552,153174.38407433964,0.0,0.00027054553471672627,2033.6600341796875,0
2283,2015-10-20,139201.88902342552,152956.7094353635,0.0,-0.0014210903493530047,2030.77001953125,0
2284,2015-10-21,139201.88902342552,152065.67312649536,0.0,-0.005825414995899059,2018.93994140625,0
2285,2015-10-22,139201.88902342552,154594.1559888509,0.0,0.0166275715641111,2052.510009765625,0
2286,2015-10-23,139201.88902342552,156299.38279317383,0.0,0.011030344539323389,2075.14990234375,0
2287,2015-10-26,139201.88902342552,156000.3663366255,0.0,-0.0019131006866739408,2071.179931640625,0
2288,2015-10-27,139201.88902342552,155601.92290876198,0.0,-0.002554118539720318,2065.889892578125,0
2289,2015-10-28,139201.88902342552,157444.25485422165,0.0,0.011840033278637252,2090.35009765625,0
2290,2015-10-29,139201.88902342552,157373.4404901501,0.0,-0.0004497742019048401,2089.409912109375,0
2291,2015-10-30,138354.8771386881,156616.4935977477,-0.006084772919962789,-0.004809877003672525,2079.360107421875,1
2292,2015-11-02,139997.67763179677,158476.12918293505,0.011873817006551324,0.011873817006551102,2104.050048828125,1
2293,2015-11-03,140379.60072478084,158908.46273621637,0.002728067346863705,0.002728067346863705,2109.7900390625,1
2294,2015-11-04,139881.90348847248,158345.07387970525,-0.003545367230984753,-0.003545367230984642,2102.31005859375,1
2295,2015-11-05,139723.53641631472,158165.80375887078,-0.0011321483923817377,-0.0011321483923816267,2099.929931640625,1
2296,2015-11-06,139674.96553255722,158110.82194932157,-0.0003476213457178634,-0.0003476213457178634,2099.199951171875,1
2297,2015-11-09,138302.97614417135,156557.74213235985,-0.009822729385718598,-0.009822729385718598,2078.580078125,1
2298,2015-11-10,138511.89592209944,156794.23746768167,0.0015105949543001707,0.0015105949543003927,2081.719970703125,1
2299,2015-11-11,138064.76763600417,156288.09221422294,-0.003228085812548187,-0.003228085812548187,2075.0,1
2300,2015-11-12,136133.1896845153,154101.56310784625,-0.013990375564758906,-0.013990375564759128,2045.969970703125,1
2301,2015-11-13,134607.49537903463,152374.49068822418,-0.011207364706699474,-0.011207364706699252,2023.0400390625,1
2302,2015-11-16,136613.58658931803,154645.36814256143,0.014903265264943455,0.014903265264943455,2053.18994140625,1
2303,2015-11-17,136430.60918642694,154438.239345651,-0.0013393792481354305,-0.0013393792481355415,2050.43994140625,1
2304,2015-11-18,138635.66233124604,156934.33994492426,0.01616245179852549,0.016162451798525712,2083.580078125,1
2305,2015-11-19,138479.9593476957,156758.0855487607,-0.001123109169257841,-0.001123109169257841,2081.239990234375,1
2306,2015-11-20,139007.59509195221,157355.3645306896,0.003810195689989637,0.003810195689989637,2089.169921875,1
2307,2015-11-23,138835.94006564273,157161.05256363063,-0.0012348607728659422,-0.0012348607728660532,2086.590087890625,1
2308,2015-11-24,139005.59702549665,157353.1027371864,0.0012219959743400288,0.0012219959743398068,2089.139892578125,1
2309,2015-11-25,138987.64691628193,157332.7833727878,-0.00012913227667687988,-0.00012913227667676885,2088.8701171875,1
2310,2015-11-27,139070.15244089873,157426.17889476116,0.0005936176807606053,0.0005936176807606053,2090.110107421875,1
2311,2015-11-30,138424.72824241963,156695.56442753418,-0.004640997274763081,-0.004640997274763303,2080.409912109375,1
2312,2015-12-01,139903.1837084465,158369.16289994252,0.01068057336863748,0.01068057336863748,2102.6298828125,1
2313,2015-12-02,138364.85122652326,156627.78417669862,-0.010995693172566323,-0.01099569317256599,2079.510009765625,1
2314,2015-12-03,136376.06034774546,154376.4905441573,-0.014373526666261904,-0.014373526666262015,2049.6201171875,1
2315,2015-12-04,139175.2702297933,157545.17129930726,0.0205256690573854,0.0205256690573854,2091.68994140625,1
2316,2015-12-07,138202.50426589706,156444.0088574228,-0.006989502964787508,-0.006989502964787508,2077.070068359375,1
2317,2015-12-08,137305.58360509906,155428.7026258344,-0.0064899016523778386,-0.0064899016523777275,2063.590087890625,1
2318,2015-12-09,136242.9777506942,154225.842224849,-0.007738985017979982,-0.007738985017979982,2047.6199951171875,1
2319,2015-12-10,136549.71344051053,154573.06430471948,0.0022513871531610885,0.0022513871531610885,2052.22998046875,1
2320,2015-12-11,133897.5401318175,151570.82764627005,-0.019422767297482935,-0.019422767297482935,2012.3699951171875,1
2321,2015-12-14,134534.29792010112,152291.631814034,0.004755560017433824,0.004755560017433824,2021.93994140625,1
2322,2015-12-15,135962.85858028816,153908.7498088402,0.010618561082731848,0.010618561082731626,2043.4100341796875,1
2323,2015-12-16,137936.3553162373,156142.73060737128,0.014514969430300617,0.014514969430300617,2073.070068359375,1
2324,2015-12-17,135861.72067986202,153794.26260273543,-0.015040520909943789,-0.015040520909943567,2041.8900146484375,1
2325,2015-12-18,133443.75974642503,151057.15227541653,-0.01779722000676376,-0.01779722000676387,2005.550048828125,1
2326,2015-12-21,134481.73902565383,152232.13561176092,0.0077784025360287945,0.0077784025360287945,2021.1500244140625,1
2327,2015-12-22,135667.42902261068,153574.3261702561,0.008816736053143037,0.008816736053143037,2038.969970703125,1
2328,2015-12-23,137352.156422401,155481.4226418804,0.012418068300752871,0.01241806830075265,2064.2900390625,1
2329,2015-12-24,137132.58029004314,155232.8644078749,-0.001598636221499028,-0.001598636221498917,2060.989990234375,1
2330,2015-12-28,136833.82874382776,154894.68030773467,-0.00217855994238203,-0.002178559942382141,2056.5,1
2331,2015-12-29,138288.33990127317,156541.17403523484,0.010629762908764828,0.01062976290876505,2078.360107421875,1
2332,2015-12-30,137290.28134004906,155411.38059754166,-0.007217228595965852,-0.007217228595965963,2063.360107421875,1
2333,2015-12-31,135998.1171432298,153948.6621893173,-0.009411913095426883,-0.00941191309542666,2043.93994140625,1
2334,2016-01-04,133916.83852977867,151592.6732615692,-0.015303731089594375,-0.015303731089594375,2012.6600341796875,1
2335,2016-01-05,134186.3094679764,151897.71197317683,0.0020122259542274534,0.0020122259542272314,2016.7099609375,1
2336,2016-01-06,132426.40278723973,149905.5132224242,-0.013115396702646942,-0.013115396702647053,1990.260009765625,1
2337,2016-01-07,131965.60690624395,146352.68614875,-0.0034796375292025505,-0.023700443014411543,1943.0899658203125,0
2338,2016-01-08,131965.60690624395,144766.46094325572,0.0,-0.010838374390218508,1922.030029296875,0
2339,2016-01-11,131965.60690624395,144889.98612909074,0.0,0.0008532721255336551,1923.6700439453125,0
2340,2016-01-12,131965.60690624395,146020.53349795163,0.0,0.0078027985167561376,1938.6800537109375,0
2341,2016-01-13,131965.60690624395,142375.0648334718,0.0,-0.02496545230421965,1890.280029296875,0
2342,2016-01-14,131965.60690624395,144752.14544535134,0.0,0.016695905386662213,1921.8399658203125,0
2343,2016-01-15,131965.60690624395,141625.62966989915,0.0,-0.021599098001850003,1880.3299560546875,0
2344,2016-01-19,131965.60690624395,141700.94923241204,0.0,0.0005318215543925753,1881.3299560546875,0
2345,2016-01-20,131965.60690624395,140043.9188571287,0.0,-0.011693855152413501,1859.3299560546875,0
2346,2016-01-21,131965.60690624395,140771.50840540222,0.0,0.005195438361131455,1868.989990234375,0
2347,2016-01-22,131965.60690624395,143626.87559466457,0.0,0.02028370102449495,1906.9000244140625,0
2348,2016-01-25,131965.60690624395,141380.8410917323,0.0,-0.015637982053379074,1877.0799560546875,0
2349,2016-01-26,131965.60690624395,143380.57915416223,0.0,0.014144335590226431,1903.6300048828125,0
2350,2016-01-27,131965.60690624395,141822.96655591158,0.0,-0.010863483795639506,1882.949951171875,0
2351,2016-01-28,131965.60690624395,142607.04577606978,0.0,0.005528577205787588,1893.3599853515625,0
2352,2016-01-29,131965.60690624395,146138.0272344448,0.0,0.0247602174153414,1940.239990234375,0
2353,2016-02-01,131965.60690624395,146073.25351399765,0.0,-0.0004432365871699373,1939.3800048828125,0
2354,2016-02-02,131965.60690624395,143335.38925551102,0.0,-0.018743090830274922,1903.030029296875,0
2355,2016-02-03,131965.60690624395,144050.92509938337,0.0,0.004992038934619414,1912.530029296875,0
2356,2016-02-04,131965.60690624395,144270.85233758015,0.0,0.0015267325638141926,1915.449951171875,0
2357,2016-02-05,131965.60690624395,141604.5471800503,0.0,-0.018481246310869226,1880.050048828125,0
2358,2016-02-08,131965.60690624395,139600.28553061394,0.0,-0.014153935656373573,1853.43994140625,0
2359,2016-02-09,131965.60690624395,139507.6439398083,0.0,-0.0006636203533073592,1852.2099609375,0
2360,2016-02-10,131965.60690624395,139481.28393178532,0.0,-0.00018895027740817305,1851.8599853515625,0
2361,2016-02-11,131965.60690624395,137765.50209111412,0.0,-0.012301161792504844,1829.0799560546875,0
2362,2016-02-12,131965.60690624395,140454.41598939343,0.0,0.019518049565855344,1864.780029296875,0
2363,2016-02-16,131965.60690624395,142774.25299822056,0.0,0.01651665412216241,1895.5799560546875,0
2364,2016-02-17,131965.60690624395,145127.23539558027,0.0,0.01648043921048581,1926.8199462890625,0
2365,2016-02-18,131965.60690624395,144450.1132641321,0.0,-0.004665713707027619,1917.8299560546875,0
2366,2016-02-19,131965.60690624395,144446.35280257597,0.0,-2.603294293879177e-05,1917.780029296875,0
2367,2016-02-22,131965.60690624395,146534.20886880517,0.0,0.014454197186154039,1945.5,0
2368,2016-02-23,131965.60690624395,144709.21734020332,0.0,-0.012454371867771874,1921.27001953125,0
2369,2016-02-24,131965.60690624395,145351.69541506597,0.0,0.004439786812972857,1929.800048828125,0
2370,2016-02-25,131965.60690624395,147001.186478672,0.0,0.011348275359951865,1951.699951171875,0
2371,2016-02-26,131965.60690624395,146726.277430926,0.0,-0.0018701144822791393,1948.050048828125,0
2372,2016-02-29,131965.60690624395,145534.71680317406,0.0,-0.008120976341902342,1932.22998046875,0
2373,2016-03-01,131965.60690624395,149008.45465849672,0.0,0.023868791801894718,1978.3499755859375,0
2374,2016-03-02,131965.60690624395,149618.54127599453,0.0,0.004094308735004493,1986.449951171875,0
2375,2016-03-03,131965.60690624395,150142.01775202854,0.0,0.0034987406745823346,1993.4000244140625,0
2376,2016-03-04,131965.60690624395,150638.3710945893,0.0,0.0033058923144386743,1999.989990234375,0
2377,2016-03-07,131965.60690624395,150771.68819132232,0.0,0.0008850141950174084,2001.760009765625,0
2378,2016-03-08,131965.60690624395,149076.99803478253,0.0,-0.011240108649505198,1979.260009765625,0
2379,2016-03-09,131965.60690624395,149830.19365991134,0.0,0.005052393293786928,1989.260009765625,0
2380,2016-03-10,131965.60690624395,149853.5379432634,0.0,0.0001558049334504652,1989.5699462890625,0
2381,2016-03-11,131965.60690624395,152310.4617046622,0.0,0.01639550053418848,2022.18994140625,0
2382,2016-03-14,131965.60690624395,152118.40233682387,0.0,-0.001260972921287129,2019.6400146484375,0
2383,2016-03-15,131965.60690624395,151838.9697020715,0.0,-0.0018369416879203682,2015.9300537109375,0
2384,2016-03-16,131965.60690624395,152689.32131072978,0.0,0.005600351545632654,2027.219970703125,0
2385,2016-03-17,131965.60690624395,153696.34349375567,0.0,0.006595236486620859,2040.5899658203125,0
2386,2016-03-18,131965.60690624395,154373.47481948638,0.0,0.004405643688967897,2049.580078125,0
2387,2016-03-21,131965.60690624395,154525.6218068476,0.0,0.0009855772666846896,2051.60009765625,0
2388,2016-03-22,131965.60690624395,154390.0429166114,0.0,-0.00087738776683699,2049.800048828125,0
2389,2016-03-23,131965.60690624395,153404.1032234344,0.0,-0.006386031602501285,2036.7099609375,0
2390,2016-03-24,132058.19832286282,153346.10568921428,0.0007016329389872844,-0.0003780702927850266,2035.93994140625,1
2391,2016-03-28,132130.2037799474,153429.7184945722,0.0005452554858316194,0.0005452554858313974,2037.050048828125,1
2392,2016-03-29,133295.14977620158,154782.4548951331,0.008816651779288254,0.008816651779288476,2055.010009765625,1
2393,2016-03-30,133875.0257004422,155455.8073707426,0.004350315260639448,0.004350315260639226,2063.949951171875,1
2394,2016-03-31,133601.95288276768,155138.7149547338,-0.002039759217567161,-0.002039759217567161,2059.739990234375,1
2395,2016-04-01,134447.77550731137,156120.88499207216,0.006330915127310099,0.006330915127310099,2072.780029296875,1
2396,2016-04-04,134016.42370490843,155619.99886822246,-0.003208322345054193,-0.003208322345054082,2066.1298828125,1
2397,2016-04-05,132656.8951148723,154041.31297440547,-0.010144492387214266,-0.010144492387214377,2045.1700439453125,1
2398,2016-04-06,134050.80326227166,155659.9204429821,0.01050761926993915,0.010507619269939372,2066.659912109375,1
2399,2016-04-07,132445.4394587364,153795.77046507088,-0.011975786526204901,-0.011975786526205123,2041.9100341796875,1
2400,2016-04-08,132814.5089953127,154224.33436251356,0.0027865779152878023,0.0027865779152880243,2047.5999755859375,1
2401,2016-04-11,132450.62568860117,153801.7927201302,-0.0027397858070188352,-0.0027397858070189463,2041.989990234375,1
2402,2016-04-12,133730.38135361785,155287.84621742408,0.0096621337827838,0.0096621337827838,2061.719970703125,1
2403,2016-04-13,135073.0527171164,156846.95748372766,0.010040137102041102,0.01004013710204088,2082.419921875,1
2404,2016-04-14,135096.4105462784,156874.08061720093,0.00017292738034813127,0.0001729273803483533,2082.780029296875,1
2405,2016-04-15,134963.4371961269,156719.67183633652,-0.0009842848497144674,-0.0009842848497145784,2080.72998046875,1
2406,2016-04-18,135846.23645192027,157744.77917310543,0.006541025289023228,0.006541025289023228,2094.340087890625,1
2407,2016-04-19,136265.25215336235,158231.3406047682,0.0030844851678344387,0.0030844851678344387,2100.800048828125,1
2408,2016-04-20,136369.02425810727,158351.84087164977,0.0007615448773992117,0.0007615448773992117,2102.39990234375,1
2409,2016-04-21,135660.71986301648,157529.35713334996,-0.005194027008290192,-0.005194027008290081,2091.47998046875,1
2410,2016-04-22,135667.2125477327,157536.89644502726,4.785972478082989e-05,4.785972478082989e-05,2091.580078125,1
2411,2016-04-25,135421.37733423358,157251.43236093305,-0.0018120458796381245,-0.0018120458796382355,2087.7900390625,1
2412,2016-04-26,135674.9879335758,157545.925230475,0.0018727515871905798,0.0018727515871908018,2091.699951171875,1
2413,2016-04-27,135898.76385485614,157805.7740434314,0.0016493528003105329,0.0016493528003105329,2095.14990234375,1
2414,2016-04-28,134644.31382441634,156349.10547311397,-0.009230768513682652,-0.009230768513682541,2075.81005859375,1
2415,2016-04-29,133962.59776502932,155557.49613556103,-0.005063088369821722,-0.005063088369821722,2065.300048828125,1
2416,2016-05-02,135008.83848169132,156772.3918523825,0.007809946463542827,0.007809946463542605,2081.429931640625,1
2417,2016-05-03,133837.41563653725,155412.13452870937,-0.008676638198860775,-0.008676638198860664,2063.3701171875,1
2418,2016-05-04,133042.8377138026,154489.46988792662,-0.005936889314214433,-0.005936889314214433,2051.1201171875,1
2419,2016-05-05,133011.0393945095,154452.54564927286,-0.00023900812580002206,-0.0002390081258001331,2050.6298828125,1
2420,2016-05-06,133433.30143830972,154942.87673677428,0.0031746390805036384,0.0031746390805034164,2057.139892578125,1
2421,2016-05-09,133533.84303651287,155059.62573638227,0.0007534970439866395,0.0007534970439868616,2058.68994140625,1
2422,2016-05-10,135200.83191949493,156995.33481525021,0.012483643435067249,0.012483643435067027,2084.389892578125,1
2423,2016-05-11,133908.10672086218,155494.22108316678,-0.009561518078546216,-0.009561518078546216,2064.4599609375,1
2424,2016-05-12,133885.41399598817,155467.87026942632,-0.0001694649071644072,-0.0001694649071644072,2064.110107421875,1
2425,2016-05-13,132750.29475988762,154149.7687311684,-0.008478289025080521,-0.00847828902508041,2046.6099853515625,1
2426,2016-05-16,134050.80326227166,155659.9204429821,0.009796652464963085,0.009796652464963085,2066.659912109375,1
2427,2016-05-17,132789.211278644,154194.95862981962,-0.009411297455333645,-0.009411297455333756,2047.2099609375,1
2428,2016-05-18,132816.45680072758,154226.59615601675,0.00020517873267889009,0.00020517873267889009,2047.6300048828125,1
2429,2016-05-19,132324.14502316588,153654.9232509431,-0.003706707658226005,-0.003706707658226116,2040.0400390625,1
2430,2016-05-20,133120.6707513154,154579.84968522907,0.006019504059596059,0.006019504059596059,2052.320068359375,1
2431,2016-05-23,132843.0530543395,154257.47975104614,-0.0020854589704892845,-0.0020854589704891735,2048.0400390625,1
2432,2016-05-24,134660.52970039053,156367.9353637422,0.013681382686286048,0.013681382686286048,2076.06005859375,1
2433,2016-05-25,135599.75196994952,157458.56115784348,0.006974740643369559,0.006974740643369559,2090.5400390625,1
2434,2016-05-26,135571.2158288309,157425.42496359342,-0.00021044390350311026,-0.00021044390350322129,2090.10009765625,1
2435,2016-05-27,136152.39029001474,158100.2853015384,0.004286857336424754,0.004286857336424754,2099.06005859375,1
2436,2016-05-31,136015.52132903348,157941.3529336676,-0.0010052630048559275,-0.0010052630048558164,2096.949951171875,1
2437,2016-06-01,136169.90470293217,158120.6230545021,0.0011350423274503196,0.0011350423274503196,2099.330078125,1
2438,2016-06-02,136554.54084701106,158567.26291140524,0.0028246780734555443,0.0028246780734553223,2105.260009765625,1
2439,2016-06-03,136156.9193334997,158105.54443114746,-0.002911814656949563,-0.002911814656949452,2099.1298828125,1
2440,2016-06-06,136823.71805385582,158879.83174040765,0.004897281193053882,0.004897281193053882,2109.409912109375,1
2441,2016-06-07,137000.1448841569,159084.69874381486,0.0012894462510633087,0.0012894462510630866,2112.1298828125,1
2442,2016-06-08,137453.5559787786,159611.20013880235,0.0033095665337075086,0.0033095665337075086,2119.1201171875,1
2443,2016-06-09,137217.4439565374,159337.02663365906,-0.0017177585589539524,-0.0017177585589536193,2115.47998046875,1
2444,2016-06-10,135958.44904679625,157875.0805451675,-0.009175181182794367,-0.009175181182794367,2096.070068359375,1
2445,2016-06-13,134855.12021208063,156593.89405128083,-0.008115191387155773,-0.008115191387155773,2079.06005859375,1
2446,2016-06-14,134612.5313409396,156312.19962302526,-0.0017988851350954072,-0.0017988851350955182,2075.320068359375,1
2447,2016-06-15,134364.7483220256,156024.47374542785,-0.0018407128700850262,-0.0018407128700850262,2071.5,1
2448,2016-06-16,134785.71182888257,156513.29697059383,0.0031329906996742096,0.0031329906996742096,2077.989990234375,1
2449,2016-06-17,134346.58464063657,156003.38206129643,-0.0032579654199808017,-0.0032579654199809127,2071.219970703125,1
2450,2016-06-20,135126.8944928119,156909.47860495417,0.005808185256533038,0.00580818525653326,2083.25,1
2451,2016-06-21,135493.36695550173,157335.0267777259,0.002712061607464289,0.002712061607464289,2088.89990234375,1
2452,2016-06-22,135269.59103422138,157075.1779647695,-0.0016515636618126273,-0.0016515636618125162,2085.449951171875,1
2453,2016-06-23,137077.34448901442,159174.34299851465,0.01336407865930278,0.013364078659302558,2113.320068359375,1
2454,2016-06-24,132153.5536912012,153456.83243376293,-0.035919799994431734,-0.035919799994431734,2037.4100341796875,1
2455,2016-06-27,129762.036619246,150679.8005316844,-0.01809650217612291,-0.01809650217612302,2000.5400390625,1
2456,2016-06-28,132067.92943202896,153357.40546244773,0.017770165087259038,0.01777016508725926,2036.0899658203125,1
2457,2016-06-29,134317.39923104632,155969.49193587864,0.017032672570028273,0.01703267257002805,2070.77001953125,1
2458,2016-06-30,136139.42075639867,158085.22506674883,0.013565044705922347,0.013565044705922347,2098.860107421875,1
2459,2016-07-01,136404.70235241373,158393.27030874486,0.0019486023558874521,0.00194860235588723,2102.949951171875,1
2460,2016-07-05,135470.67423062772,157308.67596398544,-0.006847477437932237,-0.006847477437932126,2088.550048828125,1
2461,2016-07-06,136195.8437701643,158150.74352408122,0.005352963242081676,0.0053529632420818984,2099.72998046875,1
2462,2016-07-07,136077.13849057208,158012.90284034182,-0.0008715778419240428,-0.0008715778419240428,2097.89990234375,1
2463,2016-07-08,138152.77061526667,160423.12884075393,0.015253349296718177,0.015253349296717955,2129.89990234375,1
2464,2016-07-11,138623.6802869894,160969.94960014004,0.003408615474199461,0.0034086154741996832,2137.159912109375,1
2465,2016-07-12,139595.33430849673,162098.23517549774,0.007009293213798173,0.007009293213798173,2152.139892578125,1
2466,2016-07-13,139614.1472583574,162120.0807907969,0.00013476775533982632,0.00013476775533982632,2152.429931640625,1
2467,2016-07-14,140348.4065564967,162972.7033872409,0.00525920411762093,0.00525920411762093,2163.75,1
2468,2016-07-15,140218.03028023167,162821.3103310474,-0.0009289473209126431,-0.0009289473209128651,2161.739990234375,1
2469,2016-07-18,140552.07099097315,163209.1987225627,0.002382294987840705,0.002382294987840705,2166.889892578125,1
2470,2016-07-19,140350.35436191157,162974.9651807441,-0.0014351736522938419,-0.0014351736522937308,2163.780029296875,1
2471,2016-07-20,140949.69250448447,163670.91720282048,0.004270300173431885,0.004270300173431885,2173.02001953125,1
2472,2016-07-21,140440.50766456878,163079.65128166837,-0.003612528916297486,-0.003612528916297375,2165.169921875,1
2473,2016-07-22,141080.0687807495,163822.31025901396,0.004553964713003511,0.004553964713003289,2175.030029296875,1
2474,2016-07-25,140655.2096630628,163328.9634468416,-0.0030114751244343374,-0.0030114751244341154,2168.47998046875,1
2475,2016-07-26,140700.61094862723,163381.6834628876,0.0003227842443460638,0.00032278424434584174,2169.179931640625,1
2476,2016-07-27,140531.97533998563,163185.86363349317,-0.0011985421207814095,-0.0011985421207812985,2166.580078125,1
2477,2016-07-28,140757.69906668086,163447.97423995277,0.0016062090221755643,0.0016062090221753422,2170.06005859375,1
2478,2016-07-29,140987.3184042058,163714.6084334188,0.0016313092573088106,0.0016313092573088106,2173.60009765625,1
2479,2016-08-01,140808.29450001824,163506.72570534062,-0.0012697872845153224,-0.0012697872845154334,2170.840087890625,1
2480,2016-08-02,139912.5257106088,162466.55813378215,-0.006361619481225267,-0.006361619481225378,2157.030029296875,1
2481,2016-08-03,140351.0036303832,162975.71911191184,0.0031339432802559575,0.0031339432802559575,2163.7900390625,1
2482,2016-08-04,140380.83830844506,163010.36316849734,0.00021257188969192597,0.00021257188969170393,2164.25,1
2483,2016-08-05,141588.60435219356,164412.82224899836,0.008603496447961101,0.008603496447961101,2182.8701171875,1
2484,2016-08-08,141460.16004552704,164263.67259774302,-0.0009071655678378754,-0.0009071655678378754,2180.889892578125,1
2485,2016-08-09,141515.30035816578,164327.70158130498,0.0003897939364765346,0.0003897939364765346,2181.739990234375,1
2486,2016-08-10,141109.90345881137,163856.9543155995,-0.0028646859974036376,-0.0028646859974036376,2175.489990234375,1
2487,2016-08-11,141778.00071611072,164632.74948719516,0.004734588012062169,0.004734588012062169,2185.7900390625,1
2488,2016-08-12,141665.1388527631,164501.69418396533,-0.0007960463737501922,-0.0007960463737504142,2184.050048828125,1
2489,2016-08-15,142060.79672504318,164961.13248215488,0.0027929092187690685,0.0027929092187692905,2190.14990234375,1
2490,2016-08-16,141282.4346782827,164057.29773200033,-0.00547907701986905,-0.00547907701986905,2178.14990234375,1
2491,2016-08-17,141546.43357317089,164363.85350022596,0.001868589648029051,0.001868589648029051,2182.219970703125,1
2492,2016-08-18,141857.78155903835,164725.39107800077,0.0021996173129048557,0.0021996173129046337,2187.02001953125,1
2493,2016-08-19,141653.46785609028,164488.14181151125,-0.0014402713809749113,-0.0014402713809748002,2183.8701171875,1
2494,2016-08-22,141573.67117734626,164395.48183214053,-0.000563323157221185,-0.000563323157221185,2182.639892578125,1
2495,2016-08-23,141849.99033737887,164716.34390398802,0.0019517694055306567,0.0019517694055308787,2186.89990234375,1
2496,2016-08-24,141106.65711645325,163853.18465976082,-0.00524027685273476,-0.005240276852734871,2175.43994140625,1
2497,2016-08-25,140914.014410178,163629.48776572538,-0.0013652276243513173,-0.0013652276243513173,2172.469970703125,1
2498,2016-08-26,140691.5370258409,163371.14681510444,-0.0015788165944198296,-0.0015788165944198296,2169.0400390625,1
2499,2016-08-29,141427.07902510706,164225.25888531882,0.005228047221710774,0.005228047221710552,2180.3798828125,1
2500,2016-08-30,141150.7757008908,163904.41520203644,-0.0019536804841114863,-0.0019536804841113753,2176.1201171875,1
2501,2016-08-31,140815.4206173897,163515.00055962062,-0.0023758642617150993,-0.0023758642617150993,2170.949951171875,1
2502,2016-09-01,140809.59303696148,163508.2335676761,-4.1384533048027805e-05,-4.138453304813883e-05,2170.860107421875,1
2503,2016-09-02,141401.13995787493,164195.1384157397,0.004201041336424849,0.004201041336424627,2179.97998046875,1
2504,2016-09-06,141822.7527332035,164684.71557207342,0.0029816787577112702,0.0029816787577114923,2186.47998046875,1
2505,2016-09-07,141801.99197792797,164660.60816327107,-0.0001463852229308671,-0.0001463852229309781,2186.159912109375,1
2506,2016-09-08,141486.76421704717,164294.56538705493,-0.0022230136296665925,-0.0022230136296665925,2181.300048828125,1
2507,2016-09-09,138017.21602704504,160265.72272378366,-0.02452206896667508,-0.02452206896667508,2127.81005859375,1
2508,2016-09-12,140042.90198687383,162617.95118997566,0.014677052748490738,0.01467705274849096,2159.0400390625,1
2509,2016-09-13,137965.97132523602,160206.21732722808,-0.014830674258895837,-0.01483067425889606,2127.02001953125,1
2510,2016-09-14,137884.89194536515,160112.06787408696,-0.0005876766502063147,-0.0005876766502064257,2125.77001953125,1
2511,2016-09-15,139278.80801067268,161730.68453694612,0.010109273363029914,0.010109273363029914,2147.260009765625,1
2512,2016-09-16,138753.4072947828,161120.58872516578,-0.0037722947474508883,-0.0037722947474507773,2139.159912109375,1
2513,2016-09-19,138750.8260567127,161117.59138905993,-1.8603060785493675e-05,-1.8603060785493675e-05,2139.1201171875,1
2514,2016-09-20,138792.3317314474,161165.78781809955,0.0002991382171499968,0.0002991382171499968,2139.760009765625,1
2515,2016-09-21,140307.55015023364,162925.260889369,0.010917162352442222,0.010917162352442222,2163.1201171875,1
2516,2016-09-22,141219.51897980087,163984.23996299063,0.006499784427785427,0.006499784427785649,2177.179931640625,1
2517,2016-09-23,140409.37444956368,163043.4993627474,-0.005736774463543259,-0.005736774463543259,2164.68994140625,1
2518,2016-09-26,139203.5720470464,161643.32046431463,-0.00858776279891782,-0.008587762798917709,2146.10009765625,1
2519,2016-09-27,140100.6235375827,162684.97750964348,0.006444170055012188,0.006444170055011966,2159.929931640625,1
2520,2016-09-28,140842.67405738146,163546.64728010027,0.005296554012835797,0.005296554012835797,2171.3701171875,1
2521,2016-09-29,139529.8215361284,162022.16168181715,-0.009321411497187126,-0.009321411497187015,2151.1298828125,1
2522,2016-09-30,140641.59086097512,163313.1492808843,0.007967969231286176,0.007967969231285954,2168.27001953125,1
2523,2016-10-03,140183.0014543968,162780.63482512004,-0.0032606955294727236,-0.0032606955294725015,2161.199951171875,1
2524,2016-10-04,139488.31586139373,161973.96525277753,-0.0049555622707156965,-0.0049555622707156965,2150.489990234375,1
2525,2016-10-05,140087.65400396663,162669.9172748539,0.0042966906501935576,0.0042966906501935576,2159.72998046875,1
2526,2016-10-06,140155.11458174983,162748.25256203773,0.0004815597652974013,0.0004815597652974013,2160.77001953125,1
2527,2016-10-07,139699.122249058,162218.7538309444,-0.0032534833570119215,-0.0032534833570118105,2153.739990234375,1
2528,2016-10-10,140342.5631402521,162965.9180067313,0.004605905039596125,0.004605905039595903,2163.659912109375,1
2529,2016-10-11,138595.7934143424,160937.56733705773,-0.01244647159653256,-0.012446471596532227,2136.72998046875,1
2530,2016-10-12,138754.70583172605,161122.09658750126,0.001146589037580581,0.001146589037580359,2139.179931640625,1
2531,2016-10-13,138324.66840208275,160622.7367145521,-0.0030992637479613228,-0.0030992637479613228,2132.550048828125,1
2532,2016-10-14,138352.55527472976,160655.1189776344,0.00020160447857309194,0.00020160447857309194,2132.97998046875,1
2533,2016-10-17,137932.2410363444,160167.04968363617,-0.003037994040303249,-0.003037994040303138,2126.5,1
2534,2016-10-18,138781.95927171782,161153.7433079809,0.006160403318246077,0.006160403318246077,2139.60009765625,1
2535,2016-10-19,139086.16530439744,161506.98764291068,0.0021919710189710617,0.0021919710189708397,2144.2900390625,1
2536,2016-10-20,138894.82113506543,161284.79861121072,-0.0013757239543792377,-0.0013757239543791266,2141.340087890625,1
2537,2016-10-21,138883.13430257622,161271.22785019156,-8.414160005176807e-05,-8.414160005165705e-05,2141.159912109375,1
2538,2016-10-24,139542.80690556086,162037.24030517176,0.004749839541693168,0.004749839541692946,2151.330078125,1
2539,2016-10-25,139012.86131036963,161421.8669752173,-0.0037977277864984504,-0.0037977277864983394,2143.159912109375,1
2540,2016-10-26,138770.92170770024,161140.92647812946,-0.0017404116452881535,-0.0017404116452882645,2139.429931640625,1
2541,2016-10-27,138356.4508855595,160659.64256464082,-0.0029867267366989747,-0.0029867267366987527,2133.0400390625,1
2542,2016-10-28,137926.39762009983,160160.26430312658,-0.0031082993435223027,-0.003108299343522525,2126.409912109375,1
2543,2016-10-31,137909.532475654,160140.68048133064,-0.00012227640782935811,-0.00012227640782902505,2126.14990234375,1
2544,2016-11-01,136973.55654845314,159053.82434306803,-0.00678688347642753,-0.00678688347642753,2111.719970703125,1
2545,2016-11-02,136079.73556445856,158015.91856501275,-0.006525500297412501,-0.006525500297412501,2097.93994140625,1
2546,2016-11-03,135477.80034799917,157316.95081826544,-0.004423400838946101,-0.004423400838946101,2088.659912109375,1
2547,2016-11-04,135252.07662130395,157054.8402118058,-0.0016661307322337615,-0.0016661307322338725,2085.179931640625,1
2548,2016-11-07,138257.85709277118,160545.15535853602,0.0222235439673375,0.0222235439673375,2131.52001953125,1
2549,2016-11-08,138779.36219783133,161150.72758330998,0.0037719744542996647,0.0037719744542996647,2139.56005859375,1
2550,2016-11-09,140316.62407301998,162935.7975371522,0.011077020753253342,0.011077020753253342,2163.260009765625,1
2551,2016-11-10,140590.3461591661,163253.64388432872,0.0019507459501284519,0.0019507459501282298,2167.47998046875,1
2552,2016-11-11,140393.80784206113,163025.4234032869,-0.0013979503036607444,-0.0013979503036607444,2164.449951171875,1
2553,2016-11-14,140377.59196608694,163006.59351265867,-0.00011550278622285415,-0.00011550278622274313,2164.199951171875,1
2554,2016-11-15,141427.72829357866,164226.01281648656,0.007480797417763307,0.007480797417763307,2180.389892578125,1
2555,2016-11-16,141203.9523722983,163966.16400353014,-0.0015822634216101639,-0.0015822634216102749,2176.93994140625,1
2556,2016-11-17,141864.27424375457,164732.9303896781,0.004676369608375142,0.004676369608375142,2187.1201171875,1
2557,2016-11-18,141525.67281789536,164339.7460914236,-0.002386798421690095,-0.002386798421690206,2181.89990234375,1
2558,2016-11-21,142581.6525616317,165565.9507757611,0.0074614006258433285,0.0074614006258433285,2198.179931640625,1
2559,2016-11-22,142890.40347361265,165924.47262886498,0.002165432272904111,0.002165432272904111,2202.93994140625,1
2560,2016-11-23,143005.86241084675,166058.54365676572,0.0008080244329033981,0.0008080244329033981,2204.719970703125,1
2561,2016-11-25,143565.64268409985,166708.5610433057,0.003914386891670896,0.003914386891670896,2213.35009765625,1
2562,2016-11-28,142811.27189915665,165832.5849692271,-0.005254535631502799,-0.005254535631502799,2201.719970703125,1
2563,2016-11-29,143001.96680001702,166054.02006975934,0.0013352930642269722,0.0013352930642269722,2204.659912109375,1
2564,2016-11-30,142622.52480371113,165613.41166219802,-0.0026534040390964186,-0.0026534040390965297,2198.81005859375,1
2565,2016-12-01,142121.1311854549,165031.1929150587,-0.0035155289737458517,-0.0035155289737456297,2191.080078125,1
2566,2016-12-02,142177.55419922053,165096.71137239106,0.0003970065063161332,0.00039700650631591117,2191.949951171875,1
2567,2016-12-05,143005.21314237514,166057.78972559798,0.005821305253253195,0.005821305253253195,2204.7099609375,1
2568,2016-12-06,143492.98795854367,166624.19430678003,0.0034108883546986046,0.0034108883546988267,2212.22998046875,1
2569,2016-12-07,145381.82079320762,168817.5087936663,0.013163241364864797,0.013163241364864797,2241.35009765625,1
2570,2016-12-08,145695.75001714518,169182.04370754698,0.0021593430473270114,0.0021593430473272335,2246.18994140625,1
2571,2016-12-09,146561.03486002111,170186.8132913522,0.005938984786955759,0.005938984786955981,2259.530029296875,1
2572,2016-12-12,146394.331220978,169993.2368668959,-0.0011374349205593992,-0.0011374349205595102,2256.9599609375,1
2573,2016-12-13,147351.71717192602,171104.9543451286,0.006539774750587091,0.006539774750587091,2271.719970703125,1
2574,2016-12-14,146155.6379606667,169716.06602564672,-0.00811717185395111,-0.00811717185395111,2253.280029296875,1
2575,2016-12-15,146723.1936197629,170375.11219763441,0.0038832279549074755,0.0038832279549072535,2262.030029296875,1
2576,2016-12-16,146466.33667806257,170076.84967225383,-0.0017506226204834219,-0.0017506226204834219,2258.070068359375,1
2577,2016-12-19,146755.62537171124,170412.77197889084,0.001975120701520172,0.001975120701520172,2262.530029296875,1
2578,2016-12-20,147289.45074191582,171032.65050728663,0.0036375121488696482,0.0036375121488696482,2270.760009765625,1
2579,2016-12-21,146927.50732271097,170612.36146412394,-0.0024573614565177593,-0.0024573614565177593,2265.179931640625,1
2580,2016-12-22,146653.7852365648,170294.5151169474,-0.0018629737285676962,-0.0018629737285674741,2260.9599609375,1
2581,2016-12-23,146837.35402005375,170507.67536319967,0.0012517152775348706,0.0012517152775346485,2263.7900390625,1
2582,2016-12-27,147167.4991199655,170891.0401677086,0.0022483727122095676,0.0022483727122095676,2268.8798828125,1
2583,2016-12-28,145937.68961981457,169462.98420463482,-0.008356529175972738,-0.008356529175972627,2249.919921875,1
2584,2016-12-29,145894.88540813664,169413.27991325973,-0.000293304709629405,-0.00029330470962951605,2249.260009765625,1
2585,2016-12-30,145218.3634965226,168627.70202504864,-0.004637050227782158,-0.004637050227782047,2238.830078125,1
2586,2017-01-03,146450.77007056001,170058.77371279334,0.008486575281279274,0.008486575281279274,2257.830078125,1
2587,2017-01-04,147288.8014734442,171031.8965761189,0.005722273788525856,0.005722273788525856,2270.75,1
2588,2017-01-05,147175.29034162496,170900.08734172137,-0.0007706704833205791,-0.000770670483320357,2269.0,1
2589,2017-01-06,147692.89983585535,171501.13597948893,0.0035169592193697863,0.0035169592193697863,2276.97998046875,1
2590,2017-01-09,147168.79765690875,170892.54803004404,-0.0035485942758866074,-0.0035485942758867184,2268.89990234375,1
2591,2017-01-10,147168.79765690875,170892.54803004404,0.0,0.0,2268.89990234375,1
2592,2017-01-11,147585.23212028074,171376.11212560098,0.0028296382793233654,0.0028296382793235875,2275.320068359375,1
2593,2017-01-12,147268.6899866403,171008.54309848428,-0.0021448089967596173,-0.0021448089967597284,2270.43994140625,1
2594,2017-01-13,147541.11353584318,171324.88158332536,0.0018498402425362048,0.0018498402425362048,2274.639892578125,1
2595,2017-01-17,147103.28488454042,170816.47453636344,-0.0029675026899969037,-0.0029675026899969037,2267.889892578125,1
2596,2017-01-18,147362.73890012724,171117.75278641496,0.0017637540575008437,0.0017637540575008437,2271.889892578125,1
2597,2017-01-19,146830.8613353375,170500.13605152236,-0.003609308355419505,-0.003609308355419394,2263.68994140625,1
2598,2017-01-20,147325.12883622228,171074.07994438172,0.003366237154707852,0.0033662371547076297,2271.31005859375,1
2599,2017-01-23,146928.8058596542,170613.86932645942,-0.00269012475806929,-0.00269012475806929,2265.199951171875,1
2600,2017-01-24,147893.33376379008,171733.88004753715,0.006564593637664151,0.006564593637664151,2280.070068359375,1
2601,2017-01-25,149080.33905226307,173112.23171923583,0.008026090549617448,0.008026090549617448,2298.3701171875,1
2602,2017-01-26,148970.70769545718,172984.92768327962,-0.0007353844075136395,-0.0007353844075136395,2296.679931640625,1
2603,2017-01-27,148841.6299561354,172835.04248942158,-0.000866463892926217,-0.000866463892926328,2294.68994140625,1
2604,2017-01-30,147947.1597036692,171796.3827801986,-0.006009543517696114,-0.006009543517695892,2280.89990234375,1
2605,2017-01-31,147815.5007262773,171643.5002502347,-0.0008899054071440649,-0.0008899054071440649,2278.8701171875,1
2606,2017-02-01,147859.6034748985,171694.71240394525,0.0002983634896509546,0.00029836348965073256,2279.550048828125,1
2607,2017-02-02,147943.92919712747,171792.631512925,0.0005703094032933897,0.0005703094032936118,2280.85009765625,1
2608,2017-02-03,149018.7060549081,173040.66342399654,0.0072647580986480165,0.007264758098647794,2297.419921875,1
2609,2017-02-06,148703.47829402727,172674.6206477804,-0.002115356985885275,-0.002115356985885053,2292.56005859375,1
2610,2017-02-07,148737.2085829189,172713.7882913723,0.00022682918569616461,0.00022682918569594257,2293.080078125,1
2611,2017-02-08,148840.33141919214,172833.53462708613,0.000693322385539874,0.0006933223855400961,2294.669921875,1
2612,2017-02-09,149696.54233928176,173827.76756310818,0.005752546449780516,0.005752546449780516,2307.8701171875,1
2613,2017-02-10,150230.36770948634,174447.64609150396,0.003566050102845164,0.003566050102845164,2316.10009765625,1
2614,2017-02-13,151018.45294750476,175362.7714206094,0.005245845097992419,0.005245845097992419,2328.25,1
2615,2017-02-14,151623.63450632227,176065.50882319539,0.004007335176634763,0.004007335176634763,2337.580078125,1
2616,2017-02-15,152380.5865293356,176944.48223337985,0.004992308919898436,0.004992308919898214,2349.25,1
2617,2017-02-16,152248.9117161273,176791.58131485092,-0.0008641180363414547,-0.0008641180363412326,2347.219970703125,1
2618,2017-02-17,152504.4701208844,177088.33597789603,0.0016785565287558146,0.0016785565287558146,2351.159912109375,1
2619,2017-02-21,153426.82724599759,178159.37795020136,0.006048066160828425,0.006048066160828425,2365.3798828125,1
2620,2017-02-22,153260.78871124247,177966.57384547783,-0.001082200145408052,-0.0010822001454081631,2362.820068359375,1
2621,2017-02-23,153325.00294666755,178041.13947682298,0.00041898672168572126,0.00041898672168572126,2363.81005859375,1
2622,2017-02-24,153553.9730157209,178307.01973912126,0.0014933641914423035,0.0014933641914423035,2367.340087890625,1
2623,2017-02-27,153710.28835921804,178488.53326489386,0.0010179830611165563,0.0010179830611165563,2369.75,1
2624,2017-02-28,153313.96538264997,178028.32264697156,-0.0025783763780461433,-0.0025783763780461433,2363.639892578125,1
2625,2017-03-01,155410.35826262008,180462.656056186,0.013673854659866258,0.013673854659866258,2395.9599609375,1
2626,2017-03-02,154499.6721341797,179405.1664563348,-0.005859880503598425,-0.005859880503598314,2381.919921875,1
2627,2017-03-03,154577.52100750885,179495.56464220228,0.0005038772720600271,0.0005038772720600271,2383.1201171875,1
2628,2017-03-06,154070.93324147965,178907.3144457211,-0.0032772408480052917,-0.0032772408480051807,2375.31005859375,1
2629,2017-03-07,153622.06702615932,178386.09056890773,-0.0029133737680215877,-0.0029133737680216987,2368.389892578125,1
2630,2017-03-08,153271.16117097205,177978.61835559647,-0.0022842151650486198,-0.002284215165048842,2362.97998046875,1
2631,2017-03-09,153393.762061394,178120.98262634224,0.0007998953585612867,0.0007998953585612867,2364.8701171875,1
2632,2017-03-10,153895.15567965023,178703.2013734816,0.003268670195698986,0.003268670195698986,2372.60009765625,1
2633,2017-03-13,153951.57869341582,178768.71983081396,0.0003666328125562224,0.0003666328125562224,2373.469970703125,1
2634,2017-03-14,153431.37212529895,178164.65546837548,-0.0033790271755045342,-0.0033790271755045342,2365.449951171875,1
2635,2017-03-15,154716.3219380886,179656.7404150112,0.008374752796581175,0.008374752796581397,2385.260009765625,1
2636,2017-03-16,154464.64330834488,179364.49095040743,-0.0016267102694209612,-0.0016267102694208502,2381.3798828125,1
2637,2017-03-17,154261.62814234005,179128.74954625333,-0.0013143147950017697,-0.0013143147950018808,2378.25,1
2638,2017-03-20,153951.57869341582,178768.71983081396,-0.0020098935338485058,-0.0020098935338483948,2373.469970703125,1
2639,2017-03-21,152041.35167082114,176550.56239252273,-0.012407972940626788,-0.012407972940626788,2344.02001953125,1
2640,2017-03-22,152328.69255905494,176884.22290565656,0.0018898864359999656,0.0018898864360001877,2348.449951171875,1
2641,2017-03-23,152167.1830677848,176696.6779305421,-0.001060269661328106,-0.001060269661328106,2345.9599609375,1
2642,2017-03-24,152038.75459693462,176547.5466678518,-0.0008439958489141475,-0.0008439958489141475,2343.97998046875,1
2643,2017-03-27,151883.73779038072,176367.54100441464,-0.00101958745298103,-0.001019587452981252,2341.590087890625,1
2644,2017-03-28,152985.11881968146,177646.46570479812,0.007251474353500598,0.007251474353500598,2358.570068359375,1
2645,2017-03-29,153151.15735443658,177839.26980952162,0.001085324742930327,0.001085324742930105,2361.1298828125,1
2646,2017-03-30,153600.67283822855,178361.24761750273,0.002935109936855751,0.002935109936855751,2368.06005859375,1
2647,2017-03-31,153254.29602652625,177959.03453380053,-0.002255047489714501,-0.002255047489714501,2362.719970703125,1
2648,2017-04-03,153002.6332325989,177666.8034577618,-0.0016421255420063785,-0.0016421255420062675,2358.840087890625,1
2649,2017-04-04,153088.24165595474,177766.21204051195,0.0005595225490382383,0.0005595225490382383,2360.159912109375,1
2650,2017-04-05,152620.57832659013,177223.1609369645,-0.0030548611983906016,-0.0030548611983907126,2352.949951171875,1
2651,2017-04-06,152915.06116801177,177565.11469294337,0.001929509405943275,0.001929509405943275,2357.489990234375,1
2652,2017-04-07,152788.5805025765,177418.24522375627,-0.0008271302020166349,-0.0008271302020167459,2355.5400390625,1
2653,2017-04-10,152893.65114426462,177540.25335297332,0.0006876864837837005,0.0006876864837839225,2357.159912109375,1
2654,2017-04-11,152674.42010228563,177285.682058191,-0.001433879303282093,-0.001433879303282204,2353.780029296875,1
2655,2017-04-12,152100.37175847322,176619.09657452602,-0.003759951034546738,-0.003759951034546627,2344.929931640625,1
2656,2017-04-13,151063.8542330692,175415.4914366554,-0.006814694227374796,-0.006814694227375018,2328.949951171875,1
2657,2017-04-17,152365.01992183304,176926.40627391936,0.008613348940219145,0.008613348940219367,2349.010009765625,1
2658,2017-04-18,151922.64639122892,176412.72170878333,-0.0029033798625895946,-0.0029033798625895946,2342.18994140625,1
2659,2017-04-19,151661.89383869886,176109.93559639636,-0.0017163507793207522,-0.0017163507793207522,2338.169921875,1
2660,2017-04-20,152808.04272090876,177440.84477022316,0.007557263417987459,0.007557263417987681,2355.840087890625,1
2661,2017-04-21,152344.2591665575,176902.29886511705,-0.0030350729326357184,-0.0030350729326357184,2348.68994140625,1
2662,2017-04-24,153995.681442037,178819.9319845245,0.01084006896297951,0.010840068962979288,2374.14990234375,1
2663,2017-04-25,154933.62101046913,179909.06830485538,0.006090687476747014,0.006090687476746792,2388.610107421875,1
2664,2017-04-26,154858.36921102647,179821.6858436588,-0.00048570348354259885,-0.00048570348354259885,2387.449951171875,1
2665,2017-04-27,154943.9934701987,179921.11281497404,0.0005529198041311911,0.0005529198041311911,2388.77001953125,1
2666,2017-04-28,154647.56282336218,179576.89726549195,-0.001913147068160037,-0.0019131470681602591,2384.199951171875,1
2667,2017-05-01,154915.4573290801,179887.976620724,0.0017322905115801923,0.0017322905115801923,2388.330078125,1
2668,2017-05-02,155099.65954522425,180101.8724095789,0.0011890499458222514,0.0011890499458220294,2391.169921875,1
2669,2017-05-03,154902.47195964764,179872.89799736935,-0.0012713605313822152,-0.0012713605313821041,2388.1298828125,1
2670,2017-05-04,154992.64109812124,179977.6024868587,0.0005821026438952437,0.0005821026438950216,2389.52001953125,1
2671,2017-05-05,155626.35879805736,180713.47608369472,0.0040886954080285864,0.0040886954080285864,2399.2900390625,1
2672,2017-05-08,155632.18637848558,180720.24307563924,3.744597299082386e-05,3.744597299082386e-05,2399.3798828125,1
2673,2017-05-09,155472.62469263028,180534.95989402797,-0.0010252486299154873,-0.0010252486299153762,2396.919921875,1
2674,2017-05-10,155648.40225445974,180739.07296626744,0.0011306013658478609,0.0011306013658478609,2399.6298828125,1
2675,2017-05-11,155311.76446983177,180348.16885008122,-0.002162809124616749,-0.00216280912461686,2394.43994140625,1
2676,2017-05-12,155082.14513230682,180081.53465661523,-0.0014784413679722608,-0.0014784413679721498,2390.89990234375,1
2677,2017-05-15,155822.89711516234,180941.69656473654,0.004776513648450997,0.004776513648450997,2402.320068359375,1
2678,2017-05-16,155715.86283224294,180817.40825345126,-0.0006868970151433507,-0.0006868970151433507,2400.669921875,1
2679,2017-05-17,152885.2264899499,177530.47063635787,-0.018178214414433458,-0.018178214414433458,2357.030029296875,1
2680,2017-05-18,153448.88653821635,178184.99322133916,0.003686818283279214,0.003686818283279214,2365.719970703125,1
2681,2017-05-19,154487.35186903528,179390.86015271296,0.006767499942466504,0.006767499942466504,2381.72998046875,1
2682,2017-05-22,155284.5268656564,180316.54051816664,0.0051601311497455615,0.0051601311497455615,2394.02001953125,1
2683,2017-05-23,155569.91994847535,180647.93923779728,0.001837871992654172,0.001837871992654172,2398.419921875,1
2684,2017-05-24,155957.15316644072,181097.59481937136,0.002489126548973042,0.002489126548973042,2404.389892578125,1
2685,2017-05-25,156649.90678984532,181902.02098677575,0.004441948377098548,0.00444194837709877,2415.070068359375,1
2686,2017-05-26,156698.55441776785,181958.5106586604,0.00031054999597146526,0.00031054999597146526,2415.820068359375,1
2687,2017-05-30,156509.79148650597,181739.3189630663,-0.0012046245861249139,-0.0012046245861250249,2412.909912109375,1
2688,2017-05-31,156437.8018652378,181655.7245462734,-0.00045996880185217304,-0.00045996880185228406,2411.800048828125,1
2689,2017-06-01,157622.2100798243,183031.0604933012,0.007571112611303388,0.00757111261130361,2430.06005859375,1
2690,2017-06-02,158206.63088336628,183709.69048708482,0.0037077313104925125,0.0037077313104922904,2439.070068359375,1
2691,2017-06-05,158013.98817709103,183485.99359304938,-0.001217665183814387,-0.001217665183814387,2436.10009765625,1
2692,2017-06-06,157574.860988845,182976.07868375198,-0.0027790399654610276,-0.0027790399654609166,2429.330078125,1
2693,2017-06-07,157821.978903471,183263.0322416166,0.0015682572275503848,0.0015682572275503848,2433.139892578125,1
2694,2017-06-08,157864.1496824937,183312.00099038903,0.0002672047284904,0.0002672047284904,2433.7900390625,1
2695,2017-06-09,157733.12413775703,183159.8540030278,-0.0008299892344157955,-0.0008299892344156845,2431.77001953125,1
2696,2017-06-12,157578.74076385837,182980.5838821933,-0.0009787631782645079,-0.000978763178264619,2429.389892578125,1
2697,2017-06-13,158289.658068652,183806.10173372913,0.00451150517733212,0.004511505177332342,2440.35009765625,1
2698,2017-06-14,158132.02835239522,183623.06195705596,-0.0009958307964024193,-0.0009958307964026414,2437.919921875,1
2699,2017-06-15,157777.87615484983,183211.82008790606,-0.0022395981461527104,-0.0022395981461527104,2432.4599609375,1
2700,2017-06-16,157822.62817194263,183263.78617278434,0.0002836393681004967,0.0002836393681004967,2433.14990234375,1
2701,2017-06-19,159140.00973668066,184793.53090067653,0.008347228657875183,0.008347228657875183,2453.4599609375,1
2702,2017-06-20,158074.30680168635,183556.03563738815,-0.006696637362016422,-0.006696637362016311,2437.030029296875,1
2703,2017-06-21,157982.2056936143,183449.0877429607,-0.0005826443900690537,-0.0005826443900691647,2435.610107421875,1
2704,2017-06-22,157910.20023652972,183365.47493760276,-0.00045578207221774747,-0.00045578207221763645,2434.5,1
2705,2017-06-23,158156.6847185005,183651.69295286472,0.0015609155178168965,0.0015609155178168965,2438.300048828125,1
2706,2017-06-26,158206.63088336628,183709.69048708482,0.000315801794623205,0.000315801794623205,2439.070068359375,1
2707,2017-06-27,156929.4564564197,182226.6343258968,-0.00807282488613359,-0.008072824886133478,2419.3798828125,1
2708,2017-06-28,158311.7015250544,183831.69861630184,0.008808066374833778,0.008808066374833778,2440.68994140625,1
2709,2017-06-29,156950.2172116952,182250.74173469914,-0.008600023246820632,-0.00860002324682052,2419.699951171875,1
2710,2017-06-30,157190.8582774214,182530.1743694515,0.0015332318107059706,0.0015332318107057485,2423.409912109375,1
2711,2017-07-03,157554.10023356948,182951.97127494967,0.002310833849555216,0.002310833849555438,2429.010009765625,1
2712,2017-07-05,157783.0703026228,183217.85153724792,0.001453279024245413,0.001453279024245413,2432.5400390625,1
2713,2017-07-06,156304.82851508626,181501.315765409,-0.009368823820586791,-0.009368823820586902,2409.75,1
2714,2017-07-07,157305.66794618385,182663.4914661845,0.006403125486305727,0.006403125486305505,2425.179931640625,1
2715,2017-07-10,157451.61082995145,182832.9604818385,0.0009277662125786179,0.00092776621257884,2427.429931640625,1
2716,2017-07-11,157328.37650687425,182689.86066849003,-0.0007826806116978391,-0.0007826806116979501,2425.530029296875,1
2717,2017-07-12,158477.75589562592,184024.52110959045,0.007305607635895495,0.007305607635895495,2443.25,1
2718,2017-07-13,158774.83581093408,184369.49059024025,0.0018745843139260643,0.0018745843139260643,2447.830078125,1
2719,2017-07-14,159516.87049491645,185231.14197213197,0.004673503078699293,0.004673503078699293,2459.27001953125,1
2720,2017-07-17,159508.43000478536,185221.34086695145,-5.291283677333336e-05,-5.291283677344438e-05,2459.139892578125,1
2721,2017-07-18,159603.79329103194,185332.07680578265,0.0005978573436131729,0.0005978573436131729,2460.610107421875,1
2722,2017-07-19,160461.2869122484,186327.7992155751,0.005372639356088893,0.005372639356088893,2473.830078125,1
2723,2017-07-20,160436.63054614313,186299.16821976635,-0.0001536592818102145,-0.0001536592818102145,2473.449951171875,1
2724,2017-07-21,160377.61045849105,186230.63403776305,-0.00036787164783491644,-0.00036787164783502746,2472.5400390625,1
2725,2017-07-24,160207.01120861818,186032.53402630036,-0.0010637348279798342,-0.0010637348279796122,2469.909912109375,1
2726,2017-07-25,160675.32380645443,186576.33906101555,0.002923171678338221,0.002923171678338221,2477.1298828125,1
2727,2017-07-26,160720.74092783523,186629.07746562661,0.0002826639480466575,0.0002826639480466575,2477.830078125,1
2728,2017-07-27,160564.4097485217,186447.54555128893,-0.0009726882691745153,-0.0009726882691745153,2475.419921875,1
2729,2017-07-28,160349.0743173724,186197.497843513,-0.001341115577770613,-0.001341115577770613,2472.10009765625,1
2730,2017-07-31,160232.31684319506,186061.91895327682,-0.0007281456077897763,-0.0007281456077896653,2470.300048828125,1
2731,2017-08-01,160624.7442089334,186517.60598419275,0.0024491149692504877,0.0024491149692504877,2476.35009765625,1
2732,2017-08-02,160703.87578338943,186609.49364383065,0.0004926487188865458,0.0004926487188865458,2477.570068359375,1
2733,2017-08-03,160352.95409238577,186202.00304195433,-0.002183654185644368,-0.002183654185644257,2472.159912109375,1
2734,2017-08-04,160655.87742393854,186553.75790311373,0.0018891035295691694,0.0018891035295691694,2476.830078125,1
2735,2017-08-07,160920.50975148194,186861.04921394202,0.001647199789927889,0.001647199789928111,2480.909912109375,1
2736,2017-08-08,160531.97799657335,186409.88577003247,-0.0024144327873968363,-0.0024144327873970584,2474.919921875,1
2737,2017-08-09,160473.60717739284,186342.10551919692,-0.0003636086710508968,-0.00036360867105067474,2474.02001953125,1
2738,2017-08-10,158150.8413022559,183644.90757235512,-0.014474441722801656,-0.014474441722801767,2438.2099609375,1
2739,2017-08-11,158352.57376713384,183879.1595027388,0.0012755699762128092,0.0012755699762128092,2441.320068359375,1
2740,2017-08-14,159943.0281495464,185725.9966466398,0.010043754544535544,0.010043754544535544,2465.840087890625,1
2741,2017-08-15,159863.24730661875,185633.35505583417,-0.0004988078808476626,-0.0004988078808476626,2464.610107421875,1
2742,2017-08-16,160090.26957025722,185896.97352462923,0.0014201029158569245,0.0014201029158567025,2468.110107421875,1
2743,2017-08-17,157618.96373746617,183027.29083746253,-0.01543695216095875,-0.015436952160958639,2430.010009765625,1
2744,2017-08-18,157329.6750438175,182691.3685308255,-0.0018353673110712565,-0.0018353673110712565,2425.550048828125,1
2745,2017-08-21,157512.5945588348,182903.77484591005,0.001162651069903653,0.001162651069903653,2428.3701171875,1
2746,2017-08-22,159078.39257514206,184721.9809940023,0.00994077978775465,0.00994077978775465,2452.510009765625,1
2747,2017-08-23,158529.00059743493,184084.02650614604,-0.0034535927149730306,-0.0034535927149730306,2444.0400390625,1
2748,2017-08-24,158200.13819865003,183702.15117540752,-0.0020744620703185834,-0.0020744620703185834,2438.969970703125,1
2749,2017-08-25,158464.78636200985,184009.4608748009,0.0016728693563308195,0.0016728693563308195,2443.050048828125,1
2750,2017-08-28,158541.970131051,184099.0867409356,0.00048707205438569545,0.00048707205438569545,2444.239990234375,1
2751,2017-08-29,158675.59274967414,184254.24945296775,0.00084282173680994,0.000842821736810162,2446.300048828125,1
2752,2017-08-30,159407.90424239857,185104.61025590854,0.004615148933961866,0.004615148933961866,2457.590087890625,1
2753,2017-08-31,160319.8730719658,186163.58932953016,0.005720976220730423,0.005720976220730423,2471.64990234375,1
2754,2017-09-01,160637.71374254947,186532.6662189823,0.001982540682532896,0.001982540682532896,2476.550048828125,1
2755,2017-09-05,159424.76938684436,185124.1940777045,-0.007550806889900508,-0.007550806889900508,2457.85009765625,1
2756,2017-09-06,159923.5659312141,185703.3971001729,0.0031287267736885838,0.0031287267736883617,2465.5400390625,1
2757,2017-09-07,159895.0297900955,185670.26090592286,-0.00017843612323453772,-0.00017843612323464875,2465.10009765625,1
2758,2017-09-08,159656.96996243944,185393.82560727635,-0.001488850703918465,-0.001488850703918465,2461.429931640625,1
2759,2017-09-11,161387.53964819133,187403.3647748868,0.01083929931877714,0.010839299318777362,2488.110107421875,1
2760,2017-09-12,161930.43894118225,188033.77995106575,0.0033639480109455278,0.0033639480109453057,2496.47998046875,1
2761,2017-09-13,162053.0398316042,188176.14422181153,0.0007571207193879381,0.0007571207193879381,2498.3701171875,1
2762,2017-09-14,161874.66519588826,187969.01542490112,-0.0011007176162897148,-0.0011007176162896037,2495.6201171875,1
2763,2017-09-15,162173.67708079488,188316.22831048907,0.0018471814878799897,0.0018471814878802117,2500.22998046875,1
2764,2017-09-18,162409.78910303608,188590.40181563236,0.0014559207541651187,0.0014559207541648966,2503.8701171875,1
2765,2017-09-19,162590.0957083505,188799.7740174809,0.0011101954279371107,0.0011101954279371107,2506.64990234375,1
2766,2017-09-20,162693.23438044015,188919.5387417598,0.0006343478158390425,0.0006343478158390425,2508.239990234375,1
2767,2017-09-21,162197.68417842852,188344.10537513005,-0.0030459176984141134,-0.0030459176984141134,2500.60009765625,1
2768,2017-09-22,162302.75482011668,188466.11350434707,0.0006477937229520947,0.0006477937229520947,2502.219970703125,1
2769,2017-09-25,161942.10993785507,188047.33232351986,-0.002222050282888355,-0.002222050282888355,2496.659912109375,1
2770,2017-09-26,161953.79677034426,188060.90308453902,7.216672978804795e-05,7.216672978804795e-05,2496.840087890625,1
2771,2017-09-27,162615.4013429274,188829.15894445736,0.004085143947080816,0.004085143947080816,2507.0400390625,1
2772,2017-09-28,162811.29039156073,189056.62549433147,0.00120461559615892,0.001204615596159142,2510.06005859375,1
2773,2017-09-29,163414.5241449634,189757.10110341426,0.0037051100814438076,0.0037051100814438076,2519.360107421875,1
2774,2017-10-02,164047.59257642788,190492.22076908255,0.003874003457017716,0.003874003457017716,2529.1201171875,1
2775,2017-10-03,164401.74477397327,190903.46263823245,0.0021588381272976687,0.0021588381272976687,2534.580078125,1
2776,2017-10-04,164606.70774539295,191141.46583588974,0.0012467201713792786,0.0012467201713795006,2537.739990234375,1
2777,2017-10-05,165536.206823694,192220.8010510401,0.005646787369921524,0.005646787369921302,2552.070068359375,1
2778,2017-10-06,165358.4814564497,192014.42618529743,-0.0010736344069645076,-0.0010736344069643966,2549.330078125,1
2779,2017-10-09,165060.1030041983,191667.94884231215,-0.0018044339160794287,-0.0018044339160794287,2544.72998046875,1
2780,2017-10-10,165443.4406113339,192113.08083687985,0.002322412261707374,0.002322412261707374,2550.639892578125,1
2781,2017-10-11,165741.8190635853,192459.5581798651,0.0018035072962026,0.001803507296202378,2555.239990234375,1
2782,2017-10-12,165462.25356119458,192134.92645217897,-0.0016867529508860502,-0.0016867529508860502,2550.929931640625,1
2783,2017-10-13,165607.54717649054,192303.64153666524,0.0008781073155288421,0.0008781073155288421,2553.169921875,1
2784,2017-10-16,165897.48513861085,192640.31777447,0.0017507533144689447,0.0017507533144689447,2557.639892578125,1
2785,2017-10-17,166009.0643008316,192769.8836039294,0.0006725789853145869,0.0006725789853143649,2559.360107421875,1
2786,2017-10-18,166132.29862390878,192912.98341727784,0.0007423349056039363,0.0007423349056041584,2561.260009765625,1
2787,2017-10-19,166186.78966807591,192976.2584696721,0.00032799789456050554,0.00032799789456050554,2562.10009765625,1
2788,2017-10-20,167037.14133610457,193963.6876366195,0.0051168427389869375,0.0051168427389869375,2575.2099609375,1
2789,2017-10-23,166373.58895810656,193193.16998319793,-0.003972484039719282,-0.003972484039719282,2564.97998046875,1
2790,2017-10-24,166642.76616495135,193505.73881220035,0.001617908278173763,0.001617908278173541,2569.1298828125,1
2791,2017-10-25,165865.7026551341,192603.41192438127,-0.004663049754275339,-0.004663049754275228,2557.14990234375,1
2792,2017-10-26,166076.50904279843,192848.20050254813,0.001270946219078306,0.001270946219078306,2560.39990234375,1
2793,2017-10-27,167417.24843669846,194405.06836391357,0.00807302249804942,0.00807302249804942,2581.070068359375,1
2794,2017-10-30,166882.77379802227,193784.43590435007,-0.00319247057078631,-0.00319247057078631,2572.830078125,1
2795,2017-10-31,167040.38767846266,193967.45729245813,0.0009444586571358826,0.0009444586571358826,2575.260009765625,1
2796,2017-11-01,167306.33437876572,194276.27485418698,0.0015921101716729336,0.0015921101716729336,2579.360107421875,1
2797,2017-11-02,167338.11686224243,194313.18070427567,0.00018996581088659426,0.00018996581088659426,2579.85009765625,1
2798,2017-11-03,167856.37562494446,194914.98327321096,0.0030970753849743904,0.0030970753849743904,2587.840087890625,1
2799,2017-11-06,168069.76325067887,195162.76918748367,0.0012712512404724485,0.0012712512404722265,2591.1298828125,1
2800,2017-11-07,168037.98076720213,195125.86333739499,-0.00018910292286977715,-0.00018910292286966612,2590.639892578125,1
2801,2017-11-08,168280.56963834315,195407.55776565053,0.001443655000098465,0.001443655000098465,2594.3798828125,1
2802,2017-11-09,167647.51704269505,194672.45648854732,-0.003761887644001982,-0.003761887644001982,2584.6201171875,1
2803,2017-11-10,167497.0292796261,194497.7099547192,-0.000897643852551866,-0.000897643852551866,2582.300048828125,1
2804,2017-11-13,167661.78511325436,194689.02458567233,0.0009836343625726496,0.0009836343625726496,2584.840087890625,1
2805,2017-11-14,167274.55189528898,194239.36900409826,-0.0023096092988859063,-0.0023096092988857952,2578.8701171875,1
2806,2017-11-15,166350.24696476094,193166.06523828974,-0.005525675723266232,-0.005525675723266343,2564.6201171875,1
2807,2017-11-16,167713.66324771862,194749.26552483058,0.008196058063241196,0.008196058063241196,2585.639892578125,1
2808,2017-11-17,167273.25335834574,194237.86114176278,-0.0026259630899742037,-0.0026259630899742037,2578.85009765625,1
2809,2017-11-20,167486.64098408015,194485.64705603552,0.0012756828808564435,0.0012756828808564435,2582.139892578125,1
2810,2017-11-21,168582.19443295267,195757.80476447448,0.006541139295859866,0.006541139295859866,2599.030029296875,1
2811,2017-11-22,168455.71376751736,195610.93529528737,-0.0007502611166069206,-0.0007502611166069206,2597.080078125,1
2812,2017-11-24,168802.0747434033,196013.1299904245,0.002056095148924131,0.0020560951489239088,2602.419921875,1
2813,2017-11-27,168737.21123950658,195937.8104279116,-0.0003842577408798009,-0.0003842577408796899,2601.419921875,1
2814,2017-11-28,170399.02181053205,197867.5064460028,0.00984851271879017,0.00984851271879017,2627.0400390625,1
2815,2017-11-29,170336.1061120502,197794.4486769931,-0.000369225702197995,-0.000369225702197995,2626.070068359375,1
2816,2017-11-30,171731.320714301,199414.57320218772,0.008190950433802913,0.008190950433802913,2647.580078125,1
2817,2017-12-01,171383.64536565545,199010.85225615007,-0.002024530803113933,-0.002024530803113933,2642.219970703125,1
2818,2017-12-04,171203.32292452463,198801.46166573645,-0.0010521566439206653,-0.0010521566439206653,2639.43994140625,1
2819,2017-12-05,170563.12837568868,198058.0671457882,-0.0037393815604745972,-0.0037393815604745972,2629.570068359375,1
2820,2017-12-06,170543.6661573564,198035.4675993213,-0.0001141056599841539,-0.00011410565998437594,2629.27001953125,1
2821,2017-12-07,171043.76123866937,198616.17848412518,0.0029323579853826054,0.0029323579853828274,2636.97998046875,1
2822,2017-12-08,171985.58058211484,199709.82000289738,0.005506306319651655,0.005506306319651655,2651.5,1
2823,2017-12-11,172536.2710967652,200349.28235308913,0.003201957471006933,0.0032019574710071552,2659.989990234375,1
2824,2017-12-12,172803.5163340115,200659.60777715343,0.001548922064604108,0.001548922064604108,2664.110107421875,1
2825,2017-12-13,172721.787685669,200564.70439284458,-0.0004729570906678582,-0.0004729570906679692,2662.85009765625,1
2826,2017-12-14,172018.66160253482,199748.23371532158,-0.004070859227173873,-0.004070859227173873,2652.010009765625,1
2827,2017-12-15,173562.41616243968,201540.8429808411,0.008974343513216354,0.008974343513216354,2675.81005859375,1
2828,2017-12-18,174493.19794186758,202621.66766976187,0.005362807225250732,0.005362807225250732,2690.159912109375,1
2829,2017-12-19,173929.53789360114,201967.14508478055,-0.0032302694598687065,-0.0032302694598688175,2681.469970703125,1
2830,2017-12-20,173785.54281524842,201799.93786262977,-0.0008278931807477186,-0.0008278931807477186,2679.25,1
2831,2017-12-21,174130.62109000748,202200.64308399652,0.0019856558213584563,0.0019856558213586784,2684.570068359375,1
2832,2017-12-22,174050.84024707985,202108.00149319088,-0.00045816664770514937,-0.0004581666477052604,2683.340087890625,1
2833,2017-12-26,173866.6221951193,201894.08731577088,-0.001058415183167405,-0.0010584151831672939,2680.5,1
2834,2017-12-27,174004.1404245722,202053.7736148094,0.0007909409391906319,0.0007909409391904099,2682.6201171875,1
2835,2017-12-28,174323.26379628273,202424.33997803196,0.0018339987251561052,0.0018339987251561052,2687.5400390625,1
2836,2017-12-29,173419.7196210302,201375.14362102578,-0.005183153157965359,-0.005183153157965248,2673.610107421875,1
2837,2018-01-02,174859.6862403738,203047.23423109867,0.008303361477520088,0.008303361477520088,2695.81005859375,1
2838,2018-01-03,175978.58168259196,204346.49668444582,0.006398818768781567,0.006398818768781567,2713.06005859375,1
2839,2018-01-04,176687.5353461544,205169.73435391334,0.004028636080504189,0.004028636080503745,2723.989990234375,1
2840,2018-01-05,177930.31437992136,206612.85055177668,0.007033767443369365,0.007033767443369587,2743.14990234375,1
2841,2018-01-08,178226.09575828628,206956.31217009103,0.0016623439316436617,0.0016623439316436617,2747.7099609375,1
2842,2018-01-09,178458.31216969772,207225.96208822794,0.0013029315960910726,0.0013029315960910726,2751.2900390625,1
2843,2018-01-10,178259.82604717786,206995.47981368293,-0.0011122268282528491,-0.0011122268282527381,2748.22998046875,1
2844,2018-01-11,179513.64264496244,208451.4128413977,0.007033646478779465,0.007033646478779243,2767.56005859375,1
2845,2018-01-12,180725.2884637243,209858.37712034004,0.006749602987881076,0.006749602987881076,2786.239990234375,1
2846,2018-01-16,180088.32442143006,209118.73386766535,-0.003524487622672101,-0.003524487622672101,2776.419921875,1
2847,2018-01-17,181783.86528134713,211087.59752934845,0.009415051560751175,0.009415051560751397,2802.56005859375,1
2848,2018-01-18,181490.0317083971,210746.3977045373,-0.0016163897301626484,-0.0016163897301627594,2798.030029296875,1
2849,2018-01-19,182285.90816807497,211670.57020765552,0.004385235112838837,0.004385235112838837,2810.300048828125,1
2850,2018-01-22,183756.35873395205,213378.05880548165,0.008066726499347698,0.008066726499347698,2832.969970703125,1
2851,2018-01-23,184155.91221706185,213842.02069067757,0.0021743654797181655,0.0021743654797181655,2839.1298828125,1
2852,2018-01-24,184052.78938078857,213722.27435496374,-0.0005599757022828333,-0.0005599757022828333,2837.5400390625,1
2853,2018-01-25,184163.7034387213,213851.06786469033,0.0006026209018938911,0.0006026209018938911,2839.25,1
2854,2018-01-26,186344.4220409204,216383.32038288456,0.011841196508761032,0.011841196508761254,2872.8701171875,1
2855,2018-01-29,185089.95617466423,214926.63342400204,-0.006731974332887303,-0.006731974332887414,2853.530029296875,1
2856,2018-01-30,183072.69486915015,212584.1876744255,-0.01089881562028383,-0.01089881562028383,2822.429931640625,1
2857,2018-01-31,183162.2147391521,212688.13823274712,0.0004889853730833948,0.0004889853730833948,2823.81005859375,1
2858,2018-02-01,183043.5094595599,212550.29754900772,-0.0006480882520517595,-0.0006480882520517595,2821.97998046875,1
2859,2018-02-02,179161.42241701554,208042.41437718592,-0.02120854792396798,-0.02120854792396809,2762.1298828125,1
2860,2018-02-05,171819.52621154336,199516.9975096088,-0.04097922480422822,-0.04097922480422833,2648.93994140625,1
2861,2018-02-06,174816.21692440787,202996.7576199908,0.017440920592313836,0.017440920592314058,2695.139892578125,1
2862,2018-02-07,173941.8581587456,201981.45138840238,-0.005001588416939318,-0.005001588416939429,2681.659912109375,1
2863,2018-02-08,167412.7035573971,194399.79084573945,-0.03753641975808819,-0.03753641975808808,2581.0,1
2864,2018-02-09,169913.19479977837,197303.36365832394,0.014936090208494734,0.014936090208494734,2619.550048828125,1
2865,2018-02-12,172277.46634965003,200048.75803420536,0.013914584754042503,0.013914584754042503,2656.0,1
2866,2018-02-13,172727.61526609721,200571.4713847891,0.0026129297463288736,0.0026129297463288736,2662.93994140625,1
2867,2018-02-14,175042.5899195747,203259.62215761814,0.013402458257245842,0.013402458257246064,2698.6298828125,1
2868,2018-02-15,177155.198675519,205712.7854574608,0.012069112762299605,0.012069112762299383,2731.199951171875,1
2869,2018-02-16,177221.36071635896,205789.61288230913,0.0003734693722488025,0.0003734693722488025,2732.219970703125,1
2870,2018-02-20,176186.14172789815,204587.51560677402,-0.005841389459353419,-0.005841389459353308,2716.260009765625,1
2871,2018-02-21,175217.73404874894,203462.99968725495,-0.005496503128179175,-0.0054965031281792864,2701.330078125,1
2872,2018-02-22,175388.3174628054,203661.0813101526,0.0009735510790762625,0.0009735510790764845,2703.9599609375,1
2873,2018-02-23,178199.5074225825,206925.43776934416,0.01602837635051313,0.01602837635051313,2747.300048828125,1
2874,2018-02-26,180294.60176560938,209358.26331622317,0.011757015343810906,0.011757015343811128,2779.60009765625,1
2875,2018-02-27,178003.61837394917,206697.97121947008,-0.012706888443829167,-0.012706888443829278,2744.280029296875,1
2876,2018-02-28,176028.52784745774,204404.49421866593,-0.011095788639207127,-0.011095788639207127,2713.830078125,1
2877,2018-03-01,173683.0534116304,201680.9270695186,-0.013324399541987164,-0.013324399541987275,2677.669921875,1
2878,2018-03-02,174563.9048620089,202703.77261278432,0.005071602744632031,0.005071602744632031,2691.25,1
2879,2018-03-05,176489.69849210614,204940.00601053608,0.01103202653274482,0.011032026532745043,2720.93994140625,1
2880,2018-03-06,176955.4298518723,205480.81370914538,0.002638858606169414,0.002638858606169414,2728.1201171875,1
2881,2018-03-07,176869.80559270005,205381.38673783015,-0.00048387472056621306,-0.00048387472056621306,2726.800048828125,1
2882,2018-03-08,177659.18936766172,206298.01992927107,0.004463078207817217,0.004463078207817439,2738.969970703125,1
2883,2018-03-09,180746.69848747147,209883.23846031012,0.017378831518927162,0.01737883151892694,2786.570068359375,1
2884,2018-03-12,180516.42988147488,209615.85033567637,-0.001273985129042643,-0.001273985129042643,2783.02001953125,1
2885,2018-03-13,179367.69976119485,208281.9438257437,-0.006363576551088879,-0.006363576551088879,2765.31005859375,1
2886,2018-03-14,178340.90542704874,207089.62926682402,-0.005724521948562433,-0.005724521948562322,2749.47998046875,1
2887,2018-03-15,178201.4552279974,206927.69956284735,-0.0007819305319630709,-0.000781930531963182,2747.330078125,1
2888,2018-03-16,178505.01199220537,207280.1899666094,0.001703447167811234,0.001703447167811456,2752.010009765625,1
2889,2018-03-19,175969.49192398926,204335.94164809756,-0.014204195388792917,-0.014204195388793028,2712.919921875,1
2890,2018-03-20,176230.24447651932,204638.72776048456,0.0014818054520648882,0.0014818054520651103,2716.93994140625,1
2891,2018-03-21,175905.27768856418,204261.37601675242,-0.0018439898833507717,-0.0018439898833509938,2711.929931640625,1
2892,2018-03-22,171478.99281608564,199121.5698064162,-0.025162888405856565,-0.025162888405856454,2643.68994140625,1
2893,2018-03-23,167883.61322911983,194946.61160512557,-0.02096688071186603,-0.02096688071186603,2588.260009765625,1
2894,2018-03-26,172442.8714517499,200240.8265963262,0.027157255761512733,0.02715725576151251,2658.550048828125,1
2895,2018-03-27,169463.6951518028,196781.4042389079,-0.017276308813847896,-0.017276308813847785,2612.6201171875,1
2896,2018-03-28,168969.42765091805,196207.46034604855,-0.002916657166256109,-0.002916657166256109,2605.0,1
2897,2018-03-29,171296.08913688472,198909.18187989673,0.013769718690018973,0.013769718690019195,2640.8701171875,1
2898,2018-04-02,167469.77583963433,194466.06323423955,-0.022337423560165104,-0.022337423560165104,2581.8798828125,1
2899,2018-04-03,169582.38459557862,196919.22653408223,0.012614865848792345,0.012614865848792123,2614.449951171875,1
2900,2018-04-04,171543.85631998235,199196.88936892909,0.01156648273982852,0.01156648273982852,2644.68994140625,1
2901,2018-04-05,172721.1384171974,200563.95046167687,0.0068628636575538415,0.0068628636575538415,2662.840087890625,1
2902,2018-04-06,168935.04809355483,196167.5387712889,-0.021920248779842444,-0.021920248779842444,2604.469970703125,1
2903,2018-04-09,169498.70814182126,196822.06135627022,0.0033365488963206236,0.0033365488963208456,2613.159912109375,1
2904,2018-04-10,172333.90519923202,200114.2948801028,0.016726953783261278,0.0167269537832615,2656.8701171875,1
2905,2018-04-11,171381.69756024057,199008.59046264688,-0.005525364482924067,-0.005525364482924067,2642.18994140625,1
2906,2018-04-12,172795.72511235205,200650.56060314065,0.008250750063987677,0.008250750063987677,2663.989990234375,1
2907,2018-04-13,172296.9285679823,200071.35758067222,-0.0028866254882488063,-0.0028866254882488063,2656.300048828125,1
2908,2018-04-16,173694.09097564797,201693.74389937005,0.008109038386684864,0.008109038386684864,2677.840087890625,1
2909,2018-04-17,175545.93134324581,203844.10269826066,0.010661504701720004,0.010661504701719782,2706.389892578125,1
2910,2018-04-18,175691.8742270134,204013.57171391466,0.0008313658006817715,0.0008313658006817715,2708.639892578125,1
2911,2018-04-19,174685.84064814282,202845.3645637973,-0.0057261246901532115,-0.005726124690152989,2693.1298828125,1
2912,2018-04-20,173194.62932699022,201113.76855716883,-0.00853653230061302,-0.00853653230061302,2670.139892578125,1
2913,2018-04-23,173204.36835406456,201125.0775246848,5.623169212687351e-05,5.623169212687351e-05,2670.2900390625,1
2914,2018-04-24,170886.79662670058,198433.91102718486,-0.01338056164164636,-0.01338056164164636,2634.56005859375,1
2915,2018-04-25,171200.72585063815,198798.44594106553,0.001837059563023713,0.001837059563023491,2639.39990234375,1
2916,2018-04-26,172987.06928168406,200872.7496348406,0.010434204774367517,0.010434204774367517,2666.93994140625,1
2917,2018-04-27,173179.7119879593,201096.44652887605,0.0011136248915897262,0.0011136248915897262,2669.909912109375,1
2918,2018-04-30,171761.8046608345,199449.971189941,-0.008187490964434718,-0.008187490964434496,2648.050048828125,1
2919,2018-05-01,172199.63331213724,199958.3782369029,0.0025490454770622506,0.0025490454770622506,2654.800048828125,1
2920,2018-05-02,170958.78624796876,198517.50544397772,-0.007205863568357729,-0.007205863568357729,2635.669921875,1
2921,2018-05-03,170573.50083541826,198070.11165590683,-0.0022536742393085563,-0.0022536742393085563,2629.72998046875,1
2922,2018-05-04,172758.74848110235,200607.62330371008,0.012811178963797909,0.012811178963797909,2663.419921875,1
2923,2018-05-07,173356.13881826037,201301.3135322833,0.0034579455015175675,0.0034579455015177896,2672.6298828125,1
2924,2018-05-08,173310.08826422432,201247.83958506957,-0.0002656413228280252,-0.0002656413228280252,2671.919921875,1
2925,2018-05-09,174988.11471122396,203196.36549378897,0.009682220255068819,0.009682220255068819,2697.7900390625,1
2926,2018-05-10,176627.86599003064,205100.44624074234,0.009370643723504823,0.009370643723504823,2723.070068359375,1
2927,2018-05-11,176929.47494882377,205450.67485100118,0.0017075955546570487,0.0017075955546568267,2727.719970703125,1
2928,2018-05-14,177085.79029232095,205632.1883767738,0.0008834895573075485,0.0008834895573073265,2730.1298828125,1
2929,2018-05-15,175874.14447355908,204225.22409783144,-0.006842140279927467,-0.006842140279927467,2711.449951171875,1
2930,2018-05-16,176588.29228489444,205054.49321664084,0.004060561678767671,0.004060561678767671,2722.4599609375,1
2931,2018-05-17,176437.15525335388,204878.992751645,-0.0008558723207806596,-0.0008558723207806596,2720.1298828125,1
2932,2018-05-18,175972.73826634738,204339.71130393623,-0.002632194938416599,-0.002632194938416599,2712.969970703125,1
2933,2018-05-21,177272.60541816798,205849.1182788647,0.007386752997235124,0.007386752997234902,2733.010009765625,1
2934,2018-05-22,176716.7207557446,205203.62447933113,-0.0031357617896577983,-0.0031357617896576873,2724.43994140625,1
2935,2018-05-23,177290.76909955702,205870.20996299613,0.0032484098921563564,0.0032484098921563564,2733.2900390625,1
2936,2018-05-24,176932.07202271026,205453.6905756721,-0.002023213496498144,-0.002023213496498033,2727.760009765625,1
2937,2018-05-25,176515.00412668305,204969.39093751254,-0.0023572204364038507,-0.0023572204364038507,2721.330078125,1
2938,2018-05-29,174473.7515593517,202599.08651186005,-0.011564187290653116,-0.011564187290653116,2689.860107421875,1
2939,2018-05-30,176688.83388309763,205171.24221624882,0.012695791223314323,0.012695791223314323,2724.010009765625,1
2940,2018-05-31,175473.29245350603,203759.75435030006,-0.006879559974886873,-0.006879559974886984,2705.27001953125,1
2941,2018-06-01,177377.0426272009,205970.3908654791,0.010849230370481022,0.010849230370481022,2734.6201171875,1
2942,2018-06-04,178171.62054993553,206893.05550626185,0.004479598435997323,0.004479598435997323,2746.8701171875,1
2943,2018-06-05,178296.80267842757,207038.41711311348,0.0007025929724704394,0.0007025929724704394,2748.800048828125,1
2944,2018-06-06,179824.34136235827,208812.1964880048,0.008567392465728796,0.008567392465728796,2772.35009765625,1
2945,2018-06-07,179695.9128915081,208663.0652253145,-0.0007141884679080501,-0.0007141884679081612,2770.3701171875,1
2946,2018-06-08,180257.62513435967,209315.3260167926,0.0031259043893263616,0.0031259043893263616,2779.030029296875,1
2947,2018-06-11,180450.26784063492,209539.02291082803,0.001068707668436586,0.001068707668436586,2782.0,1
2948,2018-06-12,180764.8621688605,209904.33014444154,0.0017433852107298087,0.0017433852107298087,2786.85009765625,1
2949,2018-06-13,180037.07971962105,209059.22847110976,-0.004026127868587692,-0.004026127868587803,2775.6298828125,1
2950,2018-06-14,180482.05032411165,209575.92876091675,0.002471549778432225,0.002471549778432225,2782.489990234375,1
2951,2018-06-15,180298.48154062274,209362.7685146645,-0.001017102715529128,-0.001017102715529128,2779.659912109375,1
2952,2018-06-18,179915.1439334871,208917.6365200968,-0.0021261277624752273,-0.0021261277624752273,2773.75,1
2953,2018-06-19,179191.27293089376,208077.0768223365,-0.004023402292699374,-0.004023402292699374,2762.590087890625,1
2954,2018-06-20,179498.07603745986,208433.3368819372,0.0017121542893689945,0.0017121542893687725,2767.320068359375,1
2955,2018-06-21,178359.0691084378,207110.72095095544,-0.006345510515579855,-0.006345510515579966,2749.760009765625,1
2956,2018-06-22,178691.1620137644,207496.34754896755,0.0018619345065358228,0.0018619345065358228,2754.8798828125,1
2957,2018-06-25,176238.6849666504,204648.52886566505,-0.013724668973416176,-0.013724668973416176,2717.070068359375,1
2958,2018-06-26,176627.21672155903,205099.6923095746,0.0022045770199778936,0.0022045770199781156,2723.06005859375,1
2959,2018-06-27,175107.45342347142,203334.941720131,-0.008604355128821517,-0.008604355128821517,2699.6298828125,1
2960,2018-06-28,176189.38807025627,204591.28526261266,0.006178689859468012,0.00617868985946779,2716.31005859375,1
2961,2018-06-29,176323.0106888794,204746.4479746448,0.0007584033299998794,0.0007584033300001014,2718.3701171875,1
2962,2018-07-02,176863.96217645545,205374.6013573206,0.003067957412152822,0.003067957412152822,2726.7099609375,1
2963,2018-07-03,175988.95414232154,204358.54119456446,-0.00494735062681062,-0.00494735062681062,2713.219970703125,1
2964,2018-07-05,177506.12036652266,206120.2760593371,0.008620803683930145,0.008620803683929923,2736.610107421875,1
2965,2018-07-06,179011.59975823457,207868.44016309062,0.008481281595267509,0.008481281595267509,2759.820068359375,1
2966,2018-07-09,180591.01657662954,209702.46047714018,0.008822985887663393,0.008822985887663393,2784.169921875,1
2967,2018-07-10,181218.2574276658,210430.81315086395,0.003473267180873929,0.003473267180873929,2793.840087890625,1
2968,2018-07-11,179932.65834640453,208937.97427306048,-0.007094202866256172,-0.007094202866256172,2774.02001953125,1
2969,2018-07-12,181506.89685284288,210765.98152633326,0.008749042674663476,0.008749042674663698,2798.2900390625,1
2970,2018-07-13,181702.78590147625,210993.44807620734,0.0010792374947172778,0.0010792374947170558,2801.31005859375,1
2971,2018-07-16,181515.97077562922,210776.5181741164,-0.001028135726814483,-0.001028135726814483,2798.429931640625,1
2972,2018-07-17,182237.26054015243,211614.08053577086,0.00397369863071062,0.00397369863071062,2809.550048828125,1
2973,2018-07-18,182630.98644283402,212071.27542902224,0.0021605126279586884,0.0021605126279586884,2815.6201171875,1
2974,2018-07-19,181909.04740983917,211232.95913620008,-0.003952993120479142,-0.003952993120479142,2804.489990234375,1
2975,2018-07-20,181736.51619036784,211032.61571979924,-0.0009484477101494582,-0.0009484477101495692,2801.830078125,1
2976,2018-07-23,182070.55690110932,211420.50411131454,0.0018380494891383492,0.0018380494891383492,2806.97998046875,1
2977,2018-07-24,182941.02005594186,212431.28675589655,0.004780911145920941,0.004780911145920941,2820.39990234375,1
2978,2018-07-25,184606.07696932543,214364.7524298264,0.009101605057599382,0.009101605057599604,2846.070068359375,1
2979,2018-07-26,184046.29669607236,213714.7350432864,-0.0030322960242856745,-0.0030322960242858965,2837.43994140625,1
2980,2018-07-27,182838.54648814021,212312.29435135046,-0.00656220869212365,-0.00656220869212365,2818.820068359375,1
2981,2018-07-30,181786.4623552336,211090.61325401938,-0.005754170294582028,-0.005754170294581917,2802.60009765625,1
2982,2018-07-31,182674.43992298358,212121.73365156507,0.004884728797982518,0.004884728797982518,2816.2900390625,1
2983,2018-08-01,182484.39429059482,211901.05248220055,-0.0010403515262938923,-0.0010403515262938923,2813.360107421875,1
2984,2018-08-02,183383.39358654598,212944.9713210326,0.004926444803381669,0.004926444803381669,2827.219970703125,1
2985,2018-08-03,184235.05962733424,213933.92673888052,0.004644183009877123,0.004644183009877123,2840.35009765625,1
2986,2018-08-06,184886.92517284304,214690.8736312829,0.003538227451535869,0.003538227451536091,2850.39990234375,1
2987,2018-08-07,185409.0795463748,215297.19978722458,0.0028241822564987196,0.0028241822564987196,2858.449951171875,1
2988,2018-08-08,185360.43191845226,215240.71011533993,-0.0002623799656497061,-0.0002623799656497061,2857.699951171875,1
2989,2018-08-09,185093.20251702235,214930.4030798407,-0.0014416744645237012,-0.0014416744645237012,2853.580078125,1
2990,2018-08-10,183776.47022075596,213401.41228311625,-0.007113887913551498,-0.007113887913551609,2833.280029296875,1
2991,2018-08-13,183040.2631172018,212546.52789316906,-0.004005992185342366,-0.004005992185342366,2821.929931640625,1
2992,2018-08-14,184209.75399275735,213904.54181190408,0.006389254777276587,0.006389254777276809,2839.9599609375,1
2993,2018-08-15,182809.36107854996,212278.40422593267,-0.007602164835758152,-0.007602164835758152,2818.3701171875,1
2994,2018-08-16,184257.10308373664,213959.52362145326,0.007919408484583057,0.007919408484583057,2840.68994140625,1
2995,2018-08-17,184869.4107599256,214670.53587831924,0.0033231157222237684,0.0033231157222237684,2850.1298828125,1
2996,2018-08-20,185318.27697524594,215191.75975513257,0.0024280177746833775,0.0024280177746831555,2857.050048828125,1
2997,2018-08-21,185701.6145823816,215636.89174970027,0.0020685364303643095,0.0020685364303643095,2862.9599609375,1
2998,2018-08-22,185627.67715569856,215551.03553940423,-0.0003981517707818405,-0.0003981517707818405,2861.820068359375,1
2999,2018-08-23,185313.7320959446,215186.48223695846,-0.0016912621251551352,-0.0016912621251551352,2856.97998046875,1
3000,2018-08-24,186462.46221622464,216520.38874689114,0.006198839704363079,0.006198839704363079,2874.68994140625,1
3001,2018-08-27,187892.70564431028,218181.1887780131,0.007670409427647185,0.007670409427647185,2896.739990234375,1
3002,2018-08-28,187943.30107764766,218239.94024340098,0.00026927832649970007,0.00026927832649970007,2897.52001953125,1
3003,2018-08-29,189014.84742888654,219484.22088719893,0.005701434129840033,0.005701434129839811,2914.0400390625,1
3004,2018-08-30,188177.4494586576,218511.83356647604,-0.004430329054144866,-0.004430329054144755,2901.1298828125,1
3005,2018-08-31,188202.75509323447,218541.2184934525,0.00013447750859452157,0.00013447750859452157,2901.52001953125,1
3006,2018-09-04,187891.40710736703,218179.68091567766,-0.0016543221469483838,-0.0016543221469486058,2896.719970703125,1
3007,2018-09-05,187364.72369035028,217568.09563012692,-0.002803126684318258,-0.002803126684318036,2888.60009765625,1
3008,2018-09-06,186680.41055707677,216773.47056790304,-0.0036523050860119977,-0.0036523050860121087,2878.050048828125,1
3009,2018-09-07,186267.2224360629,216293.67612818477,-0.002213344827027508,-0.002213344827027508,2871.679931640625,1
3010,2018-09-10,186620.72536513666,216704.16406616694,0.0018978268127398668,0.0018978268127398668,2877.1298828125,1
3011,2018-09-11,187318.65730049787,217514.6032943481,0.003739841510076891,0.003739841510076891,2887.889892578125,1
3012,2018-09-12,187385.46860980944,217592.1846503642,0.00035667194221011833,0.00035667194221011833,2888.919921875,1
3013,2018-09-13,188375.28631270584,218741.5619098533,0.005282254329749936,0.005282254329749936,2904.179931640625,1
3014,2018-09-14,188427.18028298646,218801.82123757663,0.000275481838920566,0.00027548183892078804,2904.97998046875,1
3015,2018-09-17,187377.69322396634,217583.15586491648,-0.005569722252617537,-0.005569722252617426,2888.800048828125,1
3016,2018-09-18,188383.72680283693,218751.36301503383,0.005369014643958225,0.005369014643958003,2904.31005859375,1
3017,2018-09-19,188619.8229892617,219025.51813161207,0.0012532727238796504,0.0012532727238796504,2907.949951171875,1
3018,2018-09-20,190098.71404526988,220742.80783461872,0.007840591898404803,0.007840591898404803,2930.75,1
3019,2018-09-21,190028.6563936002,220661.45682276398,-0.00036853301202766087,-0.00036853301202766087,2929.669921875,1
3020,2018-09-24,189360.57497211723,219885.6800397334,-0.0035156877607932513,-0.0035156877607932513,2919.3701171875,1
3021,2018-09-25,189113.44122167485,219598.70809330372,-0.0013050961134796202,-0.0013050961134795092,2915.56005859375,1
3022,2018-09-26,188491.39451841154,218876.38686892178,-0.003289278113945082,-0.003289278113945193,2905.969970703125,1
3023,2018-09-27,189012.25035500005,219481.205162528,0.0027632870875580196,0.0027632870875580196,2914.0,1
3024,2018-09-28,189010.9518180568,219479.69730019255,-6.870120538793323e-06,-6.8701205386823005e-06,2913.97998046875,1
3025,2018-10-01,189699.16056216008,220278.8459494228,0.003641105118425747,0.003641105118425747,2924.590087890625,1
3026,2018-10-02,189623.90876271742,220191.46348822623,-0.0003966902079042267,-0.0003966902079042267,2923.429931640625,1
3027,2018-10-03,189758.8299182838,220348.13406259383,0.0007115197468858803,0.0007115197468861023,2925.510009765625,1
3028,2018-10-04,188208.59850947908,218548.00387396206,-0.008169482334351885,-0.008169482334351885,2901.610107421875,1
3029,2018-10-05,187168.1853732453,217339.8751490851,-0.005527978766503461,-0.00552797876650335,2885.570068359375,1
3030,2018-10-08,187094.23211074588,217254.00055022398,-0.00039511662920677093,-0.00039511662920677093,2884.429931640625,1
3031,2018-10-09,186828.95051473085,216945.95530822795,-0.0014179036575430182,-0.0014179036575431292,2880.340087890625,1
3032,2018-10-10,180688.9611009462,209816.1937520772,-0.0328642290012785,-0.0328642290012785,2785.679931640625,1
3033,2018-10-11,176971.64572784648,205499.6435997736,-0.02057300761734393,-0.02057300761734393,2728.3701171875,1
3034,2018-10-12,179485.73993649904,208419.0121897503,0.014206197825152422,0.014206197825152422,2767.1298828125,1
3035,2018-10-15,178425.88041774937,207188.3023069715,-0.005904978964482832,-0.005904978964482943,2750.7900390625,1
3036,2018-10-16,182261.25180196972,211641.9392118468,0.02149560016316343,0.02149560016316343,2809.919921875,1
3037,2018-10-17,182215.20124793367,211588.46526463307,-0.0002526623381589044,-0.00025266233815879335,2809.2099609375,1
3038,2018-10-18,179592.77421941844,208543.30050103558,-0.014391922356395415,-0.014391922356395526,2768.780029296875,1
3039,2018-10-19,179527.91071552175,208467.98093852273,-0.00036116989772339014,-0.00036116989772339014,2767.780029296875,1
3040,2018-10-22,178756.02551766112,207571.66711148043,-0.004299527548581317,-0.004299527548581317,2755.8798828125,1
3041,2018-10-23,177770.7526940661,206427.5673701654,-0.005511829997012829,-0.00551182999701294,2740.68994140625,1
3042,2018-10-24,172283.95903436624,200056.29734588266,-0.030864433977743966,-0.030864433977743855,2656.10009765625,1
3043,2018-10-25,175492.7546718383,203782.35389676696,0.018625040052811848,0.018625040052811848,2705.570068359375,1
3044,2018-10-26,172451.94537453624,200251.36324410938,-0.017327264039978196,-0.017327264039978307,2658.68994140625,1
3045,2018-10-29,171320.7296671736,198937.7944871404,-0.0065595995737004476,-0.0065595995737003365,2641.25,1
3046,2018-10-30,174004.77385722744,202054.50915741207,0.015666780052058682,0.015666780052058682,2682.6298828125,1
3047,2018-10-31,175892.95742341975,204247.0697131306,0.010851331974038647,0.010851331974038647,2711.739990234375,1
3048,2018-11-01,176095.49422108333,206403.47834992813,0.001151477584039995,0.010557843693063784,2740.3701171875,0
3049,2018-11-02,176095.49422108333,205099.6923095746,0.0,-0.0063166863793988615,2723.06005859375,0
3050,2018-11-05,176095.49422108333,206248.31563789598,0.0,0.005600317169601965,2738.31005859375,0
3051,2018-11-06,176095.49422108333,207539.2848483981,0.0,0.006259295774170726,2755.449951171875,0
3052,2018-11-07,176095.49422108333,211940.9556683951,0.0,0.021208856064105275,2813.889892578125,0
3053,2018-11-08,175947.79540456302,211409.21353236365,-0.0008387427354323851,-0.0025089163835960715,2806.830078125,1
3054,2018-11-09,174329.2492230778,209464.4572794829,-0.00919901370610332,-0.009199013706103432,2781.010009765625,1
3055,2018-11-12,170894.70337781715,205337.69550723187,-0.01970148934024074,-0.01970148934024063,2726.219970703125,1
3056,2018-11-13,170641.451151423,205033.40153250942,-0.0014819196931705747,-0.0014819196931706857,2722.179931640625,1
3057,2018-11-14,169350.13720977097,203481.82957788318,-0.007567410690302645,-0.007567410690302756,2701.580078125,1
3058,2018-11-15,168676.04280538848,205637.46589494793,-0.003980477462191212,0.010593753366266334,2730.199951171875,0
3059,2018-11-16,168676.04280538848,206094.6607881993,0.0,0.0022233054237545957,2736.27001953125,0
3060,2018-11-19,168676.04280538848,202664.6049691924,0.0,-0.01664310858849427,2690.72998046875,0
3061,2018-11-20,168676.04280538848,198985.99091618002,0.0,-0.018151240832465998,2641.889892578125,0
3062,2018-11-21,168676.04280538848,199591.56314095395,0.0,0.0030432907461763747,2649.929931640625,0
3063,2018-11-23,168676.04280538848,198283.2719021591,0.0,-0.006554842390161242,2632.56005859375,0
3064,2018-11-26,168676.04280538848,201363.08072234207,0.0,0.0155323683669224,2673.449951171875,0
3065,2018-11-27,168676.04280538848,202019.86510082654,0.0,0.003261692144003847,2682.169921875,0
3066,2018-11-28,168676.04280538848,206661.06536938137,0.0,0.022973979644221876,2743.7900390625,0
3067,2018-11-29,168676.04280538848,206209.90192547182,0.0,-0.0021831080910337253,2737.800048828125,0
3068,2018-11-30,168676.04280538848,207894.79097683108,0.0,0.008170747552017188,2760.169921875,0
3069,2018-12-03,168676.04280538848,210169.45647557208,0.0,0.01094142613219451,2790.3701171875,0
3070,2018-12-04,168676.04280538848,203367.3423717784,0.0,-0.03236490314939888,2700.06005859375,0
3071,2018-12-06,168676.04280538848,203057.77087888183,0.0,-0.0015222281477752508,2695.949951171875,0
3072,2018-12-07,168676.04280538848,198322.439545751,0.0,-0.023320118765389752,2633.080078125,0
3073,2018-12-10,168676.04280538848,198671.91422484213,0.0,0.0017621539947350051,2637.719970703125,0
3074,2018-12-11,168676.04280538848,198601.11824933562,0.0,-0.000356346168922439,2636.780029296875,0
3075,2018-12-12,168676.04280538848,199677.43773981507,0.0,0.005419503676349802,2651.070068359375,0
3076,2018-12-13,168676.04280538848,199637.51616505545,0.0,-0.00019993032368348373,2650.5400390625,0
3077,2018-12-14,168676.04280538848,195827.09287764548,0.0,-0.01908670955543046,2599.949951171875,0
3078,2018-12-17,168676.04280538848,191759.0825707823,0.0,-0.020773480559224233,2545.93994140625,0
3079,2018-12-18,168676.04280538848,191775.65066790735,0.0,8.640058610476231e-05,2546.159912109375,0
3080,2018-12-19,168676.04280538848,188823.12749511554,0.0,-0.01539571453679811,2506.9599609375,0
3081,2018-12-20,168676.04280538848,185844.9890511859,0.0,-0.01577210632742365,2467.419921875,0
3082,2018-12-21,168676.04280538848,182018.76998638373,0.0,-0.020588228309714296,2416.6201171875,0
3083,2018-12-24,168676.04280538848,177083.8307794547,0.0,-0.027112254452099638,2351.10009765625,0
3084,2018-12-26,168676.04280538848,185866.08073531731,0.0,0.04959374278953943,2467.699951171875,0
3085,2018-12-27,168676.04280538848,187457.59265326828,0.0,0.008562680784222065,2488.830078125,0
3086,2018-12-28,168676.04280538848,187224.84858522005,0.0,-0.0012415825080968057,2485.739990234375,0
3087,2018-12-31,168676.04280538848,188814.85264083554,0.0,0.00849248413140935,2506.85009765625,0
3088,2019-01-02,168676.04280538848,189054.36370082828,0.0,0.0012684969251244294,2510.030029296875,0
3089,2019-01-03,168676.04280538848,184373.99578868158,0.0,-0.02475673039503712,2447.889892578125,0
3090,2019-01-04,168676.04280538848,190704.60869560202,0.0,0.03433571464262353,2531.93994140625,0
3091,2019-01-07,168676.04280538848,192041.53093020563,0.0,0.007010434848680358,2549.68994140625,0
3092,2019-01-08,168676.04280538848,193903.42830889617,0.0,0.009695285023358924,2574.409912109375,0
3093,2019-01-09,168676.04280538848,194698.05337112004,0.0,0.004098045450532162,2584.9599609375,0
3094,2019-01-10,168676.04280538848,195577.78071247225,0.0,0.004518418782931244,2596.639892578125,0
3095,2019-01-11,168676.04280538848,195549.1681052286,0.0,-0.00014629784190933748,2596.260009765625,0
3096,2019-01-14,168676.04280538848,194521.0634323538,0.0,-0.005257525167898125,2582.610107421875,0
3097,2019-01-15,168676.04280538848,196606.65770507982,0.0,0.01072168862294598,2610.300048828125,0
3098,2019-01-16,168676.04280538848,197043.51484536752,0.0,0.0022219854881160295,2616.10009765625,0
3099,2019-01-17,168676.04280538848,198539.35105927684,0.0,0.0075914003822110665,2635.9599609375,0
3100,2019-01-18,168676.04280538848,201156.70585659938,0.0,0.01318305304897005,2670.7099609375,0
3101,2019-01-22,168676.04280538848,198308.86878473184,0.0,-0.014157306164566563,2632.89990234375,0
3102,2019-01-23,168676.04280538848,198745.72592501953,0.0,0.0022029127742235755,2638.699951171875,0
3103,2019-01-24,168676.04280538848,199019.14549899512,0.0,0.0013757255543636049,2642.330078125,0
3104,2019-01-25,168676.04280538848,200708.55813736076,0.0,0.00848869406071362,2664.760009765625,0
3105,2019-01-28,168676.04280538848,199133.6327050999,0.0,-0.007846827493937725,2643.85009765625,0
3106,2019-01-29,168676.04280538848,198843.6450339993,0.0,-0.0014562465775436184,2640.0,0
3107,2019-01-30,168676.04280538848,201935.51675286598,0.0,0.01554926091974429,2681.050048828125,0
3108,2019-01-31,168676.04280538848,203671.63634650083,0.0,0.008597395948725328,2704.10009765625,0
3109,2019-02-01,168676.04280538848,203854.65773460892,0.0,0.0008986100931438479,2706.530029296875,0
3110,2019-02-04,168676.04280538848,205236.02513097852,0.0,0.006776236617404008,2724.8701171875,0
3111,2019-02-05,168676.04280538848,206202.3626137945,0.0,0.00470842037697472,2737.699951171875,0
3112,2019-02-06,168676.04280538848,205743.67824677273,0.0,-0.0022244379802809355,2731.610107421875,0
3113,2019-02-07,168676.04280538848,203818.50581568794,0.0,-0.009357140143940179,2706.050048828125,0
3114,2019-02-08,168676.04280538848,203956.32811086226,0.0,0.0006762010869560964,2707.8798828125,0
3115,2019-02-11,168676.04280538848,204100.95417511123,0.0,0.0007091030986317026,2709.800048828125,0
3116,2019-02-12,168676.04280538848,206731.86134488785,0.0,0.0128902247439735,2744.72998046875,0
3117,2019-02-13,168676.04280538848,207357.01739145775,0.0,0.003023994668760688,2753.030029296875,0
3118,2019-02-14,168676.04280538848,206807.18090740073,0.0,-0.002651641555101114,2745.72998046875,0
3119,2019-02-15,168676.04280538848,209056.98506617165,0.0,0.01087875260858695,2775.60009765625,0
3120,2019-02-19,168676.04280538848,209370.3078263418,0.0,0.0014987433214488366,2779.760009765625,0
3121,2019-02-20,168850.11676441843,209742.3820518998,0.0010320016769114204,0.0017771107537685182,2784.699951171875,1
3122,2019-02-21,168254.67750051597,209002.7387992251,-0.003526436790880161,-0.003526436790880272,2774.8798828125,1
3123,2019-02-22,169333.37546640725,210342.67675849964,0.006411102394986656,0.006411102394986878,2792.669921875,1
3124,2019-02-25,169541.97091348105,210601.7900288534,0.0012318625699112573,0.0012318625699112573,2796.110107421875,1
3125,2019-02-26,169407.95525935013,210435.31834930528,-0.0007904570968997326,-0.0007904570968998437,2793.89990234375,1
3126,2019-02-27,169315.78896501462,210320.83114320048,-0.0005440493877303387,-0.0005440493877304498,2792.3798828125,1
3127,2019-02-28,168837.38579539684,209726.5678859425,-0.0028255083152146643,-0.0028255083152147753,2784.489990234375,1
3128,2019-03-01,170001.57369861347,211172.69980847675,0.00689532059343434,0.00689532059343434,2803.68994140625,1
3129,2019-03-04,169341.87264805657,210353.23179484787,-0.003880558492514008,-0.003880558492513897,2792.81005859375,1
3130,2019-03-05,169150.256760829,210115.21020862553,-0.001131532823106296,-0.001131532823106185,2789.64990234375,1
3131,2019-03-06,168046.7037984409,208744.39784860416,-0.00652409865359227,-0.006524098653592381,2771.449951171875,1
3132,2019-03-07,166681.203746707,207048.19982972892,-0.008125717558683632,-0.008125717558683632,2748.929931640625,1
3133,2019-03-08,166325.89128338534,206606.8374909999,-0.0021316888487414865,-0.0021316888487414865,2743.070068359375,1
3134,2019-03-11,168765.23376863947,209636.9420198078,0.014666041867757107,0.014666041867757107,2783.300048828125,1
3135,2019-03-12,169263.65120583543,210256.06661703586,0.0029533182046204143,0.0029533182046204143,2791.52001953125,1
3136,2019-03-13,170439.96313652728,211717.25877435968,0.006949583813841809,0.006949583813842031,2810.919921875,1
3137,2019-03-14,170292.01743373432,211533.48345508386,-0.0008680223820187738,-0.0008680223820188848,2808.47998046875,1
3138,2019-03-15,171140.90660533324,212587.95733026415,0.00498490290027398,0.00498490290027398,2822.47998046875,1
3139,2019-03-18,171775.14571784693,213375.79701197846,0.0037059469012648005,0.0037059469012648005,2832.93994140625,1
3140,2019-03-19,171752.7184875356,213347.93833590252,-0.0001305615560248663,-0.0001305615560248663,2832.570068359375,1
3141,2019-03-20,171247.0177517831,212719.7665646617,-0.0029443536044478913,-0.0029443536044477803,2824.22998046875,1
3142,2019-03-21,173105.47276679554,215028.3038002554,0.010852481049954399,0.010852481049954399,2854.8798828125,1
3143,2019-03-22,169820.88275922072,210948.24898327357,-0.018974501239482855,-0.018974501239482855,2800.7099609375,1
3144,2019-03-25,169678.3995303452,210771.25904450737,-0.00083902065847552,-0.00083902065847552,2798.360107421875,1
3145,2019-03-26,170897.1529589265,212285.17121787718,0.007182725862306061,0.007182725862306061,2818.4599609375,1
3146,2019-03-27,170103.451057691,211299.24991326523,-0.0046443248906917756,-0.0046443248906917756,2805.3701171875,1
3147,2019-03-28,170714.03425334828,212057.70466800308,0.003589481529391092,0.003589481529391092,2815.43994140625,1
3148,2019-03-29,171863.67036290414,213485.76063107685,0.0067342800173637585,0.0067342800173637585,2834.39990234375,1
3149,2019-04-01,173851.89244122288,215955.49202804454,0.011568600124275408,0.011568600124275408,2867.18994140625,1
3150,2019-04-02,173854.92714895477,215959.2616838832,1.745570720723677e-05,1.7455707207458815e-05,2867.239990234375,1
3151,2019-04-03,174228.43305521543,216423.2235690791,0.002148376881724312,0.002148376881724312,2873.39990234375,1
3152,2019-04-04,174591.63575864004,216874.38701298865,0.0020846350796801527,0.0020846350796801527,2879.389892578125,1
3153,2019-04-05,175401.11814008138,217879.91052796162,0.004636432770241061,0.004636432770241061,2892.739990234375,1
3154,2019-04-08,175584.843787206,218108.13100900344,0.0010474599539205265,0.0010474599539205265,2895.77001953125,1
3155,2019-04-09,174519.48373188268,216784.76114685394,-0.006067494393846684,-0.006067494393846684,2878.199951171875,1
3156,2019-04-10,175126.440081714,217538.71070315046,0.0034778715639784963,0.0034778715639784963,2888.2099609375,1
3157,2019-04-11,175133.1164387242,217547.0039459955,3.8123067008344336e-05,3.8123067008344336e-05,2888.320068359375,1
3158,2019-04-12,176290.62798493064,218984.84262568472,0.006609324208602496,0.006609324208602496,2907.409912109375,1
3159,2019-04-15,176179.6761095621,218847.0203305104,-0.0006293691084816588,-0.0006293691084816588,2905.580078125,1
3160,2019-04-16,176269.41463771206,218958.49181194426,0.0005093580038946222,0.0005093580038948442,2907.06005859375,1
3161,2019-04-17,175868.6111653167,218460.6214127655,-0.0022738117853239315,-0.0022738117853239315,2900.449951171875,1
3162,2019-04-18,176146.32393141594,218805.5908934153,0.0015790922795098083,0.0015790922795098083,2905.030029296875,1
3163,2019-04-22,176324.58710462315,219027.02599394755,0.001012017561471401,0.001012017561471401,2907.969970703125,1
3164,2019-04-23,177883.50906477138,220963.48900398324,0.008841205788409079,0.008841205788408857,2933.679931640625,1
3165,2019-04-24,177493.6305402108,220479.18936582364,-0.002191763174733685,-0.002191763174733685,2927.25,1
3166,2019-04-25,177428.1400670113,220397.83835396892,-0.0003689736527456855,-0.0003689736527456855,2926.169921875,1
3167,2019-04-26,178259.44273721759,221430.46661385006,0.0046852921407636305,0.0046852921407636305,2939.8798828125,1
3168,2019-04-29,178450.45168289874,221667.73426890466,0.001071522174355355,0.001071522174355355,2943.030029296875,1
3169,2019-04-30,178620.232477909,221878.63272165376,0.0009514170090865193,0.0009514170090865193,2945.830078125,1
3170,2019-05-01,177280.19436421833,220214.0630346931,-0.007502163081421376,-0.007502163081421487,2923.72998046875,1
3171,2019-05-02,176903.65375022576,219746.33149365854,-0.0021239857917741967,-0.0021239857917741967,2917.52001953125,1
3172,2019-05-03,178608.7005885278,221864.30802946686,0.009638279380647763,0.009638279380647763,2945.639892578125,1
3173,2019-05-06,177810.14315492127,220872.35527551305,-0.004470988428756484,-0.004470988428756484,2932.469970703125,1
3174,2019-05-07,174874.20405711033,217225.3879429803,-0.016511651392423277,-0.016511651392423277,2884.050048828125,1
3175,2019-05-08,174593.45658327916,216876.64880649184,-0.0016054253132696816,-0.0016054253132695706,2879.419921875,1
3176,2019-05-09,174065.93555876173,216221.3722903428,-0.0030214249424966866,-0.0030214249424966866,2870.719970703125,1
3177,2019-05-10,174713.5125818434,217025.78006918213,0.0037202972597878414,0.0037202972597878414,2881.39990234375,1
3178,2019-05-13,170497.57817307624,211788.82706959895,-0.02413055719884416,-0.02413055719884416,2811.8701171875,1
3179,2019-05-14,171864.27730445054,213486.51456224459,0.008015944543135589,0.008015944543135589,2834.409912109375,1
3180,2019-05-15,172867.7885358526,214733.05699954572,0.005838975074641928,0.005838975074641928,2850.9599609375,1
3181,2019-05-16,174405.49714878225,216643.16919584095,0.008895287120600504,0.008895287120600504,2876.320068359375,1
3182,2019-05-17,173387.43412371943,215378.55079907933,-0.005837333350761975,-0.005837333350761864,2859.530029296875,1
3183,2019-05-20,172217.17680503902,213924.87956486776,-0.0067493779153878775,-0.0067493779153879885,2840.22998046875,1
3184,2019-05-21,173680.30562502582,215742.35017035736,0.00849583559044853,0.008495835590448308,2864.360107421875,1
3185,2019-05-22,173189.76362448046,215133.00828974473,-0.0028243962306494508,-0.002824396230649562,2856.27001953125,1
3186,2019-05-23,171126.3548116725,212569.88137080366,-0.01191414994527018,-0.01191414994527018,2822.239990234375,1
3187,2019-05-24,171357.984430604,212857.6072484011,0.0013535590072399906,0.0013535590072402126,2826.06005859375,1
3188,2019-05-28,169922.74531484593,211074.780699497,-0.008375676922946718,-0.008375676922946718,2802.389892578125,1
3189,2019-05-29,168748.25420879322,209615.85033567637,-0.0069119122568113145,-0.0069119122568114255,2783.02001953125,1
3190,2019-05-30,169102.36759247447,210055.72320063502,0.0020984713906615493,0.0020984713906617714,2788.860107421875,1
3191,2019-05-31,166870.99880929542,207283.95962244808,-0.013195372808478378,-0.01319537280847849,2752.06005859375,1
3192,2019-06-03,166409.56039607152,206710.76966075643,-0.0027652403144733384,-0.0027652403144733384,2744.449951171875,1
3193,2019-06-04,169976.11176057023,211141.07147656218,0.021432370568193138,0.021432370568193138,2803.27001953125,1
3194,2019-06-05,171363.43210106908,212864.3742403456,0.008161854781412181,0.008161854781411959,2826.14990234375,1
3195,2019-06-06,172414.84730427802,214170.42207420233,0.006135586748687638,0.006135586748687416,2843.489990234375,1
3196,2019-06-07,174224.80620938953,216418.7183706378,0.01049769746289475,0.01049769746289475,2873.340087890625,1
3197,2019-06-10,175036.70155356402,217427.2392217166,0.0046600444669098184,0.0046600444669098184,2886.72998046875,1
3198,2019-06-11,174975.45967118916,217351.165728036,-0.00034988023558091275,-0.00034988023558091275,2885.719970703125,1
3199,2019-06-12,174618.93332477473,216908.2955269715,-0.0020375791387227116,-0.0020375791387227116,2879.840087890625,1
3200,2019-06-13,175334.4137837891,217797.0516537714,0.004097381912668174,0.004097381912668174,2891.639892578125,1
3201,2019-06-14,175051.86028877116,217446.06911234482,-0.001611511904139662,-0.001611511904139662,2886.97998046875,1
3202,2019-06-17,175214.96472677123,217648.67432224884,0.0009317492412306283,0.0009317492412306283,2889.669921875,1
3203,2019-06-18,176917.59860234012,219763.6535219513,0.009717399870633026,0.009717399870632804,2917.75,1
3204,2019-06-19,177445.72656840392,220419.68396926805,0.002985163546396885,0.002985163546397107,2926.4599609375,1
3205,2019-06-20,179126.52535175552,222507.54003549725,0.009472185190685156,0.009472185190685156,2954.179931640625,1
3206,2019-06-21,178900.9651482878,222227.35346957715,-0.0012592227925193322,-0.0012592227925193322,2950.4599609375,1
3207,2019-06-24,178591.1288905875,221842.48080273278,-0.0017318870104667816,-0.0017318870104667816,2945.35009765625,1
3208,2019-06-25,176895.15656857644,219735.7764573103,-0.009496397343734198,-0.009496397343734198,2917.3798828125,1
3209,2019-06-26,176676.87966366528,219464.637065403,-0.0012339337557075725,-0.0012339337557076835,2913.780029296875,1
3210,2019-06-27,177352.34639097567,220303.6889008278,0.003823175554131586,0.003823175554131586,2924.919921875,1
3211,2019-06-28,178373.44412377037,221572.07695342813,0.0057574526279098315,0.0057574526279098315,2941.760009765625,1
3212,2019-07-01,179741.97888323615,223272.044628142,0.007672301032188189,0.007672301032188189,2964.330078125,1
3213,2019-07-02,180268.28602466083,223925.81328195558,0.002928125887423194,0.002928125887423194,2973.010009765625,1
3214,2019-07-03,181651.37257778735,225643.85691612994,0.007672378673070135,0.007672378673070135,2995.820068359375,1
3215,2019-07-05,181323.32807369568,225236.36631425362,-0.001805901598410431,-0.00180590159841032,2990.409912109375,1
3216,2019-07-08,180446.54919786804,224147.24838248783,-0.004835444424841406,-0.004835444424841406,2975.949951171875,1
3217,2019-07-09,180669.68163515025,224424.419223737,0.0012365569653400854,0.0012365569653400854,2979.6298828125,1
3218,2019-07-10,181484.626490509,225436.72811921954,0.0045106896075925995,0.0045106896075925995,2993.070068359375,1
3219,2019-07-11,181899.3600115664,225951.90215812597,0.00228522673836018,0.002285226738359958,2999.909912109375,1
3220,2019-07-12,182739.76680496836,226995.8393855231,0.004620174547884659,0.004620174547884881,3013.77001953125,1
3221,2019-07-15,182771.90510002174,227035.76096028273,0.00017586919155743175,0.00017586919155743175,3014.300048828125,1
3222,2019-07-16,182149.7900149833,226262.981513358,-0.003403778522185874,-0.003403778522185763,3004.0400390625,1
3223,2019-07-17,180960.1253702711,224785.2028703441,-0.006531243569451006,-0.006531243569450895,2984.419921875,1
3224,2019-07-18,181608.32413835148,225590.3829689162,0.003581997784064761,0.003581997784064761,2995.110107421875,1
3225,2019-07-19,180486.57773302434,224196.97106242797,-0.006176734522766569,-0.006176734522766569,2976.610107421875,1
3226,2019-07-22,180997.11919769552,224831.15589444558,0.002828694915066654,0.002828694915066432,2985.030029296875,1
3227,2019-07-23,182236.49383540137,226370.68333895318,0.006847482673755456,0.006847482673755456,3005.469970703125,1
3228,2019-07-24,183090.84548091772,227431.94259464307,0.004688147952890409,0.004688147952890187,3019.56005859375,1
3229,2019-07-25,182127.34798121962,226235.104448717,-0.005262401280453521,-0.005262401280453521,3003.669921875,1
3230,2019-07-26,183472.8485688277,227906.45951618723,0.007387691099234761,0.007387691099234761,3025.860107421875,1
3231,2019-07-29,183176.33541824305,227538.13655790282,-0.0016161146071345112,-0.0016161146071344001,3020.969970703125,1
3232,2019-07-30,182703.9868606367,226951.3942237571,-0.0025786549148274496,-0.0025786549148275606,3013.179931640625,1
3233,2019-07-31,180715.1578407716,224480.90889562166,-0.010885526112695887,-0.010885526112695776,2980.3798828125,1
3234,2019-08-01,179088.93938623706,222460.8514687931,-0.00899879386967306,-0.008998793869673172,2953.56005859375,1
3235,2019-08-02,177784.68121687806,220840.72694359848,-0.007282739927037762,-0.007282739927037873,2932.050048828125,1
3236,2019-08-05,172490.64098031362,214264.57152734345,-0.02977782000298601,-0.0297778200029859,2844.739990234375,1
3237,2019-08-06,174735.95461560707,217053.65713382314,0.013017017169932865,0.013017017169932643,2881.77001953125,1
3238,2019-08-07,174869.95546628567,217220.1104248062,0.0007668762331907164,0.0007668762331907164,2883.97998046875,1
3239,2019-08-08,178150.91862803453,221295.66004334667,0.018762303409984193,0.018762303409984193,2938.090087890625,1
3240,2019-08-09,176972.16412770483,219831.43377278687,-0.006616606354923449,-0.006616606354923449,2918.64990234375,1
3241,2019-08-12,174792.3409656109,217123.69917816189,-0.012317322177972323,-0.012317322177972212,2882.699951171875,1
3242,2019-08-13,177437.24419020698,220409.1473214849,0.01513168832218148,0.015131688322181258,2926.320068359375,1
3243,2019-08-14,172239.6188388027,213952.75662950875,-0.029292752911742603,-0.029292752911742714,2840.60009765625,1
3244,2019-08-15,172664.06342460215,214479.9935670989,0.0024642680276520945,0.0024642680276520945,2847.60009765625,1
3245,2019-08-16,175154.9367274891,217574.1086909037,0.014426124657807904,0.014426124657807904,2888.679931640625,1
3246,2019-08-19,177275.3388318473,220208.03158535124,0.012105865492430645,0.012105865492430645,2923.64990234375,1
3247,2019-08-20,175872.25281459498,218465.14499977187,-0.007914727601131322,-0.007914727601131322,2900.510009765625,1
3248,2019-08-21,177322.6358621078,220266.78305073912,0.00824679859557964,0.00824679859557964,2924.429931640625,1
3249,2019-08-22,177232.8973339578,220155.31156930525,-0.0005060748601761755,-0.0005060748601761755,2922.949951171875,1
3250,2019-08-23,172634.3528957343,214443.0877170102,-0.025946336754617993,-0.025946336754617993,2847.110107421875,1
3251,2019-08-26,174530.39387626515,216798.31351930805,0.010982987735216332,0.010982987735216332,2878.3798828125,1
3252,2019-08-27,173971.3414982407,216103.86935956712,-0.003203180635808267,-0.003203180635808267,2869.159912109375,1
3253,2019-08-28,175110.06746341413,217518.37295018678,0.006545480165679685,0.006545480165679685,2887.93994140625,1
3254,2019-08-29,177331.7399853035,220278.0920182551,0.012687291793508804,0.012687291793508804,2924.580078125,1
3255,2019-08-30,177445.72656840392,220419.68396926805,0.0006427872591217021,0.0006427872591217021,2926.4599609375,1
3256,2019-09-03,176221.5106659052,218898.98641538867,-0.006899100509060729,-0.006899100509060729,2906.27001953125,1
3257,2019-09-04,178132.11824354914,221272.30656571206,0.010842079212827871,0.010842079212827871,2937.780029296875,1
3258,2019-09-05,180449.58390559992,224151.01803832647,0.013009813642266721,0.013009813642266721,2976.0,1
3259,2019-09-06,180613.90222669276,224355.13111056597,0.0009106051537297599,0.000910605153729982,2978.7099609375,1
3260,2019-09-09,180596.9226668465,224334.03942643455,-9.401025965838361e-05,-9.401025965849463e-05,2978.429931640625,1
3261,2019-09-10,180655.12984148948,224406.3432642765,0.0003223043548219451,0.0003223043548219451,2979.389892578125,1
3262,2019-09-11,181961.20883548763,226028.7295829743,0.007229681189480308,0.007229681189480308,3000.929931640625,1
3263,2019-09-12,182485.10301417916,226679.50090068203,0.002879153101061016,0.002879153101061016,3009.570068359375,1
3264,2019-09-13,182352.90818468735,226515.2910146371,-0.0007244143620946941,-0.0007244143620948051,3007.389892578125,1
3265,2019-09-16,181781.12483764128,225805.03268893887,-0.0031355866640029317,-0.0031355866640029317,2997.9599609375,1
3266,2019-09-17,182250.43868751574,226388.00536724596,0.0025817523700197853,0.0025817523700200073,3005.699951171875,1
3267,2019-09-18,182312.89445298337,226465.58672326204,0.00034269198975556137,0.00034269198975556137,3006.72998046875,1
3268,2019-09-19,182316.53610226166,226470.1103102684,1.9974721421789354e-05,1.997472142156731e-05,3006.7900390625,1
3269,2019-09-20,181423.9915496805,225361.40855670665,-0.0048955765157830955,-0.0048955765157830955,2992.070068359375,1
3270,2019-09-23,181406.40504828785,225339.5629414075,-9.693591923776168e-05,-9.693591923776168e-05,2991.780029296875,1
3271,2019-09-24,179879.621383193,223443.02150613145,-0.008416371322106486,-0.008416371322106375,2966.60009765625,1
3272,2019-09-25,180987.4229364058,224819.11138432694,0.006158571742003405,0.006158571742003183,2984.8701171875,1
3273,2019-09-26,180547.8196153992,224273.04455610857,-0.002428916406865822,-0.002428916406865822,2977.6201171875,1
3274,2019-09-27,179587.9637649794,223080.72999718887,-0.005316352490240428,-0.005316352490240539,2961.7900390625,1
3275,2019-09-30,180494.45316967493,224206.7537790434,0.005047606675254945,0.005047606675254945,2976.739990234375,1
3276,2019-10-01,178281.88477098124,221458.34367849107,-0.012258373372913356,-0.012258373372913245,2940.25,1
3277,2019-10-02,175090.06799928832,217493.52999878177,-0.017903202985502853,-0.017903202985502964,2887.610107421875,1
3278,2019-10-03,176485.8707179841,219227.3694103484,0.00797191259701524,0.00797191259701524,2910.6298828125,1
3279,2019-10-04,178994.95226726244,222344.10246918513,0.014216897585460186,0.014216897585460186,2952.010009765625,1
3280,2019-10-07,178193.36012592402,221348.3800593927,-0.004478294673592509,-0.004478294673592509,2938.7900390625,1
3281,2019-10-08,175420.52546611315,217904.01793676394,-0.01556081920140795,-0.01556081920140795,2893.06005859375,1
3282,2019-10-09,177017.64033332618,219887.92344467153,0.0091044925499415,0.0091044925499415,2919.39990234375,1
3283,2019-10-10,178153.33159076772,221298.65737945255,0.006415695380997066,0.006415695380997066,2938.1298828125,1
3284,2019-10-11,180102.14687892885,223719.43841621288,0.010938977513132997,0.010938977513132997,2970.27001953125,1
3285,2019-10-14,179852.32381705832,223409.11299214858,-0.0013871187334510982,-0.0013871187334510982,2966.14990234375,1
3286,2019-10-15,181642.87539613806,225633.3018797817,0.009955676641137279,0.009955676641137279,2995.679931640625,1
3287,2019-10-16,181279.67269271344,225182.13843587216,-0.0019995427986509995,-0.0019995427986508885,2989.68994140625,1
3288,2019-10-17,181780.5178960949,225804.27875777116,0.0027628315736780706,0.0027628315736782927,2997.949951171875,1
3289,2019-10-18,181068.0573413601,224919.27389824484,-0.003919344949506853,-0.003919344949506964,2986.199951171875,1
3290,2019-10-21,182312.287511437,226464.8327920943,0.006871616056117524,0.006871616056117524,3006.719970703125,1
3291,2019-10-22,181661.67578062345,225656.6553574163,-0.003568666378412577,-0.003568666378412688,2995.989990234375,1
3292,2019-10-23,182178.89360230477,226299.13343227896,0.0028471487971184484,0.0028471487971184484,3004.52001953125,1
3293,2019-10-24,182528.7583951614,226733.7287790635,0.001920446358733452,0.001920446358733452,3010.2900390625,1
3294,2019-10-25,183272.1433618568,227657.147351014,0.004072700506108973,0.004072700506108973,3022.550048828125,1
3295,2019-10-28,184295.0471158383,228927.77880855242,0.005581337868471703,0.005581337868471481,3039.419921875,1
3296,2019-10-29,184141.63893912794,228737.21810876703,-0.0008324053147990007,-0.0008324053147991117,3036.889892578125,1
3297,2019-10-30,184740.71985230868,229481.3849484481,0.00325337015914573,0.00325337015914573,3046.77001953125,1
3298,2019-10-31,184182.27441583062,228787.69471987488,-0.0030228605633046968,-0.003022860563304808,3037.56005859375,1
3299,2019-11-01,185961.90104707552,230998.31284648884,0.009662312168146059,0.009662312168146281,3066.909912109375,1
3300,2019-11-04,186650.72048840625,231853.95116760378,0.003704089049704651,0.003704089049704651,3078.27001953125,1
3301,2019-11-05,186429.40887576318,231579.0421198578,-0.001185699214361291,-0.001185699214361291,3074.6201171875,1
3302,2019-11-06,186560.3750187099,231741.72575500217,0.0007024972279667807,0.0007024972279667807,3076.780029296875,1
3303,2019-11-07,187069.70260028832,232374.40272468433,0.0027300951851503275,0.0027300951851503275,3085.179931640625,1
3304,2019-11-08,187548.72751490484,232969.4383016751,0.0025606760900243053,0.0025606760900243053,3093.080078125,1
3305,2019-11-11,187180.66927910922,232512.24340842373,-0.0019624672514313435,-0.0019624672514312325,3087.010009765625,1
3306,2019-11-12,187473.54078041558,232876.04277970173,0.0015646460846321375,0.0015646460846321375,3091.840087890625,1
3307,2019-11-13,187606.9346895478,233041.74213951707,0.0007115345908383919,0.0007115345908383919,3094.0400390625,1
3308,2019-11-14,187763.9697120841,233236.8080377438,0.0008370427393644686,0.0008370427393644686,3096.6298828125,1
3309,2019-11-15,189208.90508913188,235031.6790967665,0.007695488006902673,0.007695488006902673,3120.4599609375,1
3310,2019-11-18,189304.10609119927,235149.93595870995,0.0005031528617669423,0.0005031528617671643,3122.030029296875,1
3311,2019-11-19,189191.92552928563,235010.58741263507,-0.0005925944462060739,-0.000592594446206185,3120.179931640625,1
3312,2019-11-20,188481.28579918994,234127.84434661196,-0.003756184245747196,-0.003756184245747085,3108.4599609375,1
3313,2019-11-21,188182.9666274185,233757.27798338942,-0.0015827522106850456,-0.0015827522106851566,3103.5400390625,1
3314,2019-11-22,188592.25247801084,234265.68503035133,0.0021749356911917594,0.0021749356911917594,3110.2900390625,1
3315,2019-11-25,190008.06946428478,236024.385781888,0.007507291353015866,0.007507291353015866,3133.639892578125,1
3316,2019-11-26,190425.24555498004,236542.59393403045,0.0021955703874654287,0.0021955703874654287,3140.52001953125,1
3317,2019-11-27,191220.16133930828,237530.02310097785,0.004174424362754614,0.004174424362754614,3153.6298828125,1
3318,2019-11-29,190453.1352592088,236577.23799061598,-0.004011219709926128,-0.004011219709926239,3140.97998046875,1
3319,2019-12-02,188809.3303032816,234535.33494848828,-0.008631020716408533,-0.008631020716408422,3113.8701171875,1
3320,2019-12-03,187555.99601000902,232978.46708712282,-0.00663809511563529,-0.006638095115635401,3093.199951171875,1
3321,2019-12-04,188742.01900544294,234451.72214313035,0.00632356747139462,0.00632356747139462,3112.760009765625,1
3322,2019-12-05,189025.17944200727,234803.45861572467,0.0015002511791302187,0.0015002511791302187,3117.429931640625,1
3323,2019-12-06,190752.0613725266,236948.55828500623,0.009135724328457107,0.009135724328457107,3145.909912109375,1
3324,2019-12-09,190148.74667197355,236199.13231571612,-0.00316282139344648,-0.00316282139344648,3135.9599609375,1
3325,2019-12-10,189940.1660283521,235940.0374339274,-0.0010969340964485097,-0.0010969340964487317,3132.52001953125,1
3326,2019-12-11,190492.54204936637,236626.1883508233,0.002908158040315856,0.002908158040315856,3141.6298828125,1
3327,2019-12-12,192126.05860590978,238655.3113402297,0.008575225775086182,0.008575225775086182,3168.570068359375,1
3328,2019-12-13,192140.00345802415,238672.63336852245,7.258178414493166e-05,7.258178414493166e-05,3168.800048828125,1
3329,2019-12-16,193513.37894640863,240378.61410401313,0.00714778527983384,0.00714778527983384,3191.449951171875,1
3330,2019-12-17,193578.26247806178,240459.21118470014,0.00033529222633799094,0.000335292226338213,3192.52001953125,1
3331,2019-12-18,193494.57856192323,240355.26062637853,-0.0004323001718646857,-0.00043230017186479675,3191.139892578125,1
3332,2019-12-19,194357.42738908887,241427.07491841665,0.004459292004863613,0.004459292004863613,3205.3701171875,1
3333,2019-12-20,195318.4823191491,242620.87895110674,0.004944781081796634,0.004944781081796634,3221.219970703125,1
3334,2019-12-23,195487.65617261297,242831.02347268807,0.0008661436002121992,0.0008661436002119771,3224.010009765625,1
3335,2019-12-24,195449.44846209578,242783.56258625112,-0.00019544819997974194,-0.00019544819997963092,3223.3798828125,1
3336,2019-12-26,196451.7458104051,244028.5971612168,0.005128166675301138,0.005128166675301138,3239.909912109375,1
3337,2019-12-27,196458.42216741526,244036.89040406188,3.3984717125568054e-05,3.3984717125568054e-05,3240.02001953125,1
3338,2019-12-30,195322.73090997373,242626.15646928086,-0.005780822450430434,-0.005780822450430434,3221.2900390625,1
3339,2019-12-31,195898.15590629805,243340.93838198547,0.0029460216619106028,0.0029460216619106028,3230.780029296875,1
3340,2020-01-02,197539.54789949208,245379.84408800732,0.008378802677341923,0.008378802677341701,3257.85009765625,1
3341,2020-01-03,196144.9442604367,243647.4941502111,-0.007059870562045489,-0.007059870562045378,3234.85009765625,1
3342,2020-01-06,196837.99748913973,244508.39160093508,0.0035333728907271933,0.0035333728907271933,3246.280029296875,1
3343,2020-01-07,196286.21360621948,243822.97622664185,-0.0028032386528962228,-0.0028032386528962228,3237.179931640625,1
3344,2020-01-08,197248.49722282484,245018.30651023248,0.004902451368978156,0.004902451368978156,3253.050048828125,1
3345,2020-01-09,198561.2377703808,246648.96768321027,0.006655262605488987,0.006655262605488987,3274.699951171875,1
3346,2020-01-10,197994.30995570577,245944.7408068539,-0.002855178689662674,-0.002855178689662563,3265.35009765625,1
3347,2020-01-13,199375.5608807408,247660.50425896002,0.006976215252569862,0.006976215252569862,3288.1298828125,1
3348,2020-01-14,199073.60005969112,247285.4143087311,-0.001514532772802113,-0.001514532772802224,3283.14990234375,1
3349,2020-01-15,199445.90688631136,247747.8867201566,0.0018701968845120653,0.0018701968845122874,3289.2900390625,1
3350,2020-01-16,201114.58164218772,249820.68255159623,0.00836655302646827,0.00836655302646827,3316.81005859375,1
3351,2020-01-17,201891.3187870293,250785.5305606418,0.003862162248501333,0.003862162248501333,3329.6201171875,1
3352,2020-01-21,201355.90752240896,250120.45293931226,-0.0026519776473654666,-0.0026519776473655776,3320.7900390625,1
3353,2020-01-22,201414.11469705193,250192.75677715422,0.0002890760711180551,0.0002890760711180551,3321.75,1
3354,2020-01-23,201643.9234913443,250478.22086124844,0.0011409766124783616,0.0011409766124783616,3325.5400390625,1
3355,2020-01-24,199820.62667566483,248213.35646768796,-0.009042160974207292,-0.009042160974207403,3295.469970703125,1
3356,2020-01-27,196677.30601387282,244308.7837271369,-0.015730711659182384,-0.015730711659182384,3243.6298828125,1
3357,2020-01-28,198654.61794780905,246764.9627516505,0.010053584595046017,0.010053584595046239,3276.239990234375,1
3358,2020-01-29,198482.4093866133,246551.04857423052,-0.0008668741908682831,-0.0008668741908683941,3273.39990234375,1
3359,2020-01-30,199104.52447165173,247323.82802115526,0.003134358792605374,0.003134358792605596,3283.659912109375,1
3360,2020-01-31,195579.21552540208,242944.75674762513,-0.01770582037552637,-0.01770582037552626,3225.52001953125,1
3361,2020-02-03,196998.0672194079,244707.22715500047,0.007254613892351713,0.007254613892351713,3248.919921875,1
3362,2020-02-04,199949.17985587835,248373.0427667265,0.014980414164082134,0.014980414164082134,3297.590087890625,1
3363,2020-02-05,202198.7272785441,251167.38750281525,0.01125059589785371,0.01125059589785371,3334.68994140625,1
3364,2020-02-06,202871.17410157493,252002.6880709665,0.003325672876785646,0.003325672876785868,3345.780029296875,1
3365,2020-02-07,201775.4965758374,250641.65842756056,-0.005400853672729911,-0.005400853672730133,3327.7099609375,1
3366,2020-02-10,203253.7841310313,252477.95892367838,0.007326397804890528,0.007326397804890528,3352.090087890625,1
3367,2020-02-11,203596.97256687775,252904.26102761785,0.0016884725532351208,0.0016884725532351208,3357.75,1
3368,2020-02-12,204912.7478221656,254538.6918564343,0.006462646466197652,0.006462646466197652,3379.449951171875,1
3369,2020-02-13,204578.6487060625,254123.68033144574,-0.0016304457368023773,-0.0016304457368023773,3373.93994140625,1
3370,2020-02-14,204955.79626160147,254592.16580364804,0.0018435333204338544,0.0018435333204338544,3380.159912109375,1
3371,2020-02-18,204357.33709341945,253848.77128369975,-0.002919942636890105,-0.002919942636890216,3370.2900390625,1
3372,2020-02-19,205318.99896502605,255043.32924755756,0.004705785881164548,0.004705785881164548,3386.14990234375,1
3373,2020-02-20,204535.60026662666,254070.206384232,-0.00381551976362815,-0.003815519763628039,3373.22998046875,1
3374,2020-02-21,202384.27375030785,251397.8697773603,-0.01051810302712286,-0.01051810302712286,3337.75,1
3375,2020-02-24,195601.6427557134,242972.61542370106,-0.03351362667122315,-0.03351362667122315,3225.889892578125,1
3376,2020-02-25,189678.8258805527,235615.4057062413,-0.030279995565056117,-0.030279995565056228,3128.2099609375,1
3377,2020-02-26,188962.11673499324,234725.12332854085,-0.0037785406053220116,-0.0037785406053219006,3116.389892578125,1
3378,2020-02-27,180616.93693442468,224358.9007664046,-0.044163242584079,-0.04416324258407911,2978.760009765625,1
3379,2020-02-28,179128.95311794104,222510.55576016818,-0.008238340444361891,-0.00823834044436178,2954.219970703125,1
3380,2020-03-02,187375.91201216268,232754.77019308737,0.046039229006110016,0.046039229006110016,3090.22998046875,1
3381,2020-03-03,182109.16934173295,226212.52329081518,-0.028107896121075893,-0.028107896121075893,3003.3701171875,1
3382,2020-03-04,189794.64809174463,235759.27783932255,0.04220259077449118,0.0422025907744914,3130.1201171875,1
3383,2020-03-05,183356.4194160894,227761.83345193826,-0.03392207704688843,-0.03392207704688843,3023.93994140625,1
3384,2020-03-06,180229.48617604963,223877.61685291596,-0.017053852000370018,-0.01705385200037013,2972.3701171875,1
3385,2020-03-09,166537.5066347387,206869.70202862725,-0.07596969747745097,-0.07596969747745097,2746.56005859375,1
3386,2020-03-10,174763.8443198358,217088.30119040865,0.04939630628156122,0.04939630628156122,2882.22998046875,1
3387,2020-03-11,166223.4069827614,206479.53345504368,-0.048868445131273974,-0.048868445131273974,2741.3798828125,1
3388,2020-03-12,159362.52489463077,186840.71146097835,-0.04127506596494057,-0.09511268097833658,2480.639892578125,0
3389,2020-03-13,159362.52489463077,204192.84183474912,0.0,0.09287124972971839,2711.02001953125,0
3390,2020-03-16,159362.52489463077,179722.25887234358,0.0,-0.11984055240393443,2386.1298828125,0
3391,2020-03-17,159362.52489463077,190497.4798986916,0.0,0.05995484974402454,2529.18994140625,0
3392,2020-03-18,159362.52489463077,180623.85021756002,0.0,-0.051830762729157875,2398.10009765625,0
3393,2020-03-19,159362.52489463077,181474.19263193576,0.0,0.0047078080405855705,2409.389892578125,0
3394,2020-03-20,159362.52489463077,173605.56014284314,0.0,-0.04335951230846202,2304.919921875,0
3395,2020-03-23,159362.52489463077,168519.98181088836,0.0,-0.029293867821804542,2237.39990234375,0
3396,2020-03-24,159362.52489463077,184331.8308089838,0.0,0.09382773976227554,2447.330078125,0
3397,2020-03-25,159362.52489463077,186458.10058763716,0.0,0.011535011448221999,2475.56005859375,0
3398,2020-03-26,159362.52489463077,198095.72692704463,0.0,0.062414163303876835,2630.070068359375,0
3399,2020-03-27,159362.52489463077,191422.40633297755,0.0,-0.03368735256225264,2541.469970703125,0
3400,2020-03-30,159362.52489463077,197838.12151902635,0.0,0.03351600948370015,2626.64990234375,0
3401,2020-03-31,159362.52489463077,194670.1946950441,0.0,-0.016012721914555716,2584.590087890625,0
3402,2020-04-01,159362.52489463077,186076.97918806638,0.0,-0.04414243033166543,2470.5,0
3403,2020-04-02,159362.52489463077,190324.9951583667,0.0,0.02282934723487151,2526.89990234375,0
3404,2020-04-03,159362.52489463077,187444.0218922491,0.0,-0.01513712512494958,2488.64990234375,0
3405,2020-04-06,159362.52489463077,200627.20712550604,0.0,0.07033131865275077,2663.679931640625,0
3406,2020-04-07,159362.52489463077,200305.59112249085,0.0,-0.0016030527844311804,2659.409912109375,0
3407,2020-04-08,159362.52489463077,207127.28904808048,0.0,0.03405645287963033,2749.97998046875,0
3408,2020-04-09,159362.52489463077,210128.02703847698,0.0,0.014487410153376512,2789.820068359375,0
3409,2020-04-13,159362.52489463077,208004.75459592947,0.0,-0.010104660822607525,2761.6298828125,0
3410,2020-04-14,159362.52489463077,214363.99849865865,0.0,0.030572589146256046,2846.06005859375,0
3411,2020-04-15,159362.52489463077,209641.4656068142,0.0,-0.022030438529415663,2783.360107421875,0
3412,2020-04-16,159362.52489463077,210860.88491064208,0.0,0.005816689462164515,2799.550048828125,0
3413,2020-04-17,159362.52489463077,216510.6060302757,0.0,0.026793594848223412,2874.56005859375,0
3414,2020-04-20,159362.52489463077,212639.1694839747,0.0,-0.0178810480340148,2823.159912109375,0
3415,2020-04-21,159362.52489463077,206116.50640349847,0.0,-0.030674795694063284,2736.56005859375,0
3416,2020-04-22,159362.52489463077,210842.8089511816,0.0,0.022930247703843776,2799.31005859375,0
3417,2020-04-23,159362.52489463077,210729.07567624454,0.0,-0.000539422119743227,2797.800048828125,0
3418,2020-04-24,159362.52489463077,213662.0150272404,0.0,0.013918057304545428,2836.739990234375,0
3419,2020-04-27,159362.52489463077,216805.85283098536,0.0,0.014714069804799612,2878.47998046875,0
3420,2020-04-28,159362.52489463077,215669.27401278258,0.0,-0.005242380698499027,2863.389892578125,0
3421,2020-04-29,159362.52489463077,221402.60793777413,0.0,0.026583916282167053,2939.510009765625,0
3422,2020-04-30,159362.52489463077,219362.94830058457,0.0,-0.009212446303987543,2912.429931640625,0
3423,2020-05-01,159362.52489463077,213207.83585865994,0.0,-0.028059034078492195,2830.7099609375,0
3424,2020-05-04,159362.52489463077,214113.93240231767,0.0,0.004249827591976452,2842.739990234375,0
3425,2020-05-05,159362.52489463077,216049.64148118565,0.0,0.009040556385797371,2868.43994140625,0
3426,2020-05-06,159362.52489463077,214541.74236859262,0.0,-0.006979410390386298,2848.419921875,0
3427,2020-05-07,159362.52489463077,217009.96590322486,0.0,0.011504630788313985,2881.18994140625,0
3428,2020-05-08,159362.52489463077,220671.2579279445,0.0,0.016871538638701944,2929.800048828125,0
3429,2020-05-11,159362.52489463077,220700.6244663559,0.0,0.00013307822091168653,2930.18994140625,0
3430,2020-05-12,159362.52489463077,216176.19158597413,0.0,-0.020500317528877154,2870.1201171875,0
3431,2020-05-13,159362.52489463077,212401.16628631743,0.0,-0.01746272460422804,2820.0,0
3432,2020-05-14,159362.52489463077,214849.052067986,0.0,0.01152482269503552,2852.5,0
3433,2020-05-15,159362.52489463077,215692.62749041722,0.0,0.0039263632504382695,2863.699951171875,0
3434,2020-05-18,159362.52489463077,222487.20228253357,0.0,0.03150119163168075,2953.909912109375,0
3435,2020-05-19,159362.52489463077,220154.5576381375,0.0,-0.010484399194493288,2922.93994140625,0
3436,2020-05-20,159362.52489463077,223820.37324986357,0.0,0.01665110025908012,2971.610107421875,0
3437,2020-05-21,159362.52489463077,222080.48400039005,0.0,-0.007773596407737116,2948.510009765625,0
3438,2020-05-22,159362.52489463077,222603.19735097382,0.0,0.002353711326488428,2955.449951171875,0
3439,2020-05-26,159362.52489463077,225338.80901023978,0.0,0.012289184036080147,2991.77001953125,0
3440,2020-05-27,159362.52489463077,228679.97450571464,0.0,0.014827297215913804,3036.1298828125,0
3441,2020-05-28,159362.52489463077,228197.93666105822,0.0,-0.0021079145460739523,3029.72998046875,0
3442,2020-05-29,159362.52489463077,229296.10176683683,0.0,0.0048123358249716475,3044.31005859375,0
3443,2020-06-01,159362.52489463077,230156.24528639307,0.0,0.003751234813537785,3055.72998046875,0
3444,2020-06-02,159362.52489463077,232046.01972972462,0.0,0.008210832780053412,3080.820068359375,0
3445,2020-06-03,160434.77077832527,235213.21101110417,0.006728343971730277,0.013648979133831007,3122.8701171875,1
3446,2020-06-04,159894.31380805597,234420.84774238348,-0.0033687022311145176,-0.0033687022311144066,3112.35009765625,1
3447,2020-06-05,164085.40772944022,240565.4051479599,0.026211650818398935,0.026211650818398935,3193.929931640625,1
3448,2020-06-08,166061.2551984692,243462.19258003478,0.012041579421169235,0.012041579421169235,3232.389892578125,1
3449,2020-06-09,164766.11510215903,241563.38935125552,-0.007799170822611723,-0.007799170822611612,3207.179931640625,1
3450,2020-06-10,163890.69772696958,240279.94106386564,-0.00531309107243727,-0.0053130910724373814,3190.139892578125,1
3451,2020-06-11,154230.31472562204,226116.86597533862,-0.05894405927443824,-0.05894405927443824,3002.10009765625,1
3452,2020-06-12,156244.69280065398,229070.1430792982,0.013060843963234703,0.013060843963234925,3041.31005859375,1
3453,2020-06-15,157543.43259876195,230974.22382625157,0.008312217041285264,0.008312217041285264,3066.590087890625,1
3454,2020-06-16,160530.83390051816,235354.04903094942,0.01896239819380252,0.01896239819380252,3124.739990234375,1
3455,2020-06-17,159952.87481047388,234506.70395267953,-0.0036002995561740248,-0.0036002995561740248,3113.489990234375,1
3456,2020-06-18,160047.92198895384,234646.0524987544,0.0005942198825283906,0.0005942198825283906,3115.340087890625,1
3457,2020-06-19,159143.7320844119,233320.4208431017,-0.005649494809463085,-0.005649494809463085,3097.739990234375,1
3458,2020-06-22,160177.38582852494,234835.85926737206,0.006495095537691675,0.006495095537691675,3117.860107421875,1
3459,2020-06-23,160867.33703478027,235847.39584312178,0.004307419569164139,0.004307419569163917,3131.2900390625,1
3460,2020-06-24,156708.08855891734,229749.52700424957,-0.025855145939064572,-0.02585514593906446,3050.330078125,1
3461,2020-06-25,158425.52259191807,232267.45483025687,0.010959447267809841,0.010959447267809841,3083.760009765625,1
3462,2020-06-26,154587.36249941308,226640.33325709013,-0.024226905044785974,-0.024226905044785974,3009.050048828125,1
3463,2020-06-29,156857.5827949034,229968.7003112786,0.014685678433118632,0.014685678433118632,3053.239990234375,1
3464,2020-06-30,159274.73865332492,233512.48940522256,0.015409875731554834,0.015409875731554612,3100.2900390625,1
3465,2020-07-01,160074.6375458504,234685.22014234628,0.005022132820864389,0.005022132820864389,3115.860107421875,1
3466,2020-07-02,160801.57662876678,235750.9845964775,0.004541250844364297,0.004541250844364075,3130.010009765625,1
3467,2020-07-06,163355.38318784002,239495.1171068223,0.01588172586745884,0.01588172586745884,3179.719970703125,1
3468,2020-07-07,161588.11774284396,236904.1315118053,-0.010818532028197159,-0.01081853202819727,3145.320068359375,1
3469,2020-07-08,162852.94258045973,238758.48957881852,0.007827461915415501,0.007827461915415501,3169.93994140625,1
3470,2020-07-09,161933.86471064258,237411.03069643176,-0.005643606159360992,-0.005643606159361103,3152.050048828125,1
3471,2020-07-10,163628.6971316585,239895.822328189,0.01046620127324438,0.01046620127324438,3185.0400390625,1
3472,2020-07-13,162096.71672507693,237649.78782525676,-0.009362541127788337,-0.009362541127788226,3155.219970703125,1
3473,2020-07-14,164269.84541214642,240835.80899726454,0.013406370782667931,0.013406370782667931,3197.52001953125,1
3474,2020-07-15,165761.7524833831,243023.09203480894,0.009082050740923053,0.009082050740923053,3226.56005859375,1
3475,2020-07-16,165197.15117178712,242195.330778335,-0.0034061012455366413,-0.0034061012455367523,3215.570068359375,1
3476,2020-07-17,165667.73379113112,242885.25135106954,0.002848612194617406,0.002848612194617406,3224.72998046875,1
3477,2020-07-20,167060.49228149108,244927.17278176232,0.0084069387471426,0.0084069387471426,3251.840087890625,1
3478,2020-07-21,167340.99308639017,245338.41465091222,0.0016790373419135474,0.0016790373419135474,3257.300048828125,1
3479,2020-07-22,168302.71550712205,246748.3946545255,0.005747082068739751,0.005747082068739751,3276.02001953125,1
3480,2020-07-23,166229.24964404327,243708.4890205371,-0.012319859824193036,-0.012319859824193036,3235.659912109375,1
3481,2020-07-24,165200.22408795598,242199.83597677632,-0.006190400054688405,-0.006190400054688405,3215.6298828125,1
3482,2020-07-27,166421.90267405804,243990.93737996038,0.007395138795039502,0.007395138795039502,3239.409912109375,1
3483,2020-07-28,165344.5884353173,242411.48836069313,-0.006473392152297919,-0.006473392152297919,3218.43994140625,1
3484,2020-07-29,167399.55408880807,245424.27086120826,0.01242838167815008,0.01242838167815008,3258.43994140625,1
3485,2020-07-30,166771.76358676844,244503.8680139287,-0.003750251937389093,-0.003750251937389093,3246.219970703125,1
3486,2020-07-31,168050.98723157542,246379.3361536384,0.007670504990141325,0.007670504990141325,3271.1201171875,1
3487,2020-08-03,169257.76530988727,248148.59194152334,0.00718102343932614,0.007181023439326362,3294.610107421875,1
3488,2020-08-04,169869.1125747948,249044.88738000055,0.0036119303819723836,0.0036119303819721615,3306.510009765625,1
3489,2020-08-05,170961.32732132575,250646.18201456696,0.006429743053199433,0.006429743053199433,3327.77001953125,1
3490,2020-08-06,172060.21468582333,252257.2593657488,0.00642769555966427,0.00642769555966427,3349.159912109375,1
3491,2020-08-07,172169.13388586554,252416.94566478734,0.0006330295486443038,0.0006330295486443038,3351.280029296875,1
3492,2020-08-10,172641.25923455146,253109.12803102506,0.002742218294476073,0.002742218294475851,3360.469970703125,1
3493,2020-08-11,171265.45822443758,251092.06794030237,-0.007969132154236114,-0.007969132154236003,3333.68994140625,1
3494,2020-08-12,173662.58368644415,254606.49049583494,0.013996549490237653,0.013996549490237653,3380.35009765625,1
3495,2020-08-13,173307.06609948006,254085.26661902157,-0.002047174350497949,-0.002047174350497949,3373.429931640625,1
3496,2020-08-14,173277.27762641464,254041.59377698833,-0.00017188262276812694,-0.00017188262276823796,3372.85009765625,1
3497,2020-08-17,173746.83175953067,254730.00648738744,0.0027098425110787527,0.0027098425110787527,3381.989990234375,1
3498,2020-08-18,174147.0383273504,255316.74882153317,0.002303389154016955,0.002303389154016955,3389.780029296875,1
3499,2020-08-19,173380.02590908916,254192.2329020141,-0.0044043954214108005,-0.0044043954214108005,3374.85009765625,1
3500,2020-08-20,173927.66974043907,254995.13281851797,0.0031586327691348615,0.0031586327691348615,3385.510009765625,1
3501,2020-08-21,174526.17347001226,255872.59836636696,0.0034411070444764214,0.0034411070444764214,3397.159912109375,1
3502,2020-08-24,176279.06519284708,258442.51066581762,0.010043718303008653,0.010043718303008653,3431.280029296875,1
3503,2020-08-25,176913.02661225438,259371.96068710997,0.003596351153290822,0.0035963511532906,3443.6201171875,1
3504,2020-08-26,178716.7656907975,262016.4202293407,0.010195626139483993,0.010195626139483993,3478.72998046875,1
3505,2020-08-27,179015.76670528462,262454.78523196385,0.0016730440109040678,0.0016730440109038458,3484.550048828125,1
3506,2020-08-28,180221.00205425455,264221.7792263456,0.00673256535528588,0.00673256535528588,3508.010009765625,1
3507,2020-08-31,179825.4236744606,263641.82227270945,-0.0021949627140286365,-0.0021949627140286365,3500.31005859375,1
3508,2020-09-01,181178.61053007466,265625.727780617,0.007525003016613185,0.007525003016613185,3526.64990234375,1
3509,2020-09-02,183962.58478145266,269707.3088484993,0.015365910154807594,0.015365910154807372,3580.840087890625,1
3510,2020-09-03,177500.74377894914,260233.61206900168,-0.03512584371534133,-0.03512584371534111,3455.06005859375,1
3511,2020-09-04,176057.1253903659,258117.12500696376,-0.008133027264274784,-0.008133027264274895,3426.9599609375,1
3512,2020-09-08,171170.42358847262,250952.7377827926,-0.02775634210236111,-0.027756342102360998,3331.840087890625,1
3513,2020-09-09,174618.64943292234,256008.17725660317,0.02014498633677464,0.02014498633677486,3398.9599609375,1
3514,2020-09-10,171548.01600179257,251506.3255341232,-0.017584796590179308,-0.01758479659017942,3339.18994140625,1
3515,2020-09-11,171639.4634784747,251640.39656202393,0.0005330721905940639,0.0005330721905940639,3340.969970703125,1
3516,2020-09-14,173826.46418710644,254846.7554869954,0.012741829089357504,0.012741829089357504,3383.5400390625,1
3517,2020-09-15,174733.72700781722,256176.8923410894,0.005219359577689042,0.005219359577689042,3401.199951171875,1
3518,2020-09-16,173926.64125421114,254993.6249561825,-0.004618946596211315,-0.004618946596211537,3385.489990234375,1
3519,2020-09-17,172463.5067123269,252848.52528690093,-0.008412365876402594,-0.008412365876402483,3357.010009765625,1
3520,2020-09-18,170534.9194397234,250021.02596799706,-0.011182581807410608,-0.011182581807410497,3319.469970703125,1
3521,2020-09-21,168561.6431862643,247128.0081917608,-0.011571097930805685,-0.011571097930805907,3281.06005859375,1
3522,2020-09-22,170334.56530551406,249727.28702962285,0.010517945160813724,0.010517945160813724,3315.570068359375,1
3523,2020-09-23,166293.98156382883,243803.39240484592,-0.023721455093028143,-0.023721455093028143,3236.919921875,1
3524,2020-09-24,166790.7780394704,244531.7450785697,0.0029874591429570607,0.0029874591429568387,3246.590087890625,1
3525,2020-09-25,169455.54822852678,248438.56122405888,0.0159767237756141,0.0159767237756141,3298.4599609375,1
3526,2020-09-28,172185.57712299767,252441.05307358966,0.016110590199083896,0.016110590199083674,3351.60009765625,1
3527,2020-09-29,171356.90570111971,251226.1389682031,-0.0048126645432445825,-0.0048126645432444715,3335.469970703125,1
3528,2020-09-30,172771.23731723655,253299.68873081045,0.008253718228220741,0.008253718228220741,3363.0,1
3529,2020-10-01,173685.6995415429,254640.3806212527,0.0052929077692907,0.0052929077692907,3380.800048828125,1
3530,2020-10-02,172022.19832293436,252201.52362503187,-0.00957765217861628,-0.00957765217861628,3348.419921875,1
3531,2020-10-05,175113.90317922202,256734.26813682375,0.017972708676142313,0.01797270867614209,3408.60009765625,1
3532,2020-10-06,172666.94630522007,253146.78781228152,-0.013973515692226823,-0.013973515692226712,3360.969970703125,1
3533,2020-10-07,175670.79084410841,257550.7204257817,0.01739675486921799,0.01739675486921799,3419.43994140625,1
3534,2020-10-08,177077.9355991446,259613.7335406059,0.008010123642494982,0.008010123642494982,3446.830078125,1
3535,2020-10-09,178635.07629076586,261896.6555050618,0.00879353312061526,0.00879353312061526,3477.139892578125,1
3536,2020-10-12,181567.516291902,266195.90201763774,0.01641581296364758,0.01641581296364758,3534.219970703125,1
3537,2020-10-13,180422.38467469186,264517.0260270552,-0.006306918994084421,-0.006306918994084532,3511.929931640625,1
3538,2020-10-14,179227.42164548638,262765.0922674631,-0.006623141753502759,-0.006623141753502648,3488.669921875,1
3539,2020-10-15,178953.60600106893,262363.65150349366,-0.0015277553060996096,-0.0015277553060998317,3483.340087890625,1
3540,2020-10-16,178977.75034239562,262399.04949124693,0.00013491955745537076,0.0001349195574555928,3483.81005859375,1
3541,2020-10-19,176055.06841791,258114.10928229283,-0.016329861778317967,-0.016329861778318078,3426.919921875,1
3542,2020-10-20,176887.33954158574,259334.3009058535,0.004727334073110212,0.004727334073110212,3443.1201171875,1
3543,2020-10-21,176498.94802287238,258764.88060000056,-0.0021956999281005363,-0.0021956999281004252,3435.56005859375,1
3544,2020-10-22,177420.08286514544,260115.35520705822,0.005218925396392127,0.005218925396391905,3453.489990234375,1
3545,2020-10-23,178031.43013005296,261011.65064553547,0.003445761353703114,0.003445761353703114,3465.389892578125,1
3546,2020-10-26,174721.91195871084,256159.57031279666,-0.018589516294535757,-0.018589516294535646,3400.969970703125,1
3547,2020-10-27,174193.27003754795,255384.52907236872,-0.0030256189119989285,-0.0030256189119990395,3390.679931640625,1
3548,2020-10-28,168046.3590435497,246372.55077312884,-0.035287878760604685,-0.035287878760604685,3271.030029296875,1
3549,2020-10-29,170054.06450061494,249316.04516047295,0.011947330894238162,0.011947330894238384,3310.110107421875,1
3550,2020-10-30,167991.3852004146,246291.95369244184,-0.012129550130175693,-0.012129550130175693,3269.9599609375,1
3551,2020-11-02,170060.7371185816,249325.8278770884,0.01231820260127181,0.01231820260127181,3310.239990234375,1
3552,2020-11-03,173087.69751256873,253763.65061600637,0.01779929009643455,0.01779929009643455,3369.159912109375,1
3553,2020-11-04,176903.7702362029,259358.3899260908,0.02204704770168342,0.02204704770168342,3443.43994140625,1
3554,2020-11-05,180346.35194891389,264405.5545456214,0.01946019413896294,0.01946019413896294,3510.449951171875,1
3555,2020-11-06,180294.46356446267,264329.48105194076,-0.0002877151874184358,-0.00028771518741865787,3509.43994140625,1
3556,2020-11-09,182403.8888179745,267422.10670197516,0.01169988923568721,0.01169988923568721,3550.5,1
3557,2020-11-10,182148.5608406301,267047.770682914,-0.0013997945931910616,-0.0013997945931909506,3545.530029296875,1
3558,2020-11-11,183542.33527470301,269091.18158737716,0.007651855318760337,0.007651855318760337,3572.659912109375,1
3559,2020-11-12,181710.85215303538,266406.04653921904,-0.009978532303876908,-0.00997853230387713,3537.010009765625,1
3560,2020-11-13,184183.99779830492,270031.9221876204,0.013610335409063312,0.013610335409063534,3585.14990234375,1
3561,2020-11-16,186329.3824422499,273177.2678537008,0.011648051240012336,0.011648051240012114,3626.909912109375,1
3562,2020-11-17,185436.50588621534,271868.2226837382,-0.004791925698091615,-0.004791925698091504,3609.530029296875,1
3563,2020-11-18,183292.1497284983,268724.3848799933,-0.011563829610944154,-0.011563829610944043,3567.7900390625,1
3564,2020-11-19,184015.50165213185,269784.8902045154,0.003946442467421596,0.003946442467421596,3581.8701171875,1
3565,2020-11-20,182765.56477979128,267952.35936423624,-0.006792562915180267,-0.006792562915180267,3557.5400390625,1
3566,2020-11-23,183795.61882210654,269462.52027033246,0.005635930617216234,0.005635930617216234,3577.590087890625,1
3567,2020-11-24,186766.06264361666,273817.4841350603,0.01616166827341603,0.016161668273416252,3635.409912109375,1
3568,2020-11-25,186470.14708781338,273383.6427194435,-0.001584418237524976,-0.001584418237524976,3629.64990234375,1
3569,2020-11-27,186917.11215145962,274038.9376241576,0.002396979198154181,0.002396979198154181,3638.35009765625,1
3570,2020-11-30,186058.1254708873,272779.578357005,-0.004595548640170977,-0.004595548640170866,3621.6298828125,1
3571,2020-12-01,188155.22143217883,275854.1280475789,0.011271187194776378,0.011271187194776155,3662.449951171875,1
3572,2020-12-02,188492.2388095549,276348.228790919,0.0017911667548249355,0.0017911667548251575,3669.010009765625,1
3573,2020-12-03,188374.59001909016,276175.7440505941,-0.0006241572130913919,-0.000624157213091503,3666.719970703125,1
3574,2020-12-04,190039.11972392668,278616.1089091504,0.008836275129611826,0.008836275129611826,3699.1201171875,1
3575,2020-12-07,189671.27284474223,278076.8090728766,-0.0019356376714374512,-0.0019356376714373402,3691.9599609375,1
3576,2020-12-08,190199.91476590512,278851.8503133045,0.002787148065356293,0.002787148065356293,3702.25,1
3577,2020-12-09,188687.9772982535,276635.2007373487,-0.007949201604598444,-0.007949201604598666,3672.820068359375,1
3578,2020-12-10,188445.4928562434,276279.6946089157,-0.0012851080682625415,-0.0012851080682625415,3668.10009765625,1
3579,2020-12-11,188207.10981663005,275930.20154125954,-0.0012649972997507142,-0.0012649972997504921,3663.4599609375,1
3580,2020-12-14,187386.66628457568,274727.35033455666,-0.004359258971957658,-0.00435925897195788,3647.489990234375,1
3581,2020-12-15,189807.93608790895,278277.17087784247,0.012921249154708825,0.012921249154708825,3694.6201171875,1
3582,2020-12-16,190144.42667965608,278770.49930144974,0.0017727951669590514,0.0017727951669590514,3701.169921875,1
3583,2020-12-17,191239.2126417569,280375.5635918548,0.0057576547533799705,0.0057576547533799705,3722.47998046875,1
3584,2020-12-18,190567.7491025746,279391.1317610133,-0.0035111185091528663,-0.0035111185091528663,3709.409912109375,1
3585,2020-12-21,189823.33829629817,278299.75203574426,-0.0039062790518439305,-0.0039062790518440416,3694.919921875,1
3586,2020-12-22,189429.81688896008,277722.8108067791,-0.002073092860288006,-0.002073092860287895,3687.260009765625,1
3587,2020-12-23,189571.09577763756,277929.9396036895,0.000745811250824957,0.000745811250824957,3690.010009765625,1
3588,2020-12-24,190241.53083059192,278912.8635721955,0.0035365890047962534,0.0035365890047960313,3703.06005859375,1
3589,2020-12-28,191900.91810428872,281345.68911907455,0.008722529021144565,0.008722529021144565,3735.360107421875,1
3590,2020-12-29,191473.48173645843,280719.02521016914,-0.002227380525600231,-0.002227380525600231,3727.0400390625,1
3591,2020-12-30,191730.35244314477,281095.62302273355,0.0013415471654707467,0.0013415471654707467,3732.0400390625,1
3592,2020-12-31,192964.87456458117,282905.55431654584,0.006438845522919845,0.006438845522919845,3756.070068359375,1
3593,2021-01-04,190117.7111227595,278731.33165785787,-0.014754827521051173,-0.014754827521051062,3700.64990234375,1
3594,2021-01-05,191464.23790292192,280705.47283771506,0.007082595157549276,0.007082595157549276,3726.860107421875,1
3595,2021-01-06,192557.46859316583,282308.25694605184,0.005709842747752214,0.005709842747752214,3748.139892578125,1
3596,2021-01-07,195416.44708409384,286499.8016330326,0.014847403800100967,0.014847403800101189,3803.7900390625,1
3597,2021-01-08,196489.6473779228,288073.219202958,0.005491862685268911,0.005491862685268911,3824.679931640625,1
3598,2021-01-11,195201.70668520825,286184.971010527,-0.006554750898592476,-0.006554750898592365,3799.610107421875,1
3599,2021-01-12,195282.86929961096,286303.96341507306,0.0004157884466327033,0.0004157884466327033,3801.18994140625,1
3600,2021-01-13,195727.26314768734,286955.48866394855,0.0022756417379066196,0.0022756417379068417,3809.840087890625,1
3601,2021-01-14,194992.61041806138,285878.41524230136,-0.0037534511943367876,-0.0037534511943367876,3795.5400390625,1
3602,2021-01-15,193590.6080941649,283822.9414391545,-0.007190027975370938,-0.007190027975370938,3768.25,1
3603,2021-01-19,195165.73475226018,286132.2326059159,0.008136379515524483,0.008136379515524483,3798.909912109375,1
3604,2021-01-20,197885.4913269666,290119.66422065714,0.013935625421946263,0.013935625421946263,3851.85009765625,1
3605,2021-01-21,197948.16627429627,290211.55188029504,0.00031672330755205813,0.0003167233075522802,3853.070068359375,1
3606,2021-01-22,197352.22121777796,289337.83759971964,-0.0030106116552376383,-0.0030106116552375273,3841.469970703125,1
3607,2021-01-25,198065.81506476103,290384.03662061994,0.0036158389430824833,0.0036158389430822613,3855.360107421875,1
3608,2021-01-26,197770.9279951857,289951.7030673386,-0.0014888337468983437,-0.0014888337468982327,3849.6201171875,1
3609,2021-01-27,192692.58910699064,282506.3569575146,-0.025677883699462,-0.02567788369946189,3750.77001953125,1
3610,2021-01-28,194573.3893975397,285263.7958435146,0.009760625975629766,0.009760625975629544,3787.3798828125,1
3611,2021-01-29,190815.8902188384,279754.9311322913,-0.019311475173124593,-0.01931147517312448,3714.239990234375,1
3612,2021-02-01,193878.82254577358,284245.49227582035,0.016051767614439383,0.016051767614439383,3773.860107421875,1
3613,2021-02-02,196573.39375041035,288195.9996519078,0.013898223484416938,0.013898223484416938,3826.31005859375,1
3614,2021-02-03,196771.69091216382,288486.7228656111,0.0010087690809532646,0.0010087690809532646,3830.169921875,1
3615,2021-02-04,198907.31747945832,291617.76222806965,0.010853322230421014,0.010853322230420792,3871.739990234375,1
3616,2021-02-05,199682.55778754308,292754.3410462724,0.00389749516462512,0.003897495164625342,3886.830078125,1
3617,2021-02-08,201160.07859410354,294920.5323996854,0.007399348360373592,0.007399348360373592,3915.590087890625,1
3618,2021-02-09,200936.08181916646,294592.13101616065,-0.0011135249921484514,-0.0011135249921484514,3911.22998046875,1
3619,2021-02-10,200866.72171135517,294490.44225134223,-0.00034518493235924375,-0.00034518493235935477,3909.8798828125,1
3620,2021-02-11,201200.65363004743,294980.01940767595,0.0016624551635393559,0.0016624551635393559,3916.3798828125,1
3621,2021-02-12,202148.516571732,296369.68004689063,0.004711033113378615,0.0047110331133788375,3934.830078125,1
3622,2021-02-16,202033.43899683713,296200.96496240434,-0.0005692724183511411,-0.0005692724183512521,3932.590087890625,1
3623,2021-02-17,201968.70707705157,296106.06157809554,-0.0003204020092266724,-0.00032040200922656137,3931.330078125,1
3624,2021-02-18,201076.84646472998,294798.50588190334,-0.004415835627354592,-0.004415835627354592,3913.969970703125,1
3625,2021-02-19,200703.86969692082,294251.6851225172,-0.0018548966445750548,-0.0018548966445751658,3906.7099609375,1
3626,2021-02-22,199151.8588939243,291976.2840811736,-0.0077328394581538396,-0.0077328394581537285,3876.5,1
3627,2021-02-23,199402.056982644,292343.0991771225,0.0012563181187927874,0.0012563181187925654,3881.3701171875,1
3628,2021-02-24,201665.5921176527,295661.6651261305,0.01135161376597904,0.01135161376597904,3925.429931640625,1
3629,2021-02-25,196729.0589037641,288424.22013294965,-0.0244788075251261,-0.02447880752512621,3829.340087890625,1
3630,2021-02-26,195794.55374052777,287054.14331553096,-0.004750214169902844,-0.004750214169902733,3811.14990234375,1
3631,2021-03-01,200452.65566448815,293883.38055279787,0.023790763506800205,0.023790763506800205,3901.820068359375,1
3632,2021-03-02,198832.82748302227,291508.552540139,-0.008080851690870583,-0.008080851690870694,3870.2900390625,1
3633,2021-03-03,196234.83364369237,287699.63711506454,-0.01306622187199813,-0.013066221871998018,3819.719970703125,1
3634,2021-03-04,193601.90890015732,283839.5095362795,-0.013417213930100202,-0.013417213930100313,3768.469970703125,1
3635,2021-03-05,197376.36555910468,289373.2355874729,0.019495968197781988,0.01949596819778221,3841.93994140625,1
3636,2021-03-08,196318.58001617988,287822.4175640144,-0.005359231030161227,-0.005359231030161227,3821.35009765625,1
3637,2021-03-09,199097.3992939032,291896.4409316543,0.01415464230382213,0.014154642303821907,3875.43994140625,1
3638,2021-03-10,200298.01899736238,293656.6679340915,0.006030313342701321,0.006030313342701543,3898.81005859375,1
3639,2021-03-11,202380.21445086368,296709.3720093663,0.010395487004435822,0.010395487004435822,3939.340087890625,1
3640,2021-03-12,202585.71101621276,297010.65025941783,0.0010153984958789497,0.0010153984958791717,3943.340087890625,1
3641,2021-03-15,203900.8815089379,298938.8200266085,0.006491921301497339,0.006491921301497117,3968.93994140625,1
3642,2021-03-16,203580.82161180789,298469.5806232384,-0.0015696837343784908,-0.0015696837343784908,3962.7099609375,1
3643,2021-03-17,204167.00859167572,299328.988600192,0.00287938213053085,0.00287938213053085,3974.1201171875,1
3644,2021-03-18,201153.3934336219,294910.7312945049,-0.01476053931945931,-0.01476053931945931,3915.4599609375,1
3645,2021-03-19,201032.15748387435,294732.98742457095,-0.0006027039747035223,-0.0006027039747036333,3913.10009765625,1
3646,2021-03-22,202444.43212753528,296803.5214625074,0.007025118077311765,0.007025118077311543,3940.590087890625,1
3647,2021-03-23,200899.6081856194,294538.6570689469,-0.007630854183940605,-0.007630854183940494,3910.52001953125,1
3648,2021-03-24,199801.2225217208,292928.31526036776,-0.00546733601831495,-0.00546733601831495,3889.139892578125,1
3649,2021-03-25,200848.23404428214,294463.337506434,0.005240265846959469,0.005240265846959247,3909.52001953125,1
3650,2021-03-26,204188.5817174326,299360.6169321066,0.016631202604519668,0.01663120260451989,3974.5400390625,1
3651,2021-03-29,204011.343438322,299100.7681191502,-0.0008680126852337322,-0.0008680126852336212,3971.090087890625,1
3652,2021-03-30,203367.10969915026,298156.25786306825,-0.0031578329337677014,-0.0031578329337679234,3958.550048828125,1
3653,2021-03-31,204103.80685871711,299236.3286208213,0.0036224990395776757,0.0036224990395776757,3972.889892578125,1
3654,2021-04-01,206517.3755578558,302774.8585851562,0.011825201774944727,0.011825201774944949,4019.8701171875,1
3655,2021-04-05,209499.1201853583,307146.390547009,0.014438226417743616,0.014438226417743616,4077.909912109375,1
3656,2021-04-06,209295.16634935114,306847.3740904607,-0.0009735307519511682,-0.0009735307519510572,4073.93994140625,1
3657,2021-04-07,209603.92544048873,307300.0453967057,0.001475232784985625,0.001475232784985625,4079.949951171875,1
3658,2021-04-08,210488.58664921473,308597.04605654965,0.0042206328286402695,0.0042206328286402695,4097.169921875,1
3659,2021-04-09,212113.54471930536,310979.3949923208,0.007719934348738189,0.007719934348738411,4128.7998046875,1
3660,2021-04-12,212071.95373964854,310918.4185105599,-0.0001960788487687104,-0.00019607884876882142,4127.990234375,1
3661,2021-04-13,212770.62199381142,311942.7351390309,0.0032944868090412083,0.0032944868090412083,4141.58984375,1
3662,2021-04-14,211900.87383539064,310667.5984830512,-0.004087726727828422,-0.004087726727828422,4124.66015625,1
3663,2021-04-15,214251.74250216968,314114.20401061804,0.011094190525166248,0.01109419052516647,4170.419921875,1
3664,2021-04-16,215024.93838031357,315247.7854927149,0.0036088195555097347,0.0036088195555097347,4185.47021484375,1
3665,2021-04-19,213883.89562298526,313574.90417434415,-0.005306560094486157,-0.005306560094486046,4163.259765625,1
3666,2021-04-20,212428.98897092458,311441.8674037463,-0.006802319771775922,-0.006802319771775811,4134.93994140625,1
3667,2021-04-21,214405.8649261815,314340.16269815667,0.009306055472153574,0.009306055472153574,4173.419921875,1
3668,2021-04-22,212431.04594338048,311444.8831284172,-0.009210657476561801,-0.009210657476561912,4134.97998046875,1
3669,2021-04-23,214752.64038020806,314848.56974511856,0.010928696540176919,0.010928696540176919,4180.169921875,1
3670,2021-04-26,215135.3877671827,315409.71519669157,0.001782270924804541,0.001782270924804541,4187.6201171875,1
3671,2021-04-27,215089.15605698514,315341.934945856,-0.00021489588801437698,-0.000214895888014488,4186.72021484375,1
3672,2021-04-28,214907.28958984884,315075.30075239,-0.0008455399168897371,-0.0008455399168898481,4183.18017578125,1
3673,2021-04-29,216360.66605508258,317206.0941180498,0.006762806734045723,0.006762806734045723,4211.47021484375,1
3674,2021-04-30,214804.01452154535,314923.88930763147,-0.007194706699326425,-0.007194706699326425,4181.169921875,1
3675,2021-05-03,215394.31544632494,315789.3287339269,0.002748090747253684,0.002748090747253462,4192.66015625,1
3676,2021-05-04,213955.8394888814,313680.3809835663,-0.006678337608227114,-0.006678337608227114,4164.66015625,1
3677,2021-05-05,214106.34966858043,313901.0437643657,0.0007034637617677753,0.0007034637617677753,4167.58984375,1
3678,2021-05-06,215854.6257459045,316464.18907187186,0.008165456466051824,0.008165456466051824,4201.6201171875,1
3679,2021-05-07,217446.19564113187,318797.58764743566,0.007373341616968343,0.007373341616968343,4232.60009765625,1
3680,2021-05-10,215177.0038318695,315470.72845558263,-0.010435647322188157,-0.010435647322188268,4188.43017578125,1
3681,2021-05-11,213310.5772634817,312734.3628651489,-0.00867391280271812,-0.00867391280271812,4152.10009765625,1
3682,2021-05-12,208735.1932257809,306026.3982144963,-0.02144940066450285,-0.02144940066450285,4063.0400390625,1
3683,2021-05-13,211276.15624951985,309751.7008342129,0.012173141406923493,0.012173141406923493,4112.5,1
3684,2021-05-14,214427.9648375673,314372.563349804,0.014917956876899563,0.014917956876899785,4173.85009765625,1
3685,2021-05-17,213885.45089484216,313577.18435641244,-0.0025300521932206665,-0.0025300521932206665,4163.2900390625,1
3686,2021-05-18,212063.725849825,310906.3556118762,-0.008517292959364653,-0.008517292959364653,4127.830078125,1
3687,2021-05-19,211439.53504958315,309991.2302827707,-0.002943411456817757,-0.002943411456817868,4115.68017578125,1
3688,2021-05-20,213671.22473907055,313263.1076650745,0.010554741756143349,0.010554741756143349,4159.1201171875,1
3689,2021-05-21,213503.73199409546,313017.5467671749,-0.0007838806801412357,-0.0007838806801411247,4155.85986328125,1
3690,2021-05-24,215619.829865574,316119.9551338247,0.009911292190138532,0.009911292190138532,4197.0498046875,1
3691,2021-05-25,215161.57653845035,315448.1105205507,-0.0021252837802967495,-0.0021252837802966384,4188.1298828125,1
3692,2021-05-26,215565.39535058284,316040.1487614356,0.0018768165702687245,0.0018768165702687245,4195.990234375,1
3693,2021-05-27,215816.5968405005,316408.4349425899,0.0011653145418313304,0.0011653145418315525,4200.8798828125,1
3694,2021-05-28,215982.5343136187,316651.7156584213,0.0007688818911402162,0.0007688818911402162,4204.10986328125,1
3695,2021-06-01,215876.19887166133,316495.81740378647,-0.0004923335226865166,-0.0004923335226864056,4202.0400390625,1
3696,2021-06-02,216188.55766459674,316953.7662282056,0.0014469348384307246,0.0014469348384307246,4208.1201171875,1
3697,2021-06-03,215404.07352297544,315803.6350375487,-0.0036287033416374515,-0.0036287033416374515,4192.85009765625,1
3698,2021-06-04,217306.9737249103,318593.47457519616,0.008834095710506196,0.008834095710505974,4229.89013671875,1
3699,2021-06-07,217133.8368481965,318339.63882301655,-0.0007967387044512941,-0.0007967387044510721,4226.52001953125,1
3700,2021-06-08,217171.84066857048,318395.35617516836,0.00017502486450582388,0.00017502486450582388,4227.259765625,1
3701,2021-06-09,216775.74804566253,317814.6452903645,-0.0018238673194856947,-0.0018238673194855837,4219.5498046875,1
3702,2021-06-10,217784.2415047359,319293.19625311124,0.004652243012262192,0.004652243012262414,4239.18017578125,1
3703,2021-06-11,218208.57987136737,319915.3181864451,0.0019484346695590737,0.0019484346695590737,4247.43994140625,1
3704,2021-06-14,218604.67249427532,320496.029071249,0.0018152018730952513,0.0018152018730952513,4255.14990234375,1
3705,2021-06-15,218164.9068342247,319851.28920288314,-0.0020116937805257917,-0.0020116937805259028,4246.58984375,1
3706,2021-06-16,216988.9708002362,318127.25089649705,-0.005390124612855707,-0.005390124612855707,4223.7001953125,1
3707,2021-06-17,216894.42532235524,317988.6378930249,-0.0004357155920519107,-0.00043571559205168864,4221.85986328125,1
3708,2021-06-18,214047.8012086775,313815.2059426348,-0.013124468779900589,-0.013124468779900589,4166.4501953125,1
3709,2021-06-21,217044.9605870842,318209.3374509544,0.014002289962720793,0.014002289962720571,4224.7900390625,1
3710,2021-06-22,218157.2057300301,319839.99862393225,0.005124491902218864,0.005124491902218864,4246.43994140625,1
3711,2021-06-23,217920.87966287267,319493.52128094697,-0.0010832833431589917,-0.0010832833431588806,4241.83984375,1
3712,2021-06-24,219187.2723148603,321350.1779185935,0.005811249724885448,0.005811249724885226,4266.490234375,1
3713,2021-06-25,219917.2968564605,322420.46595973114,0.0033305973193167304,0.0033305973193167304,4280.7001953125,1
3714,2021-06-28,220426.3975392925,323166.8578157853,0.0023149642620619026,0.0023149642620619026,4290.60986328125,1
3715,2021-06-29,220487.52975728025,323256.48368192,0.00027733619326086867,0.00027733619326086867,4291.7998046875,1
3716,2021-06-30,220780.37239691467,323685.81989909546,0.0013281596467464851,0.0013281596467464851,4297.5,1
3717,2021-07-01,221933.2051183194,325375.9864686288,0.0052216268542757405,0.0052216268542757405,4319.93994140625,1
3718,2021-07-02,223597.72228064094,327816.33293862006,0.007500081663913916,0.007500081663913916,4352.33984375,1
3719,2021-07-06,223145.63987088494,327153.5354993588,-0.0020218560598241897,-0.0020218560598241897,4343.5400390625,1
3720,2021-07-07,223895.1805657861,328252.43614774005,0.003358975310182366,0.003358975310182588,4358.1298828125,1
3721,2021-07-08,221978.408342289,325442.2588571289,-0.008561024934316985,-0.008561024934317096,4320.81982421875,1
3722,2021-07-09,224481.86924625293,329112.57966729626,0.011277947808795874,0.011277947808795874,4369.5498046875,1
3723,2021-07-12,225256.59531122376,330248.4045543313,0.0034511743312373167,0.0034511743312373167,4384.6298828125,1
3724,2021-07-13,224464.41006540784,329086.9827847236,-0.0035168126585657378,-0.0035168126585655157,4369.2099609375,1
3725,2021-07-14,224725.89641760496,329470.34758923243,0.0011649345752449136,0.0011649345752446916,4374.2998046875,1
3726,2021-07-15,223992.78641732092,328395.5359610885,-0.0032622408541724823,-0.0032622408541722603,4360.02978515625,1
3727,2021-07-16,222304.13745618766,325919.80989190907,-0.007538854211077806,-0.007538854211077806,4327.16015625,1
3728,2021-07-19,218776.27918416218,320747.6214184905,-0.015869512427409305,-0.015869512427409527,4258.490234375,1
3729,2021-07-20,222093.49845969887,325610.99233018025,0.015162609437855412,0.015162609437855634,4323.06005859375,1
3730,2021-07-21,223923.95309513857,328294.6195160029,0.008241819990835397,0.008241819990835397,4358.68994140625,1
3731,2021-07-22,224375.53380429558,328956.68141266145,0.0020166699583279435,0.0020166699583277214,4367.47998046875,1
3732,2021-07-23,226651.92501715355,332294.0956408627,0.01014545202082262,0.010145452020822843,4411.7900390625,1
3733,2021-07-26,227191.8552017939,333085.68658985064,0.0023821998626285534,0.0023821998626285534,4422.2998046875,1
3734,2021-07-27,226121.22612353478,331516.0386757639,-0.0047124448070912095,-0.0047124448070912095,4401.4599609375,1
3735,2021-07-28,226079.108358249,331454.28987427015,-0.0001862618826539153,-0.0001862618826539153,4400.64013671875,1
3736,2021-07-29,227030.03167358748,332848.4373233611,0.004206152980007483,0.004206152980007483,4419.14990234375,1
3737,2021-07-30,225802.69641323172,331049.042677332,-0.0054060480514770415,-0.0054060480514769305,4395.259765625,1
3738,2021-08-02,225386.5859364238,330438.9836426818,-0.001842805614891363,-0.001842805614891363,4387.16015625,1
3739,2021-08-03,227235.52823893656,333149.7155734126,0.008203426547462422,0.0082034265474622,4423.14990234375,1
3740,2021-08-04,226182.88512715147,331606.4368616314,-0.004632387901412294,-0.004632387901412183,4402.66015625,1
3741,2021-08-05,227541.21441390528,333597.8816812163,0.006005446813494464,0.006005446813494242,4429.10009765625,1
3742,2021-08-06,227922.40652902305,334156.746950721,0.001675266241764728,0.001675266241764506,4436.52001953125,1
3743,2021-08-09,227708.1803732514,333842.67025938316,-0.0009399082741975429,-0.0009399082741973208,4432.35009765625,1
3744,2021-08-10,227934.22157812942,334174.06897901377,0.0009926793341701323,0.0009926793341699103,4436.75,1
3745,2021-08-11,228225.00724530793,334600.3894715183,0.0012757437876822486,0.0012757437876824707,4442.41015625,1
3746,2021-08-12,229171.31491513565,335987.7699286647,0.004146380281677686,0.004146380281677908,4460.830078125,1
3747,2021-08-13,229539.66349491908,336527.8053075412,0.001607306655808216,0.001607306655808216,4468.0,1
3748,2021-08-16,230141.2526831761,337409.7944423966,0.002620850702215849,0.002620850702215849,4479.7099609375,1
3749,2021-08-17,228516.29461308545,335027.4455066255,-0.00706069881494753,-0.007060698814947419,4448.080078125,1
3750,2021-08-18,226060.09390554702,331426.41280962917,-0.010748470745585825,-0.010748470745585936,4400.27001953125,1
3751,2021-08-19,226344.18186972896,331842.9138083881,0.0012566922329095842,0.0012566922329095842,4405.7998046875,1
3752,2021-08-20,228186.978339904,334544.6353422363,0.008141567655737925,0.008141567655737925,4441.669921875,1
3753,2021-08-23,230131.99630712462,337396.2236813775,0.00852379036424833,0.008523790364248551,4479.52978515625,1
3754,2021-08-24,230476.2130880963,337900.8794610658,0.0014957363013194946,0.0014957363013194946,4486.22998046875,1
3755,2021-08-25,230987.8975290131,338651.05936152366,0.002220118224179668,0.002220118224179668,4496.18994140625,1
3756,2021-08-26,229642.4117775936,336678.444432567,-0.005824918819612668,-0.005824918819612557,4470.0,1
3757,2021-08-27,231665.0177424491,339643.7844352102,0.008807632480425154,0.008807632480424932,4509.3701171875,1
3758,2021-08-30,232662.69955361407,341106.4844548695,0.004306570844779589,0.004306570844779589,4528.7900390625,1
3759,2021-08-31,232348.81057385175,340646.29222551227,-0.0013491160395050494,-0.0013491160395050494,4522.68017578125,1
3760,2021-09-01,232421.23105531692,340752.4678002069,0.0003116886257619189,0.0003116886257619189,4524.08984375,1
3761,2021-09-02,233081.92057413576,341721.10385365627,0.00284263841052268,0.002842638410522902,4536.9501953125,1
3762,2021-09-03,233003.8308759019,341606.6166475515,-0.0003350311257153127,-0.0003350311257154237,4535.43017578125,1
3763,2021-09-07,232212.649031284,340446.66596314905,-0.003395574405981705,-0.003395574405981705,4520.02978515625,1
3764,2021-09-08,231906.4611557163,339997.7643127427,-0.00131856673977504,-0.001318566739775151,4514.06982421875,1
3765,2021-09-09,230838.39075051207,338431.86766592955,-0.004605608657393345,-0.004605608657393345,4493.27978515625,1
3766,2021-09-10,229055.72309712679,335818.3009130107,-0.007722578759925547,-0.007722578759925436,4458.580078125,1
3767,2021-09-13,229577.1656146941,336582.7871170904,0.0022764876184568905,0.0022764876184568905,4468.72998046875,1
3768,2021-09-14,228257.86863454222,334648.5675119929,-0.00574663850657553,-0.005746638506575419,4443.0498046875,1
3769,2021-09-15,230192.12512391436,337484.37846230686,0.008473996979569742,0.008473996979569742,4480.7001953125,1
3770,2021-09-16,229835.06480760837,336960.89279199025,-0.0015511404489348957,-0.0015511404489351177,4473.75,1
3771,2021-09-17,227741.06684751564,333890.8850769878,-0.009110872450405205,-0.009110872450405094,4432.990234375,1
3772,2021-09-20,223874.6359262572,328222.3156781609,-0.01697731100841471,-0.01697731100841471,4357.72998046875,1
3773,2021-09-21,223692.76945912087,327955.6814846949,-0.0008123585165594749,-0.0008123585165595859,4354.18994140625,1
3774,2021-09-22,225822.23765156267,331077.69206170575,0.009519611195260236,0.009519611195260014,4395.64013671875,1
3775,2021-09-23,228562.526323283,335095.2257574611,0.012134715784494654,0.012134715784495098,4448.97998046875,1
3776,2021-09-24,228896.45824197526,335584.80291379476,0.001461009046688222,0.001461009046688222,4455.47998046875,1
3777,2021-09-27,228260.95409322606,334653.09109899926,-0.0027763826213396126,-0.0027763826213395015,4443.10986328125,1
3778,2021-09-28,223612.62278843112,327838.1785539192,-0.020364110556098325,-0.020364110556098325,4352.6298828125,1
3779,2021-09-29,223963.51218736946,328352.617050223,0.0015691842194003325,0.0015691842194005545,4359.4599609375,1
3780,2021-09-30,221296.17078274325,324442.03124889516,-0.011909714125195037,-0.011909714125195148,4307.5400390625,1
3781,2021-10-01,223839.19077893806,328170.3495932826,0.01149147763018199,0.01149147763018199,4357.0400390625,1
3782,2021-10-04,220932.43784847058,323908.7628619631,-0.012985898136748442,-0.012985898136748442,4300.4599609375,1
3783,2021-10-05,223257.64452961096,327317.7453854037,0.010524514660609219,0.010524514660609219,4345.72021484375,1
3784,2021-10-06,224173.62439822932,328660.662292219,0.004102792854185466,0.004102792854185466,4363.5498046875,1
3785,2021-10-07,226033.88004924945,331387.98070863995,0.008298280656405366,0.008298280656405588,4399.759765625,1
3786,2021-10-08,225601.31379279442,330753.7958766223,-0.0019137230947890993,-0.0019137230947890993,4391.33984375,1
3787,2021-10-11,224052.38844848174,328482.91842228506,-0.006865763848056816,-0.006865763848056705,4361.18994140625,1
3788,2021-10-12,223510.90299198453,327689.0472912289,-0.0024167805585421087,-0.0024167805585421087,4350.64990234375,1
3789,2021-10-13,224186.46793356363,328679.4921828472,0.00302251448379387,0.00302251448379387,4363.7998046875,1
3790,2021-10-14,228011.7844907343,334287.78386538575,0.01706310194558358,0.01706310194558336,4438.259765625,1
3791,2021-10-15,229712.80037163285,336781.64105972083,0.007460210377712606,0.007460210377712606,4471.3701171875,1
3792,2021-10-18,230488.02813720267,337918.20148935856,0.00337476955709759,0.00337476955709759,4486.4599609375,1
3793,2021-10-19,232192.1043917551,340416.5454935699,0.007393339551406308,0.007393339551406308,4519.6298828125,1
3794,2021-10-20,233042.86318250388,341663.84186203877,0.0036640298040169217,0.0036640298040166996,4536.18994140625,1
3795,2021-10-21,233741.02973606778,342687.4229479072,0.002995871849622578,0.002995871849622578,4549.77978515625,1
3796,2021-10-22,233490.3299467491,342319.87230935553,-0.0010725536274130976,-0.0010725536274132086,4544.89990234375,1
3797,2021-10-25,234598.98793041214,343945.2743527243,0.004748196569493546,0.004748196569493546,4566.47998046875,1
3798,2021-10-26,235025.91005512845,344571.18433046195,0.0018197952535197182,0.0018197952535197182,4574.7900390625,1
3799,2021-10-27,233838.66067263254,342830.5595383858,-0.005051568068462853,-0.005051568068462853,4551.68017578125,1
3800,2021-10-28,236137.12671184642,346200.33764110424,0.009829281576461124,0.009829281576460902,4596.419921875,1
3801,2021-10-29,236597.43701142594,346875.19797904923,0.0019493347191490429,0.001949334719149265,4605.3798828125,1
3802,2021-11-01,237023.3306499143,347499.6000944514,0.0018000771431341267,0.0018000771431339047,4613.669921875,1
3803,2021-11-02,237895.66256641992,348778.5247948349,0.0036803630854131963,0.0036803630854131963,4630.64990234375,1
3804,2021-11-03,239432.77286162623,351032.0802208794,0.006461279195357994,0.006461279195357994,4660.56982421875,1
3805,2021-11-04,240434.06691710398,352500.07614727784,0.004181942361150437,0.004181942361150437,4680.06005859375,1
3806,2021-11-05,241331.5591186493,353815.888309185,0.003732799652949259,0.003732799652949259,4697.52978515625,1
3807,2021-11-08,241545.81035945087,354130.001777653,0.0008877879113033948,0.0008877879113036169,4701.7001953125,1
3808,2021-11-09,240700.69570044082,352890.9802634641,-0.003498775895770745,-0.003498775895770745,4685.25,1
3809,2021-11-10,238720.73428650008,349988.16138204734,-0.008225823395229592,-0.008225823395229703,4646.7099609375,1
3810,2021-11-11,238852.25509852706,350180.9838753359,0.0005509400447349933,0.0005509400447349933,4649.27001953125,1
3811,2021-11-12,240577.40277823736,352710.2206688592,0.007222656026415475,0.007222656026415475,4682.85009765625,1
3812,2021-11-15,240574.81902015253,352706.4326244555,-1.0739820344718431e-05,-1.0739820344718431e-05,4682.7998046875,1
3813,2021-11-16,241504.6959953631,354069.7240613646,0.003865229864862485,0.003865229864862485,4700.89990234375,1
3814,2021-11-17,240876.3912502095,353148.5672829173,-0.00260162537446329,-0.00260162537446329,4688.669921875,1
3815,2021-11-18,241691.70489363914,354343.8975665079,0.0033847802152711104,0.0033847802152711104,4704.5400390625,1
3816,2021-11-19,241353.6590300351,353848.28896083235,-0.001398665559303236,-0.001398665559303347,4697.9599609375,1
3817,2021-11-22,240582.01842374814,352716.9876608037,-0.0031971365563218113,-0.0031971365563219223,4682.93994140625,1
3818,2021-11-23,240980.69480474092,353301.48659001134,0.001657132912945114,0.001657132912945336,4690.7001953125,1
3819,2021-11-24,241533.46852471557,354111.90742962743,0.0022938506357221833,0.0022938506357221833,4701.4599609375,1
3820,2021-11-26,236044.6632914513,346064.77713943314,-0.022724822637582576,-0.022724822637582465,4594.6201171875,1
3821,2021-11-29,239160.4999465507,350632.9012504132,0.013200199537034996,0.013200199537034996,4655.27001953125,1
3822,2021-11-30,234625.70348730873,343984.4419963162,-0.01896131033450521,-0.01896131033450521,4567.0,1
3823,2021-12-01,231853.5568275521,339920.2013452917,-0.011815187417889117,-0.011815187417889228,4513.0400390625,1
3824,2021-12-02,235144.58733182115,344745.1769331223,0.01419443613158311,0.01419443613158311,4577.10009765625,1
3825,2021-12-03,233157.95329991373,341832.5753350901,-0.008448563730297565,-0.008448563730297454,4538.43017578125,1
3826,2021-12-06,235893.09954049438,345842.56971916807,0.011730872577451423,0.011730872577451201,4591.669921875,1
3827,2021-12-07,240777.75691244673,353003.9596072334,0.020707080374404274,0.020707080374404274,4686.75,1
3828,2021-12-08,241520.62498938123,354093.0775389992,0.0030852853123166657,0.0030852853123166657,4701.2099609375,1
3829,2021-12-09,239786.2460186494,351550.3067615869,-0.007181080169894716,-0.007181080169894716,4667.4501953125,1
3830,2021-12-10,242075.9824674407,354907.2864230191,0.009549073338481762,0.009549073338481762,4712.02001953125,1
3831,2021-12-13,239864.33571688324,351664.79396769166,-0.00913616761156777,-0.00913616761156788,4668.97021484375,1
3832,2021-12-14,238072.38660241655,349037.61967662355,-0.0074706775774360246,-0.0074706775774360246,4634.08984375,1
3833,2021-12-15,241964.50459434363,354743.8488567069,0.016348464630746795,0.016348464630747017,4709.85009765625,1
3834,2021-12-16,239848.9084234641,351642.1760326597,-0.008743415379980357,-0.008743415379980468,4668.669921875,1
3835,2021-12-17,237381.41945244823,348024.59362710343,-0.010287680637092622,-0.010287680637092511,4620.64013671875,1
3836,2021-12-20,234678.10611487395,344061.2694211645,-0.011388057851409839,-0.01138805785140995,4568.02001953125,1
3837,2021-12-21,238850.1981260712,350177.968150665,0.017777934551572505,0.017777934551572727,4649.22998046875,1
3838,2021-12-22,241281.74024916894,353742.84892874036,0.010180197220578835,0.010180197220578835,4696.56005859375,1
3839,2021-12-23,242783.4053970561,355944.43826990656,0.006223699921661829,0.006223699921661829,4725.7900390625,1
3840,2021-12-27,246143.26922350752,360870.3303028228,0.01383893524747526,0.013838935247475481,4791.18994140625,1
3841,2021-12-28,245894.62640664473,360505.7953889421,-0.0010101548486259881,-0.0010101548486260992,4786.35009765625,1
3842,2021-12-29,246239.34488821542,361011.1867112331,0.0014018951394270118,0.0014018951394270118,4793.06005859375,1
3843,2021-12-30,245503.14942924757,359931.8514960828,-0.0029897555945093135,-0.0029897555945092025,4778.72998046875,1
3844,2021-12-31,244858.4139894768,358986.6056973982,-0.0026261799136575448,-0.0026261799136575448,4766.18017578125,1
3845,2022-01-03,246419.15438289585,361274.8051800282,0.006374052530970564,0.006374052530970564,4796.56005859375,1
3846,2022-01-04,246264.0034726561,361047.3386301541,-0.000629621957060511,-0.000629621957060511,4793.5400390625,1
3847,2022-01-05,241488.26530074596,354045.63504112733,-0.019392757790687054,-0.019392757790687054,4700.580078125,1
3848,2022-01-06,241255.52639287134,353704.4168277511,-0.0009637690162077606,-0.0009637690162077606,4696.0498046875,1
3849,2022-01-07,240278.3892212353,352271.837277671,-0.004050216740091761,-0.00405021674009165,4677.02978515625,1
3850,2022-01-10,239932.14055283766,351764.20255044184,-0.0014410312534550718,-0.0014410312534549607,4670.2900390625,1
3851,2022-01-11,242129.91528183286,354986.3572528055,0.009159984668711818,0.009159984668711818,4713.06982421875,1
3852,2022-01-12,242812.1779264086,355986.6216381694,0.002817754443029452,0.002817754443029452,4726.35009765625,1
3853,2022-01-13,239353.65467716445,350916.08515243913,-0.01424361528643081,-0.0142436152864307,4659.02978515625,1
3854,2022-01-14,239549.919951492,351203.82941860164,0.0008199802697488323,0.0008199802697488323,4662.85009765625,1
3855,2022-01-18,235145.08903242013,344745.91247572494,-0.018387945694007368,-0.01838794569400748,4577.10986328125,1
3856,2022-01-19,232866.64084710626,341405.4825228528,-0.009689541868338702,-0.009689541868338702,4532.759765625,1
3857,2022-01-20,230296.40359341586,337637.2609922707,-0.01103737849414832,-0.01103737849414832,4482.72998046875,1
3858,2022-01-21,225940.38814262638,331250.91234463337,-0.018914821867908715,-0.018914821867908604,4397.93994140625,1
3859,2022-01-24,226566.63591532412,332169.05339840974,0.002771738943381896,0.002771738943381896,4410.1298828125,1
3860,2022-01-25,223808.88806275866,328125.9228200817,-0.012171906253646836,-0.012171906253646836,4356.4501953125,1
3861,2022-01-26,223473.92765783847,327634.8378014125,-0.001496635847751726,-0.0014966358477518371,4349.93017578125,1
3862,2022-01-27,222270.72419629447,325870.82275457156,-0.005384088757710681,-0.005384088757710681,4326.509765625,1
3863,2022-01-28,227682.4933025828,333805.0104781267,0.024347646888076113,0.024347646888076113,4431.85009765625,1
3864,2022-01-31,231982.49388149424,340109.2357941765,0.018885951732779516,0.018885951732779294,4515.5498046875,1
3865,2022-02-01,233574.5905623506,342443.40668947314,0.00686300355780145,0.006863003557801672,4546.5400390625,1
3866,2022-02-02,235775.45075002962,345670.08497884317,0.00942251544733641,0.00942251544733641,4589.3798828125,1
3867,2022-02-03,230024.6323789393,337238.8175644072,-0.024391082077443893,-0.024391082077443893,4477.43994140625,1
3868,2022-02-04,231210.85327520728,338977.9344941479,0.0051569298644233985,0.0051569298644233985,4500.52978515625,1
3869,2022-02-07,230354.97713834874,337723.13559113187,-0.0037017126347429485,-0.0037017126347428375,4483.8701171875,1
3870,2022-02-08,232290.23702891887,340560.4176266512,0.008401207191663262,0.008401207191663262,4521.5400390625,1
3871,2022-02-09,235662.4426901056,345504.40400759294,0.014517207887505545,0.014517207887505323,4587.18017578125,1
3872,2022-02-10,231393.24652797254,339245.3410073467,-0.01811572566845976,-0.01811572566845976,4504.080078125,1
3873,2022-02-11,227003.84290231986,332810.041999502,-0.01896945434456343,-0.01896945434456343,4418.64013671875,1
3874,2022-02-14,226132.01268641322,331531.85284172115,-0.0038405967262932217,-0.0038405967262933327,4401.669921875,1
3875,2022-02-15,229697.3730782137,336759.0231246889,0.01576672117072042,0.01576672117072042,4471.06982421875,1
3876,2022-02-16,229899.78418487895,337055.77778773406,0.0008812077558950637,0.0008812077558952858,4475.009765625,1
3877,2022-02-17,225032.0842931727,329919.2492396388,-0.021173138152195015,-0.021173138152195126,4380.259765625,1
3878,2022-02-18,223419.46805781737,327554.9946518932,-0.0071661613961430115,-0.0071661613961430115,4348.8701171875,1
3879,2022-02-22,221153.33662220885,324232.62226991646,-0.010142945264832837,-0.010142945264832837,4304.759765625,1
3880,2022-02-23,217081.4342206313,318262.8113981682,-0.018412122845487544,-0.018412122845487544,4225.5,1
3881,2022-02-24,220328.28998715867,323023.0224598342,0.014956856067329216,0.014956856067329216,4288.7001953125,1
3882,2022-02-25,225257.6237974517,330249.91241666675,0.022372677655603468,0.022372677655603246,4384.64990234375,1
3883,2022-02-28,224707.40875053193,329443.24284432427,-0.002442603440647617,-0.002442603440647506,4373.93994140625,1
3884,2022-03-01,221230.39783421476,324345.6016136858,-0.015473503680411893,-0.015473503680411893,4306.259765625,1
3885,2022-03-02,221845.7435776412,330392.2766874125,0.0027814701300115097,0.018642691757320806,4386.5400390625,0
3886,2022-03-03,221845.7435776412,328656.1754823428,0.0,-0.005254666430088206,4363.490234375,0
3887,2022-03-04,221845.7435776412,326048.60340163566,0.0,-0.007934042550334475,4328.8701171875,0
3888,2022-03-07,221845.7435776412,316424.24910854717,0.0,-0.029518158313449172,4201.08984375,0
3889,2022-03-08,221845.7435776412,314135.3140833145,0.0,-0.00723375351819977,4170.7001953125,0
3890,2022-03-09,221845.7435776412,322208.04125608155,0.0,0.02569824789143582,4277.8798828125,0
3891,2022-03-10,221845.7435776412,320825.18438594154,0.0,-0.004291813651667864,4259.52001953125,0
3892,2022-03-11,221845.7435776412,316666.7942817759,0.0,-0.012961545123475249,4204.31005859375,0
3893,2022-03-14,221845.7435776412,314316.80922052206,0.0,-0.007421002465963555,4173.10986328125,0
3894,2022-03-15,221845.7435776412,321045.8839438711,0.0,0.021408574170870942,4262.4501953125,0
3895,2022-03-16,221845.7435776412,328232.09839477635,0.0,0.022383761357182452,4357.85986328125,0
3896,2022-03-17,221845.7435776412,332285.04846684996,0.0,0.01234781757145198,4411.669921875,0
3897,2022-03-18,221845.7435776412,336160.2546689896,0.0,0.011662294827948783,4463.1201171875,0
3898,2022-03-21,221845.7435776412,336014.13913097023,0.0,-0.0004346603621040446,4461.18017578125,0
3899,2022-03-22,221845.7435776412,339812.4811311314,0.0,0.0113041136006502,4511.60986328125,0
3900,2022-03-23,221845.7435776412,335642.06490541226,0.0,-0.012272698789159042,4456.240234375,0
3901,2022-03-24,221845.7435776412,340456.4854568946,0.0,0.01434391292056647,4520.16015625,0
3902,2022-03-25,221845.7435776412,342181.2960830135,0.0,0.005066170567449291,4543.06005859375,0
3903,2022-03-28,223304.45560057674,344626.1661400111,0.006575343747467599,0.00714495527658654,4575.52001953125,1
3904,2022-03-29,226041.3972514241,348850.0930900742,0.012256547427530462,0.012256547427530684,4631.60009765625,1
3905,2022-03-30,224618.76047005382,346654.5351982498,-0.0062937001746979915,-0.0062937001746979915,4602.4501953125,1
3906,2022-03-31,221102.90617685288,341228.5109726516,-0.015652540713177343,-0.015652540713177454,4530.41015625,1
3907,2022-04-01,221856.91630096443,342392.1761471975,0.0034102225843581913,0.0034102225843584133,4545.85986328125,1
3908,2022-04-04,223651.9470082375,345162.45025161403,0.008090938687879357,0.008090938687879357,4582.64013671875,1
3909,2022-04-05,220844.73021260952,340830.06754478806,-0.01255172080180722,-0.012551720801807331,4525.1201171875,1
3910,2022-04-06,218698.80038465306,337518.25019915955,-0.009716916613271898,-0.009716916613271787,4481.14990234375,1
3911,2022-04-07,219629.01071917772,338953.8454739106,0.004253385628492534,0.004253385628492534,4500.2099609375,1
3912,2022-04-08,219046.76839553379,338055.26985336514,-0.002651026482054286,-0.002651026482054286,4488.27978515625,1
3913,2022-04-11,215349.8525390763,332349.8129930146,-0.01687729010355432,-0.01687729010355421,4412.52978515625,1
3914,2022-04-12,214613.9056770006,331214.0248831097,-0.003417447717741662,-0.003417447717741662,4397.4501953125,1
3915,2022-04-13,217012.12541943413,334915.20170545887,0.011174577597235835,0.011174577597235835,4446.58984375,1
3916,2022-04-14,214376.70025443475,330847.9453297634,-0.01214413784439794,-0.01214413784439805,4392.58984375,1
3917,2022-04-18,214332.78126771696,330780.1650789278,-0.0002048682840329885,-0.00020486828403309953,4391.68994140625,1
3918,2022-04-19,217774.4522697337,336091.7020984212,0.016057604355527166,0.016057604355527166,4462.2099609375,1
3919,2022-04-20,217639.76419977768,335883.83775890816,-0.0006184750715809706,-0.0006184750715808596,4459.4501953125,1
3920,2022-04-21,214428.93596734054,330928.56079901545,-0.014752948498371943,-0.014752948498372054,4393.66015625,1
3921,2022-04-22,208480.66565067513,321748.58456932695,-0.027740054250753654,-0.027740054250753654,4271.77978515625,1
3922,2022-04-25,209668.57534622322,323581.8877293389,0.005697936985382235,0.005697936985382235,4296.1201171875,1
3923,2022-04-26,203767.17895623922,314474.25211462245,-0.028146308431003964,-0.028146308431003852,4175.2001953125,1
3924,2022-04-27,204115.31394505806,315134.0338292128,0.0017084939321538872,0.0020980468517017847,4183.9599609375,0
3925,2022-04-28,204115.31394505806,322932.62427396665,0.0,0.02474690007293945,4287.5,0
3926,2022-04-29,204115.31394505806,311215.173173605,0.0,-0.036284507106413955,4131.93017578125,0
3927,2022-05-02,204115.31394505806,312981.3948482539,0.0,0.005675242812353654,4155.3798828125,0
3928,2022-05-03,204115.31394505806,314495.3254101888,0.0,0.004837126381486367,4175.47998046875,0
3929,2022-05-04,204115.31394505806,323886.917246664,0.0,0.02986242108440229,4300.169921875,0
3930,2022-05-05,204115.31394505806,312340.4430242918,0.0,-0.035649708609806985,4146.8701171875,0
3931,2022-05-06,204115.31394505806,310568.1531231709,0.0,-0.0056742248424839214,4123.33984375,0
3932,2022-05-09,204115.31394505806,300618.44994835864,0.0,-0.032037100632356874,3991.239990234375,0
3933,2022-05-10,204115.31394505806,301357.3392698656,0.0,0.0024578974498534745,4001.050048828125,0
3934,2022-05-11,204115.31394505806,296396.0308606311,0.0,-0.01646320750393826,3935.179931640625,0
3935,2022-05-12,204115.31394505806,296011.91212495446,0.0,-0.0012959645058716607,3930.080078125,0
3936,2022-05-13,204115.31394505806,303077.6263089781,0.0,0.02386969542307149,4023.889892578125,0
3937,2022-05-16,204115.31394505806,301881.5604827848,0.0,-0.003946400929555782,4008.010009765625,0
3938,2022-05-17,204115.31394505806,307970.40053620934,0.0,0.020169632234863677,4088.85009765625,0
3939,2022-05-18,204115.31394505806,295529.85589173296,0.0,-0.04039526078745248,3923.679931640625,0
3940,2022-05-19,204115.31394505806,293805.7991967818,0.0,-0.005833781800992588,3900.7900390625,0
3941,2022-05-20,204115.31394505806,293848.73649621237,0.0,0.00014614176965843662,3901.360107421875,0
3942,2022-05-23,204115.31394505806,299301.111535551,0.0,0.018555039930923556,3973.75,0
3943,2022-05-24,204115.31394505806,296870.54778217524,0.0,-0.008120797617175213,3941.47998046875,0
3944,2022-05-25,204115.31394505806,299676.20148577995,0.0,0.009450764734207695,3978.72998046875,0
3945,2022-05-26,204115.31394505806,305634.7401671424,0.0,0.019883256167224195,4057.840087890625,0
3946,2022-05-27,204115.31394505806,313196.8352765744,0.0,0.024742262955109506,4158.240234375,0
3947,2022-05-31,204115.31394505806,311231.72288216493,0.0,-0.006274368617659065,4132.14990234375,0
3948,2022-06-01,204115.31394505806,308902.84789360757,0.0,-0.007482768681131846,4101.22998046875,0
3949,2022-06-02,204115.31394505806,314596.2418552744,0.0,0.018431018038486124,4176.81982421875,0
3950,2022-06-03,204115.31394505806,309453.43830883235,0.0,-0.016347313992415513,4108.5400390625,0
3951,2022-06-06,204115.31394505806,310424.3177672198,0.0,0.003137400778913113,4121.43017578125,0
3952,2022-06-07,204115.31394505806,313380.6105958503,0.0,0.009523393173235029,4160.68017578125,0
3953,2022-06-08,204115.31394505806,309997.9972747152,0.0,-0.010793945785935732,4115.77001953125,0
3954,2022-06-09,204115.31394505806,302620.44980429177,0.0,-0.02379869397635359,4017.820068359375,0
3955,2022-06-10,204115.31394505806,293811.0767149559,0.0,-0.029110303335524668,3900.860107421875,0
3956,2022-06-13,204115.31394505806,282420.48235865345,0.0,-0.038768430665237275,3749.6298828125,0
3957,2022-06-14,204115.31394505806,281354.71790452226,0.0,-0.0037736797459957394,3735.47998046875,0
3958,2022-06-15,204115.31394505806,285460.38799264183,0.0,0.014592504858983224,3789.989990234375,0
3959,2022-06-16,204115.31394505806,276179.5137064328,0.0,-0.032511951488163326,3666.77001953125,0
3960,2022-06-17,204115.31394505806,276787.34772470995,0.0,0.002200865698254839,3674.840087890625,0
3961,2022-06-21,204115.31394505806,283562.3386950303,0.0,0.024477242280086742,3764.7900390625,0
3962,2022-06-22,204115.31394505806,283193.2618055782,0.0,-0.0013015723144005342,3759.889892578125,0
3963,2022-06-23,204115.31394505806,285892.72154592315,0.0,0.009532217409177646,3795.72998046875,0
3964,2022-06-24,204115.31394505806,294630.5447285848,0.0,0.03056329358583576,3911.739990234375,0
3965,2022-06-27,204115.31394505806,293754.5870430713,0.0,-0.0029730715337762392,3900.110107421875,0
3966,2022-06-28,204115.31394505806,287837.47779880394,0.0,-0.020143036075891962,3821.550048828125,0
3967,2022-06-29,204115.31394505806,287632.6107953967,0.0,-0.0007117454091591924,3818.830078125,0
3968,2022-06-30,204115.31394505806,285113.15671848884,0.0,-0.008759278267998605,3785.3798828125,0
3969,2022-07-01,204115.31394505806,288122.1879517304,0.0,0.010553814029047315,3825.330078125,0
3970,2022-07-05,204115.31394505806,288578.610525249,0.0,0.0015841285142366157,3831.389892578125,0
3971,2022-07-06,204115.31394505806,289609.7493113598,0.0,0.0035731642904301975,3845.080078125,0
3972,2022-07-07,204115.31394505806,293943.6398805212,0.0,0.014964587965241805,3902.6201171875,0
3973,2022-07-08,204115.31394505806,293699.586844957,0.0,-0.000830271529819071,3899.3798828125,0
3974,2022-07-11,204115.31394505806,290313.9761877161,0.0,-0.011527461422777385,3854.429931640625,0
3975,2022-07-12,204115.31394505806,287630.3490018935,0.0,-0.009243878717321574,3818.800048828125,0
3976,2022-07-13,204115.31394505806,286348.4085768391,0.0,-0.0044569025122100925,3801.780029296875,0
3977,2022-07-14,204115.31394505806,285489.75453105324,0.0,-0.002998633902152159,3790.3798828125,0
3978,2022-07-15,204115.31394505806,290971.51449736836,0.0,0.01920124935943668,3863.159912109375,0
3979,2022-07-18,204115.31394505806,288537.95340788673,0.0,-0.008363571580831342,3830.85009765625,0
3980,2022-07-19,204115.31394505806,296509.7641355681,0.0,0.02762829164595959,3936.68994140625,0
3981,2022-07-20,204115.31394505806,298257.9282393216,0.0,0.005895806193263242,3959.89990234375,0
3982,2022-07-21,204115.31394505806,301199.16083316255,0.0,0.00986137270919718,3998.949951171875,0
3983,2022-07-22,204115.31394505806,298388.2296113837,0.0,-0.00933246697634682,3961.6298828125,0
3984,2022-07-25,204115.31394505806,298780.6599784705,0.0,0.0013151670479691902,3966.840087890625,0
3985,2022-07-26,204115.31394505806,295331.7742688353,0.0,-0.011543202662058771,3921.050048828125,0
3986,2022-07-27,204115.31394505806,303056.55301341176,0.0,0.026156273782937722,4023.610107421875,0
3987,2022-07-28,204115.31394505806,306733.6408155236,0.0,0.012133338697180918,4072.429931640625,0
3988,2022-07-29,204115.31394505806,311091.63879348745,0.0,0.014207760082581844,4130.2900390625,0
3989,2022-08-01,204115.31394505806,310213.4009259056,0.0,-0.0028230841271977836,4118.6298828125,0
3990,2022-08-02,204115.31394505806,308146.63654380786,0.0,-0.006662395550704803,4091.18994140625,0
3991,2022-08-03,204115.31394505806,312965.5806822966,0.0,0.01563847716313993,4155.169921875,0
3992,2022-08-04,204115.31394505806,312722.2999664652,0.0,-0.0007773401640557287,4151.93994140625,0
3993,2022-08-05,204115.31394505806,312213.89291950327,0.0,-0.0016257460597356443,4145.18994140625,0
3994,2022-08-08,204115.31394505806,311827.51239032345,0.0,-0.0012375507238540084,4140.06005859375,0
3995,2022-08-09,204115.31394505806,310502.65305440355,0.0,-0.004248692893594086,4122.47021484375,0
3996,2022-08-10,204115.31394505806,317113.4525272441,0.0,0.021290637641290244,4210.240234375,0
3997,2022-08-11,204115.31394505806,316889.7372446436,0.0,-0.000705473958350189,4207.27001953125,0
3998,2022-08-12,204115.31394505806,322379.01813407097,0.0,0.017322368774566943,4280.14990234375,0
3999,2022-08-15,204115.31394505806,323658.71515418723,0.0,0.0039695418998517695,4297.14013671875,0
4000,2022-08-16,204115.31394505806,324265.79524129664,0.0,0.0018756797165810912,4305.2001953125,0
4001,2022-08-17,204115.31394505806,321918.8259047137,0.0,-0.007237794954094601,4274.0400390625,0
4002,2022-08-18,204115.31394505806,322649.44037194067,0.0,0.002269561170191503,4283.740234375,0
4003,2022-08-19,204115.31394505806,318487.26222337136,0.0,-0.012900001139847905,4228.47998046875,0
4004,2022-08-22,204115.31394505806,311671.61413568864,0.0,-0.02140006491971591,4137.990234375,0
4005,2022-08-23,204115.31394505806,310974.1358627117,0.0,-0.0022378626777133093,4128.72998046875,0
4006,2022-08-24,204115.31394505806,311880.9863375372,0.0,0.0029161604463010526,4140.77001953125,0
4007,2022-08-25,204115.31394505806,316275.8901655897,0.0,0.014091605518061545,4199.1201171875,0
4008,2022-08-26,204115.31394505806,305621.1694061232,0.0,-0.033688058719518854,4057.659912109375,0
4009,2022-08-29,204115.31394505806,303583.78995100193,0.0,-0.006666355799502699,4030.610107421875,0
4010,2022-08-30,204115.31394505806,300235.82068645244,0.0,-0.011028155571448206,3986.159912109375,0
4011,2022-08-31,204115.31394505806,297888.86973843456,0.0,-0.007817025105971265,3955.0,0
4012,2022-09-01,204115.31394505806,298781.4139096382,0.0,0.0029962320243361873,3966.85009765625,0
4013,2022-09-02,204115.31394505806,295573.5471223313,0.0,-0.010736500458080944,3924.260009765625,0
4014,2022-09-06,204115.31394505806,294363.15660395107,0.0,-0.004095056983835055,3908.18994140625,0
4015,2022-09-07,204115.31394505806,299762.07608464104,0.0,0.018341016392734,3979.8701171875,0
4016,2022-09-08,204115.31394505806,301743.7197990455,0.0,0.00661072187745626,4006.179931640625,0
4017,2022-09-09,204115.31394505806,306351.7838733502,0.0,0.015271449816332883,4067.360107421875,0
4018,2022-09-12,204115.31394505806,309594.29471724265,0.0,0.010584272769349923,4110.41015625,0
4019,2022-09-13,204115.31394505806,296208.4858855166,0.0,-0.0432366134006168,3932.68994140625,0
4020,2022-09-14,204115.31394505806,297211.7476069864,0.0,0.0033870120853238816,3946.010009765625,0
4021,2022-09-15,204115.31394505806,293847.98256504466,0.0,-0.011317739184353304,3901.35009765625,0
4022,2022-09-16,204115.31394505806,291737.5269523486,0.0,-0.007182134089448455,3873.330078125,0
4023,2022-09-19,204115.31394505806,293738.0005573812,0.0,0.006857100716286535,3899.889892578125,0
4024,2022-09-20,204115.31394505806,290426.95553148544,0.0,-0.01127210309736193,3855.929931640625,0
4025,2022-09-21,204115.31394505806,285455.86440563545,0.0,-0.017116493600784488,3789.929931640625,0
4026,2022-09-22,204115.31394505806,283050.16199222975,0.0,-0.00842758097968932,3757.989990234375,0
4027,2022-09-23,204115.31394505806,278172.46638835315,0.0,-0.017232619015461026,3693.22998046875,0
4028,2022-09-26,204115.31394505806,275296.0167092419,0.0,-0.010340526208282186,3655.0400390625,0
4029,2022-09-27,204115.31394505806,274712.2900997671,0.0,-0.0021203598092424114,3647.2900390625,0
4030,2022-09-28,204115.31394505806,280116.46871006617,0.0,0.019672139926234955,3719.0400390625,0
4031,2022-09-29,204115.31394505806,274198.60553463106,0.0,-0.021126437880238935,3640.469970703125,0
4032,2022-09-30,204115.31394505806,270067.3385639387,0.0,-0.015066695771983385,3585.6201171875,0
4033,2022-10-03,204115.31394505806,277057.7331854495,0.0,0.025883894952576147,3678.429931640625,0
4034,2022-10-04,204115.31394505806,285531.18396814837,0.0,0.03058370067955174,3790.929931640625,0
4035,2022-10-05,204115.31394505806,284954.99667035084,0.0,-0.002017948757084942,3783.280029296875,0
4036,2022-10-06,204115.31394505806,282035.6096918091,0.0,-0.010245080846639887,3744.52001953125,0
4037,2022-10-07,204115.31394505806,274137.59227574,0.0,-0.028003617786773738,3639.659912109375,0
4038,2022-10-10,204115.31394505806,272083.6263349286,0.0,-0.007492463633901769,3612.389892578125,0
4039,2022-10-11,204115.31394505806,270309.86534860235,0.0,-0.006519175777754516,3588.840087890625,0
4040,2022-10-12,204115.31394505806,269420.3369020697,0.0,-0.003290773148014736,3577.030029296875,0
4041,2022-10-13,204115.31394505806,276416.0090417546,0.0,0.02596564246086497,3669.909912109375,0
4042,2022-10-14,204115.31394505806,269875.27000181784,0.0,-0.0236626636156545,3583.070068359375,0
4043,2022-10-17,204115.31394505806,277021.5812665285,0.0,0.026480052302171098,3677.949951171875,0
4044,2022-10-18,204115.31394505806,280187.26468557265,0.0,0.011427569666488724,3719.97998046875,0
4045,2022-10-19,204115.31394505806,278317.8279952048,0.0,-0.006672097293450419,3695.159912109375,0
4046,2022-10-20,204115.31394505806,276104.9480750876,0.0,-0.00795090970656498,3665.780029296875,0
4047,2022-10-21,204115.31394505806,282655.4882202049,0.0,0.02372481982226482,3752.75,0
4048,2022-10-24,204115.31394505806,286013.99413253757,0.0,0.011881976654619875,3797.340087890625,0
4049,2022-10-25,204115.31394505806,290666.48498004326,0.0,0.016266654579669693,3859.110107421875,0
4050,2022-10-26,204115.31394505806,288519.1235172585,0.0,-0.007387716072364436,3830.60009765625,0
4051,2022-10-27,204115.31394505806,286764.1740329954,0.0,-0.006082610618211248,3807.300048828125,0
4052,2022-10-28,204115.31394505806,293826.1369497455,0.0,0.024626377895927476,3901.06005859375,0
4053,2022-10-31,204115.31394505806,291635.8381875302,0.0,-0.007454404107657409,3871.97998046875,0
4054,2022-11-01,204115.31394505806,290439.77236133686,0.0,-0.004101230608784756,3856.10009765625,0
4055,2022-11-02,204115.31394505806,283178.20157078863,0.0,-0.02500198485734273,3759.68994140625,0
4056,2022-11-03,204115.31394505806,280180.479305063,0.0,-0.010585992315429782,3719.889892578125,0
4057,2022-11-04,204115.31394505806,283996.1801106471,0.0,0.013618724670070748,3770.550048828125,0
4058,2022-11-07,204115.31394505806,286726.51425173896,0.0,0.009613981920560066,3806.800048828125,0
4059,2022-11-08,204115.31394505806,288331.57854214404,0.0,0.005597892802462923,3828.110107421875,0
4060,2022-11-09,204115.31394505806,282340.65759769926,0.0,-0.02077788695478988,3748.570068359375,0
4061,2022-11-10,204115.31394505806,297992.0663655884,0.0,0.05543448436034493,3956.3701171875,0
4062,2022-11-11,204115.31394505806,300745.7355957498,0.0,0.009240746788148124,3992.929931640625,0
4063,2022-11-14,204115.31394505806,298058.3387540885,0.0,-0.008935777048801108,3957.25,0
4064,2022-11-15,204115.31394505806,300655.3557984474,0.0,0.008713116550319144,3991.72998046875,0
4065,2022-11-16,204115.31394505806,298174.3338225288,0.0,-0.008252046497990384,3958.7900390625,0
4066,2022-11-17,204115.31394505806,297253.17704408144,0.0,-0.0030893228355315383,3946.56005859375,0
4067,2022-11-18,204115.31394505806,298667.68063470116,0.0,0.004758581908814952,3965.340087890625,0
4068,2022-11-21,204115.31394505806,297507.7483388638,0.0,-0.00388368869832989,3949.93994140625,0
4069,2022-11-22,204115.31394505806,301547.899969651,0.0,0.013579987927526016,4003.580078125,0
4070,2022-11-23,204115.31394505806,303331.46206115774,0.0,0.0059146891478476515,4027.260009765625,0
4071,2022-11-25,204115.31394505806,303245.6058508617,0.0,-0.0002830441976333642,4026.1201171875,0
4072,2022-11-28,204115.31394505806,298562.2222140441,0.0,-0.015444192913123156,3963.93994140625,0
4073,2022-11-29,204115.31394505806,298086.9513613322,0.0,-0.0015918653377758885,3957.6298828125,0
4074,2022-11-30,204115.31394505806,307312.1082953894,0.0,0.03094787239738883,4080.110107421875,0
4075,2022-12-01,204115.31394505806,307045.4741019234,0.0,-0.0008676332180497237,4076.570068359375,0
4076,2022-12-02,204115.31394505806,306678.6590059745,0.0,-0.001194660488065602,4071.699951171875,0
4077,2022-12-05,204115.31394505806,301190.88597888255,0.0,-0.017894212283564914,3998.840087890625,0
4078,2022-12-06,204115.31394505806,296853.9796850502,0.0,-0.01439919498140596,3941.260009765625,0
4079,2022-12-07,204115.31394505806,296301.12747632223,0.0,-0.0018623708845491027,3933.919921875,0
4080,2022-12-08,204115.31394505806,298529.83995096176,0.0,0.007521781957504192,3963.510009765625,0
4081,2022-12-09,204115.31394505806,296335.77153290773,0.0,-0.007349578247904609,3934.3798828125,0
4082,2022-12-12,204115.31394505806,300567.2377946481,0.0,0.014279296218109305,3990.56005859375,0
4083,2022-12-13,204115.31394505806,302758.2720994661,0.0,0.0072896644387934195,4019.64990234375,0
4084,2022-12-14,204115.31394505806,300925.75964775204,0.0,-0.006052724634100337,3995.320068359375,0
4085,2022-12-15,204115.31394505806,293426.1856595465,0.0,-0.024921675023713896,3895.75,0
4086,2022-12-16,204115.31394505806,290158.0779330813,0.0,-0.011137750774080857,3852.360107421875,0
4087,2022-12-19,204115.31394505806,287544.4744030324,0.0,-0.009007516001852234,3817.659912109375,0
4088,2022-12-20,204115.31394505806,287842.75531697803,0.0,0.0010373383615347453,3821.6201171875,0
4089,2022-12-21,204115.31394505806,292122.39961919293,0.0,0.014867993802734736,3878.43994140625,0
4090,2022-12-22,204115.31394505806,287900.7344626331,0.0,-0.01445169956861625,3822.389892578125,0
4091,2022-12-23,204115.31394505806,289590.16548956383,0.0,0.005868102525282026,3844.820068359375,0
4092,2022-12-27,204115.31394505806,288417.4347524401,0.0,-0.004049622110409712,3829.25,0
4093,2022-12-28,204115.31394505806,284950.47308334446,0.0,-0.012020638322615462,3783.219970703125,0
4094,2022-12-29,204115.31394505806,289926.0877962008,0.0,0.01746133164481911,3849.280029296875,0
4095,2022-12-30,204115.31394505806,289189.46026819706,0.0,-0.0025407424823445934,3839.5,0
4096,2023-01-03,204115.31394505806,288032.54369703063,0.0,-0.0040005488792485,3824.139892578125,0
4097,2023-01-04,204115.31394505806,290204.01256861776,0.0,0.007538970575044601,3852.969970703125,0
4098,2023-01-05,204115.31394505806,286824.4333607187,0.0,-0.011645528874622113,3808.10009765625,0
4099,2023-01-06,204115.31394505806,293375.7274370037,0.0,0.02284078102943865,3895.080078125,0
4100,2023-01-09,204115.31394505806,293150.52268063277,0.0,-0.0007676325452632415,3892.090087890625,0
4101,2023-01-10,204115.31394505806,295196.19537859916,0.0,0.006978233159062208,3919.25,0
4102,2023-01-11,204115.31394505806,298989.29663771635,0.0,0.012849424614881588,3969.610107421875,0
4103,2023-01-12,204115.31394505806,300010.6159300815,0.0,0.0034159058663651987,3983.169921875,0
4104,2023-01-13,204115.31394505806,301209.7158695108,0.0,0.003996858363534361,3999.090087890625,0
4105,2023-01-17,204115.31394505806,300598.112195395,0.0,-0.0020304911890051125,3990.969970703125,0
4106,2023-01-18,204115.31394505806,295920.02446531656,0.0,-0.015562598500410973,3928.860107421875,0
4107,2023-01-19,204115.31394505806,293659.6836587624,0.0,-0.00763835029629456,3898.85009765625,0
4108,2023-01-20,204115.31394505806,299215.255325255,0.0,0.018918401045981525,3972.610107421875,0
4109,2023-01-23,204115.31394505806,302770.33499814983,0.0,0.01188134498366522,4019.81005859375,0
4110,2023-01-24,204115.31394505806,302554.9129583943,0.0,-0.0007115031258159155,4016.949951171875,0
4111,2023-01-25,204115.31394505806,302499.9311488452,0.0,-0.0001817250594662312,4016.219970703125,0
4112,2023-01-26,204115.31394505806,305829.8060653691,0.0,0.011007853469181317,4060.429931640625,0
4113,2023-01-27,204115.31394505806,306592.8027956784,0.0,0.002494840970949097,4070.56005859375,0
4114,2023-01-30,204115.31394505806,302616.68014845316,0.0,-0.012968740984683258,4017.77001953125,0
4115,2023-01-31,204115.31394505806,307047.7358954266,0.0,0.014642470285510134,4076.60009765625,0
4116,2023-02-01,204115.31394505806,310257.09215650393,0.0,0.010452303944590513,4119.2099609375,0
4117,2023-02-02,204115.31394505806,314817.6769558067,0.0,0.014699373244309921,4179.759765625,0
4118,2023-02-03,203901.05285959246,311557.8624721865,-0.0010497060770426891,-0.010354610691310606,4136.47998046875,1
4119,2023-02-06,202649.00598522692,309644.7529397854,-0.006140463017754505,-0.006140463017754394,4111.080078125,1
4120,2023-02-07,205257.6074624513,313630.6583036262,0.01287251059802652,0.012872510598026743,4164.0,1
4121,2023-02-08,202983.20446752312,310155.4033916855,-0.011080724476164705,-0.011080724476164816,4117.85986328125,1
4122,2023-02-09,201190.90414457134,307416.79439631366,-0.00882979617773516,-0.008829796177735272,4081.5,1
4123,2023-02-10,201632.57084605747,308091.65473425866,0.0021952617756952897,0.0021952617756952897,4090.4599609375,1
4124,2023-02-13,203940.9833804516,311618.87573107757,0.011448609342766147,0.011448609342766147,4137.2900390625,1
4125,2023-02-14,203883.79536504392,311531.493269881,-0.00028041453198734967,-0.00028041453198734967,4136.1298828125,1
4126,2023-02-15,204449.20095003632,312395.424833841,0.002773175690496066,0.002773175690496066,4147.60009765625,1
4127,2023-02-16,201630.10377047694,308087.88507842,-0.013788741489130674,-0.013788741489130674,4090.409912109375,1
4128,2023-02-17,201072.1114467411,307235.28087054106,-0.00276740582532764,-0.002767405825327751,4079.090087890625,1
4129,2023-02-21,197042.37815902365,301077.90663511324,-0.020041234255327445,-0.020041234255327445,3997.340087890625,1
4130,2023-02-22,196732.32091387137,300604.14364473685,-0.001573556145886723,-0.001573556145886723,3991.050048828125,1
4131,2023-02-23,197780.79193204237,302206.19221047097,0.005329429416074616,0.005329429416074394,4012.320068359375,1
4132,2023-02-24,195696.666654204,299021.67890079867,-0.010537551485558239,-0.010537551485558128,3970.0400390625,1
4133,2023-02-27,196298.04340461173,299940.57388574275,0.0030730045671669703,0.0030730045671669703,3982.239990234375,1
4134,2023-02-28,195702.0821859661,299029.9537550786,-0.0030360018281854195,-0.0030360018281855305,3970.14990234375,1
4135,2023-03-01,194777.33801678635,297616.9580267944,-0.004725264845680144,-0.004725264845679922,3951.389892578125,1
4136,2023-03-02,196254.1775973388,299873.54756607494,0.0075821940867943916,0.0075821940867943916,3981.35009765625,1
4137,2023-03-03,199423.23847387955,304715.8267936332,0.0161477371607488,0.0161477371607488,4045.639892578125,1
4138,2023-03-06,199560.27549649053,304925.2173840468,0.0006871667698291617,0.0006871667698291617,4048.419921875,1
4139,2023-03-07,196501.6312953213,300251.65324097476,-0.01532691911533779,-0.015326919115337678,3986.3701171875,1
4140,2023-03-08,196779.64062695703,300676.4474825788,0.0014147940136837178,0.0014147940136839399,3992.010009765625,1
4141,2023-03-09,193147.21481833668,295126.1533342604,-0.01845935787384878,-0.01845935787384878,3918.320068359375,1
4142,2023-03-10,190350.80269960297,290853.27602399,-0.01447813845705137,-0.01447813845705137,3861.590087890625,1
4143,2023-03-13,188856.9625373288,290414.15709019906,-0.00784782696520403,-0.001509761003189558,3855.760009765625,0
4144,2023-03-14,188856.9625373288,295199.21110327006,0.0,0.016476655480623936,3919.2900390625,0
4145,2023-03-15,188856.9625373288,293138.45978194906,0.0,-0.00698088356543769,3891.929931640625,0
4146,2023-03-16,188856.9625373288,298286.5592351304,0.0,0.01756200621716686,3960.280029296875,0
4147,2023-03-17,188856.9625373288,294999.6032294719,0.0,-0.011019457310067704,3916.639892578125,0
4148,2023-03-20,188856.9625373288,297630.5287878136,0.0,0.008918403718310097,3951.570068359375,0
4149,2023-03-21,188856.9625373288,301494.4260224373,0.0,0.012982193897784988,4002.8701171875,0
4150,2023-03-22,188856.9625373288,296530.8558196995,0.0,-0.016463223775713742,3936.969970703125,0
4151,2023-03-23,188856.9625373288,297415.8606792259,0.0,0.0029845287333756243,3948.719970703125,0
4152,2023-03-24,188856.9625373288,299093.22880747286,0.0,0.005639807253104312,3970.989990234375,0
4153,2023-03-27,188856.9625373288,299585.82168847753,0.0,0.0016469543057484604,3977.530029296875,0
4154,2023-03-28,188856.9625373288,299114.3204916043,0.0,-0.0015738434957164316,3971.27001953125,0
4155,2023-03-29,188856.9625373288,303372.89149825287,0.0,0.014237268879836673,4027.81005859375,0
4156,2023-03-30,188856.9625373288,305106.74929838453,0.0,0.005715269388667954,4050.830078125,0
4157,2023-03-31,188856.9625373288,309511.43584305246,0.0,0.014436542471763847,4109.31005859375,0
4158,2023-04-03,188856.9625373288,310656.2711269701,0.0,0.0036988464765423945,4124.509765625,0
4159,2023-04-04,187414.64235063703,308855.4053957357,-0.007637103590537153,-0.005796972083329965,4100.60009765625,1
4160,2023-04-05,186947.53561892163,308085.6232849168,-0.002492370531228194,-0.002492370531228305,4090.3798828125,1
4161,2023-04-06,187616.65133900297,309188.3119777018,0.0035791630944270736,0.0035791630944272956,4105.02001953125,1
4162,2023-04-10,187803.57437110122,309496.3572196978,0.0009963029974375814,0.0009963029974373594,4109.10986328125,1
4163,2023-04-11,187795.80822793383,309483.5587784115,-4.1352477946121624e-05,-4.13524779460106e-05,4108.93994140625,1
4164,2023-04-12,187019.29433545837,308203.88014686026,-0.004134884052007015,-0.004134884052007015,4091.949951171875,1
4165,2023-04-13,189499.6732590585,312291.4926640844,0.01326268999363811,0.013262689993637888,4146.22021484375,1
4166,2023-04-14,189107.52766211124,311645.24493338313,-0.0020693734728036706,-0.0020693734728035595,4137.64013671875,1
4167,2023-04-17,189732.7468200941,312675.593011196,0.00330615690296554,0.00330615690296554,4151.31982421875,1
4168,2023-04-18,189895.0101159855,312942.9995243948,0.0008552202959737354,0.0008552202959737354,4154.8701171875,1
4169,2023-04-19,189879.00918308023,312916.63032208924,-8.42619976980652e-05,-8.42619976980652e-05,4154.52001953125,1
4170,2023-04-20,188748.74523767913,311053.979012231,-0.005952548152973081,-0.0059525481529728586,4129.7900390625,1
4171,2023-04-21,188919.22100680502,311334.91950931883,0.0009031888869577287,0.0009031888869577287,4133.52001953125,1
4172,2023-04-24,189080.10067948845,311600.04584044934,0.0008515791660903549,0.0008515791660901328,4137.0400390625,1
4173,2023-04-25,186090.58189010448,306673.38148780033,-0.015810858882773338,-0.015810858882773227,4071.6298828125,1
4174,2023-04-26,185375.77312940455,305495.39162106754,-0.003841187197329843,-0.003841187197329843,4055.989990234375,1
4175,2023-04-27,189002.8632613781,311472.76019305823,0.01956614972249704,0.01956614972249704,4135.35009765625,1
4176,2023-04-28,190562.74221285887,314043.4080351115,0.008253202753460753,0.008253202753460531,4169.47998046875,1
4177,2023-05-01,190489.1647012987,313922.15383706224,-0.00038610649020776044,-0.0003861064902075384,4167.8701171875,1
4178,2023-05-02,188282.10715253418,310284.9692211449,-0.011586262936400304,-0.011586262936400415,4119.580078125,1
4179,2023-05-03,186964.45152846441,308113.5003495578,-0.006998305064656485,-0.006998305064656485,4090.75,1
4180,2023-05-04,185614.8051968358,305889.3114619247,-0.007218732334382416,-0.007218732334382416,4061.219970703125,1
4181,2023-05-05,189043.99257706068,311540.54044389375,0.018474751389515376,0.018474751389515376,4136.25,1
4182,2023-05-08,189129.46478490884,311681.3968523041,0.0004521286642489297,0.00045212866424915177,4138.1201171875,1
4183,2023-05-09,188263.36128971633,310254.076431833,-0.004579421277258411,-0.004579421277258633,4119.169921875,1
4184,2023-05-10,189107.52766211124,311645.24493338313,0.004483965263404777,0.004483965263404999,4137.64013671875,1
4185,2023-05-11,188786.683293382,311116.5001334575,-0.0016966239932156846,-0.0016966239932160176,4130.6201171875,1
4186,2023-05-12,188487.7760474503,310623.90725245286,-0.0015833068345567636,-0.0015833068345565415,4124.080078125,1
4187,2023-05-15,189045.35388376532,311542.7838488319,0.0029581644391341033,0.0029581644391338813,4136.27978515625,1
4188,2023-05-16,187839.68247352898,309555.8626162534,-0.006377683373153142,-0.006377683373153031,4109.89990234375,1
4189,2023-05-17,190073.25202827877,313236.738462769,0.011890829058788244,0.011890829058788466,4158.77001953125,1
4190,2023-05-18,191868.50314064062,316195.27469633764,0.009445048649426857,0.009445048649426857,4198.0498046875,1
4191,2023-05-19,191591.0866874394,315738.0981916513,-0.0014458676054707187,-0.0014458676054707187,4191.97998046875,1
4192,2023-05-22,191620.78995340443,315787.04855185864,0.0001550346964389604,0.0001550346964389604,4192.6298828125,1
4193,2023-05-23,189470.4163231606,312243.27784647973,-0.01122202674755024,-0.01122202674755024,4145.580078125,1
4194,2023-05-24,188083.75807071838,309958.0940885207,-0.007318600335353365,-0.007318600335353254,4115.240234375,1
4195,2023-05-25,189730.91686681903,312672.5772865251,0.008757581265902425,0.008757581265902425,4151.27978515625,1
4196,2023-05-26,192206.73206548314,316752.66888063704,0.01304908677799732,0.01304908677799732,4205.4501953125,1
4197,2023-05-30,192209.92332546285,316757.9280102461,1.660326849850513e-05,1.660326849850513e-05,4205.52001953125,1
4198,2023-05-31,191035.7851344666,314822.97286254587,-0.006108624209833935,-0.006108624209833935,4179.830078125,1
4199,2023-06-01,192918.33840795167,317925.3812291957,0.009854453563032495,0.009854453563032495,4221.02001953125,1
4200,2023-06-02,195722.29547194202,322546.2437447868,0.014534424705965554,0.014534424705965554,4282.3701171875,1
4201,2023-06-05,195330.14987499476,321899.9960140855,-0.0020035816359177394,-0.0020035816359178504,4273.7900390625,1
4202,2023-06-06,195789.93679360984,322657.71522622067,0.0023538963079141606,0.0023538963079143826,4283.85009765625,1
4203,2023-06-07,195043.5836554182,321427.7408860446,-0.0038120096998571773,-0.0038120096998571773,4267.52001953125,1
4204,2023-06-08,196250.6386888625,323416.9423006913,0.0061886426142414575,0.0061886426142414575,4293.93017578125,1
4205,2023-06-09,196475.94610673067,323788.24420651654,0.001148059539441082,0.001148059539441082,4298.85986328125,1
4206,2023-06-12,198307.32763802362,326806.32261377084,0.009321148810237156,0.009321148810236934,4338.93017578125,1
4207,2023-06-13,199682.09119417783,329071.9041613689,0.006932489951473775,0.006932489951473775,4369.009765625,1
4208,2023-06-14,199845.71579677387,329341.55407950585,0.0008194255259321714,0.0008194255259321714,4372.58984375,1
4209,2023-06-15,202279.46438661453,333352.3207833166,0.01217813742034668,0.01217813742034668,4425.83984375,1
4210,2023-06-16,201536.77115497302,332128.3778924823,-0.0036716195284263176,-0.0036716195284264286,4409.58984375,1
4211,2023-06-20,200582.47283852304,330555.71425372467,-0.0047351076976228645,-0.0047351076976227535,4388.7099609375,1
4212,2023-06-21,199530.36128786983,328821.856453593,-0.005245281583003525,-0.005245281583003636,4365.68994140625,1
4213,2023-06-22,200270.77823616916,330042.0480771537,0.003710798414438221,0.003710798414438443,4381.89013671875,1
4214,2023-06-23,198736.94264410328,327514.31914596586,-0.007658808766684344,-0.007658808766684566,4348.330078125,1
4215,2023-06-26,197845.242119563,326044.81535723194,-0.004486838293256579,-0.004486838293256357,4328.81982421875,1
4216,2023-06-27,200111.72851676084,329779.9374706941,0.011455854954693034,0.011455854954693034,4378.41015625,1
4217,2023-06-28,200040.87361860994,329663.17008252104,-0.00035407668843834283,-0.00035407668843834283,4376.85986328125,1
4218,2023-06-29,200935.76540312995,331137.933000864,0.00447354467280614,0.004473544672805918,4396.43994140625,1
4219,2023-06-30,203401.0472122107,335200.6657895531,0.012269004495714109,0.012269004495714109,4450.3798828125,1
4220,2023-07-03,203639.1643030044,335593.07776807476,0.0011706778016009611,0.0011706778016009611,4455.58984375,1
4221,2023-07-05,203238.3375862522,334932.5237337516,-0.0019683184132291975,-0.0019683184132290865,4446.81982421875,1
4222,2023-07-06,201628.1795527135,332279.0170175081,-0.007922511336501015,-0.007922511336500904,4411.58984375,1
4223,2023-07-07,201050.494546876,331327.00422687904,-0.0028651005386202133,-0.0028651005386202133,4398.9501953125,1
4224,2023-07-10,201534.0262250604,332123.85430547595,0.002405026057131554,0.002405026057131332,4409.52978515625,1
4225,2023-07-11,202892.8111648127,334363.1034278986,0.0067422110558883475,0.0067422110558883475,4439.259765625,1
4226,2023-07-12,204396.49716084654,336841.1464562764,0.007411233485312474,0.007411233485312474,4472.16015625,1
4227,2023-07-13,206127.7668580907,339694.24265775306,0.008470153458069118,0.00847015345806934,4510.0400390625,1
4228,2023-07-14,205916.60810334937,339346.2574524323,-0.0010244071333034288,-0.0010244071333035398,4505.419921875,1
4229,2023-07-17,206710.49539368635,340654.56707979226,0.0038553825145493104,0.0038553825145495324,4522.7900390625,1
4230,2023-07-18,208181.7108773392,343079.0993838262,0.007117275205842377,0.007117275205842155,4554.97998046875,1
4231,2023-07-19,208672.58468512728,343888.04913823697,0.002357910335732072,0.002357910335732072,4565.72021484375,1
4232,2023-07-20,207262.60568667948,341564.43327928864,-0.006756896218903741,-0.006756896218903741,4534.8701171875,1
4233,2023-07-21,207329.77836177687,341675.1324409897,0.0003240945218980773,0.00032409452189829935,4536.33984375,1
4234,2023-07-24,208166.1785910044,343053.50250125345,0.004034153877153335,0.004034153877153335,4554.64013671875,1
4235,2023-07-25,208752.09838657978,344019.0860529017,0.002814673351556163,0.002814673351556163,4567.4599609375,1
4236,2023-07-26,208719.65019070217,343965.61210568796,-0.00015543889679858758,-0.00015543889679858758,4566.75,1
4237,2023-07-27,207378.69613713017,341755.7479102418,-0.006424666064487994,-0.006424666064487772,4537.41015625,1
4238,2023-07-28,209427.15029655345,345131.55746230215,0.009877842794752345,0.009877842794752345,4582.22998046875,1
4239,2023-07-31,209734.7386622901,345638.4566469286,0.0014687129405193122,0.0014687129405193122,4588.9599609375,1
4240,2023-08-01,209175.7772027671,344717.2998684813,-0.002665087639215691,-0.002665087639215691,4576.72998046875,1
4241,2023-08-02,206280.8803876067,339946.5705475972,-0.013839541336347794,-0.013839541336347905,4513.39013671875,1
4242,2023-08-03,205755.28210059885,339080.3955786991,-0.0025479738404269314,-0.0025479738404267094,4501.89013671875,1
4243,2023-08-04,204664.76384767235,337283.24433760816,-0.005300074155050405,-0.005300074155050516,4478.02978515625,1
4244,2023-08-07,206511.6776653001,340326.9196274352,0.00902409277936278,0.00902409277936278,4518.43994140625,1
4245,2023-08-08,205640.5529568528,338891.32435268414,-0.004218283044793103,-0.004218283044793103,4499.3798828125,1
4246,2023-08-09,204193.1045492726,336505.9596922421,-0.0070387303805972135,-0.0070387303805972135,4467.7099609375,1
4247,2023-08-10,204244.29860796808,336590.32642876776,0.00025071394456976925,0.00025071394456976925,4468.830078125,1
4248,2023-08-11,204025.82004012642,336230.2783247633,-0.0010696923700230787,-0.0010696923700231897,4464.0498046875,1
4249,2023-08-14,205199.0655709885,338163.76238725823,0.005750475751703066,0.005750475751703066,4489.72021484375,1
4250,2023-08-15,202828.82974969505,334257.6633958066,-0.011550909428841738,-0.011550909428841849,4437.85986328125,1
4251,2023-08-16,201296.37778083712,331732.2146466871,-0.007555395210577687,-0.007555395210577576,4404.330078125,1
4252,2023-08-17,199743.79632595336,329173.5929261873,-0.007712913029036983,-0.007712913029037094,4370.35986328125,1
4253,2023-08-18,199714.09305998834,329124.64256598,-0.00014870682600098828,-0.00014870682600087726,4369.7099609375,1
4254,2023-08-21,201087.9639560084,331388.7530283727,0.006879188518796209,0.006879188518795987,4399.77001953125,1
4255,2023-08-22,200529.44882655249,330468.3317925281,-0.002777466728829725,-0.002777466728829503,4387.5498046875,1
4256,2023-08-23,202744.27251848442,334118.3148497318,0.011044879965972587,0.011044879965972587,4436.009765625,1
4257,2023-08-24,200015.74523583267,329621.759033991,-0.013457974663146022,-0.013457974663146133,4376.31005859375,1
4258,2023-08-25,201359.44421931726,331836.1468164436,0.006717966037625089,0.006717966037625089,4405.7099609375,1
4259,2023-08-28,202620.88457143676,333914.97409722506,0.006264619755036449,0.006264619755036449,4433.31005859375,1
4260,2023-08-29,205560.57060882988,338759.5151182866,0.01450830719454621,0.014508307194546433,4497.6298828125,1
4261,2023-08-30,206348.52170927453,340058.0420290311,0.003833182103508026,0.003833182103508026,4514.8701171875,1
4262,2023-08-31,206018.99622074032,339514.99092548364,-0.0015969365120942491,-0.0015969365120942491,4507.66015625,1
4263,2023-09-01,206389.6510249571,340125.8222798666,0.0017991292600010311,0.001799129260000809,4515.77001953125,1
4264,2023-09-05,205524.01617633502,338699.27417912835,-0.004194177587506065,-0.004194177587505954,4496.830078125,1
4265,2023-09-06,204091.18507845208,336337.99853892357,-0.006971599351452973,-0.006971599351452862,4465.47998046875,1
4266,2023-09-07,203435.79400793382,335257.9277811705,-0.0032112659361860363,-0.0032112659361860363,4451.14013671875,1
4267,2023-09-08,203726.02013406056,335736.21435855335,0.0014266227216406246,0.0014266227216408467,4457.490234375,1
4268,2023-09-11,205095.76247696,337993.5210518714,0.006723453106275201,0.006723453106275201,4487.4599609375,1
4269,2023-09-12,203927.56047585607,336068.3486207866,-0.005695885604828921,-0.005695885604828921,4461.89990234375,1
4270,2023-09-13,204180.7635229175,336485.6219392784,0.0012416323054647016,0.0012416323054647016,4467.43994140625,1
4271,2023-09-14,205901.99079365208,339322.16843219503,0.00842991886716793,0.00842991886716793,4505.10009765625,1
4272,2023-09-15,203398.30228229804,335196.1422025467,-0.012159612938677955,-0.012159612938677844,4450.31982421875,1
4273,2023-09-18,203545.0109753513,335437.9150560426,0.0007212876971294246,0.0007212876971292026,4453.52978515625,1
4274,2023-09-19,203107.18349603712,334716.38453995856,-0.002151010615372928,-0.002151010615372706,4443.9501953125,1
4275,2023-09-20,201199.0331932043,331571.79280504584,-0.0093947947580596,-0.00939479475805971,4402.2001953125,1
4276,2023-09-21,197899.1811081711,326133.705680764,-0.01640093410321941,-0.0164009341032193,4330.0,1
4277,2023-09-22,197444.88404938125,325385.0336426416,-0.002295598477193961,-0.002295598477193961,4320.06005859375,1
4278,2023-09-25,198239.21766978534,326694.0788126042,0.0040230650909416354,0.0040230650909416354,4337.43994140625,1
4279,2023-09-26,195318.25517870675,321880.3938037245,-0.014734533990868326,-0.014734533990868215,4273.52978515625,1
4280,2023-09-27,195363.04440093946,321954.2055039019,0.00022931406074522265,0.00022931406074522265,4274.509765625,1
4281,2023-09-28,196514.35280900396,323851.53764747584,0.005893173970516585,0.005893173970516585,4299.7001953125,1
4282,2023-09-29,195981.8810389629,322974.03532249667,-0.002709582086142026,-0.002709582086142137,4288.0498046875,1
4283,2023-10-02,195997.43564180104,322999.66898219957,7.936755559079245e-05,7.93675555910145e-05,4288.39013671875,1
4284,2023-10-03,193303.63283836906,318560.3383809461,-0.013744071674259506,-0.013744071674259617,4229.4501953125,1
4285,2023-10-04,194871.2779330172,321143.7846642858,0.008109754957160709,0.008109754957160709,4263.75,1
4286,2023-10-05,194617.15990931823,320725.00348345854,-0.001304030159777203,-0.001304030159777203,4258.18994140625,1
4287,2023-10-06,196916.54083246077,324514.3350867371,0.011814893014644445,0.011814893014644667,4308.5,1
4288,2023-10-09,198157.87401505778,326560.0261732685,0.00630385429964031,0.006303854299640088,4335.66015625,1
4289,2023-10-10,199189.8783961885,328260.74777915014,0.005207990781392224,0.005207990781392446,4358.240234375,1
4290,2023-10-11,200045.00217173056,329669.9738515957,0.00429300817103373,0.00429300817103373,4376.9501953125,1
4291,2023-10-12,198795.4341993957,327610.7120040451,-0.006246434346118601,-0.006246434346118601,4349.60986328125,1
4292,2023-10-13,197797.70796741766,325966.4800700481,-0.005018858888767519,-0.005018858888767519,4327.77978515625,1
4293,2023-10-16,199893.2499489192,329419.88936668966,0.01059436938392988,0.01059436938392988,4373.6298828125,1
4294,2023-10-17,199873.61142596713,329387.5254921724,-9.824505308253517e-05,-9.824505308253517e-05,4373.2001953125,1
4295,2023-10-18,197195.34090886996,324973.7917734917,-0.013399820506516447,-0.013399820506516336,4314.60009765625,1
4296,2023-10-19,195522.56276691824,322217.0884300943,-0.008482848196320947,-0.008482848196321169,4278.0,1
4297,2023-10-20,193061.8558410252,318161.89495308255,-0.012585283719027673,-0.012585283719027673,4224.16015625,1
4298,2023-10-23,192736.43658910823,317625.6108414796,-0.0016855698941634634,-0.0016855698941634634,4217.0400390625,1
4299,2023-10-24,194136.81949111354,319933.41253447067,0.007265792222727274,0.007265792222727274,4247.68017578125,1
4300,2023-10-25,191352.9695966457,315345.6862131296,-0.014339628627712542,-0.014339628627712542,4186.77001953125,1
4301,2023-10-26,189088.78179929339,311614.3521440712,-0.011832519778109618,-0.011832519778109618,4137.22998046875,1
4302,2023-10-27,188181.1026583512,310118.51593016187,-0.004800280229768528,-0.004800280229768528,4117.3701171875,1
4303,2023-10-30,188998.32250012405,313843.0462301456,0.0043427306473835525,0.012010022325859682,4166.81982421875,0
4304,2023-10-31,188998.32250012405,315875.16655565787,0.0,0.006474957307233353,4193.7998046875,0
4305,2023-11-01,188998.32250012405,319193.7508932309,0.0,0.010505999486313922,4237.85986328125,0
4306,2023-11-02,188998.32250012405,325213.2844449194,0.0,0.018858557020127842,4317.77978515625,0
4307,2023-11-03,188998.32250012405,328268.2503136973,0.0,0.009393730253031363,4358.33984375,0
4308,2023-11-06,188998.32250012405,328843.70206889213,0.0,0.0017529924220356374,4365.97998046875,0
4309,2023-11-07,189335.78108758733,329777.65728862584,0.0017855110193534252,0.0028401189192854837,4378.3798828125,1
4310,2023-11-08,189526.04757182577,330109.05600825645,0.0010049156221054734,0.0010049156221052513,4382.77978515625,1
4311,2023-11-09,187993.94945881492,327440.5074457885,-0.008083839306732843,-0.008083839306732732,4347.35009765625,1
4312,2023-11-10,190929.7458967272,332553.96284238424,0.015616441094852496,0.015616441094852496,4415.240234375,1
4313,2023-11-13,190770.15938159302,332276.0012928372,-0.0008358389332403515,-0.0008358389332403515,4411.5498046875,1
4314,2023-11-14,194409.1035491273,338614.1719,0.019075017703661823,0.019075017703661823,4495.7001953125,1
4315,2023-11-15,194719.57723509354,339154.94282147917,0.0015970120755575135,0.0015970120755572914,4502.8798828125,1
4316,2023-11-16,194951.37675390052,339558.6821560819,0.0011904273935801069,0.0011904273935798848,4508.240234375,1
4317,2023-11-17,195201.31398327908,339994.0130454691,0.0012820490603360213,0.0012820490603362433,4514.02001953125,1
4318,2023-11-20,196643.9059785797,342506.6633533023,0.007390278097329839,0.007390278097329617,4547.3798828125,1
4319,2023-11-21,196246.5021943325,341814.48098706454,-0.0020209310950652926,-0.0020209310950652926,4538.18994140625,1
4320,2023-11-22,197043.48459890243,343202.63376394374,0.00406112922094648,0.00406112922094648,4556.6201171875,1
4321,2023-11-24,197161.09466628762,343407.4823787859,0.0005968736678840791,0.0005968736678840791,4559.33984375,1
4322,2023-11-27,196775.81084230597,342736.4100852446,-0.001954157460090089,-0.001954157460090089,4550.43017578125,1
4323,2023-11-28,196968.67446088704,343072.3323918817,0.0009801185306035354,0.0009801185306035354,4554.89013671875,1
4324,2023-11-29,196782.29312070584,342747.7006641956,-0.0009462486392383118,-0.0009462486392382008,4550.580078125,1
4325,2023-11-30,197526.9316550697,344044.68293547444,0.0037840728581564065,0.0037840728581561844,4567.7998046875,1
4326,2023-12-01,198687.15391407904,346065.5126820358,0.005873742123607695,0.005873742123607695,4594.6298828125,1
4327,2023-12-04,197612.55262872265,344193.81419816473,-0.005408509126971994,-0.005408509126972105,4569.77978515625,1
4328,2023-12-05,197500.13683002267,343998.0127573354,-0.0005688697261615472,-0.0005688697261614362,4567.18017578125,1
4329,2023-12-06,196728.66124078512,342654.2867536571,-0.003906202808869552,-0.003906202808869663,4549.33984375,1
4330,2023-12-07,198296.2324082317,345384.62089474895,0.007968189065892917,0.007968189065892917,4585.58984375,1
4331,2023-12-08,199108.3542056769,346799.1428739337,0.00409549786994079,0.00409549786994079,4604.3701171875,1
4332,2023-12-11,199889.75380419113,348160.1541287746,0.003924494286698943,0.003924494286698943,4622.43994140625,1
4333,2023-12-12,200809.1182465644,349761.46715190605,0.00459935752021523,0.00459935752021523,4643.7001953125,1
4334,2023-12-13,203550.29852808718,354535.9477400637,0.013650676351045998,0.013650676351045998,4707.08984375,1
4335,2023-12-14,204089.10888707024,355474.4265468038,0.0026470624846994806,0.0026470624846994806,4719.5498046875,1
4336,2023-12-15,204073.54719592788,355447.32180189557,-7.62494933082003e-05,-7.62494933082003e-05,4719.18994140625,1
4337,2023-12-18,204997.66249380592,357056.909679307,0.004528344366900416,0.004528344366900416,4740.56005859375,1
4338,2023-12-19,206200.26238391802,359151.55112604576,0.0058664078189107904,0.005866407818910568,4768.3701171875,1
4339,2023-12-20,203172.36269395292,353877.6738878088,-0.014684266911006882,-0.014684266911006771,4698.35009765625,1
4340,2023-12-21,205265.33625040238,357523.13335800613,0.010301467821202559,0.010301467821202781,4746.75,1
4341,2023-12-22,205606.08872211917,358116.64268409635,0.0016600585268868873,0.0016600585268866652,4754.6298828125,1
4342,2023-12-26,206476.1498418094,359632.0811083667,0.0042316894655107795,0.0042316894655107795,4774.75,1
4343,2023-12-27,206771.50524981375,360146.51960467047,0.0014304577464787638,0.0014304577464787638,4781.580078125,1
4344,2023-12-28,206848.04681072422,360279.8367014035,0.0003701746080437829,0.0003701746080437829,4783.35009765625,1
4345,2023-12-29,206263.3959748483,359261.5147451442,-0.0028264750133749628,-0.0028264750133749628,4769.830078125,1
4346,2024-01-02,205095.82572599154,357227.88655729644,-0.005660579005492217,-0.005660579005492328,4742.830078125,1
4347,2024-01-03,203451.7129976345,354364.2353194716,-0.008016314922730805,-0.008016314922730694,4704.81005859375,1
4348,2024-01-04,202754.20294987815,353149.3396026501,-0.0034283812973570083,-0.0034283812973571193,4688.68017578125,1
4349,2024-01-05,203124.36849589788,353794.07947101595,0.0018256861788026324,0.0018256861788026324,4697.240234375,1
4350,2024-01-08,205991.39366101415,358787.7517547677,0.014114629309846638,0.014114629309846638,4763.5400390625,1
4351,2024-01-09,205686.95884026733,358257.49909250665,-0.0014779006799080507,-0.0014779006799081618,4756.5,1
4352,2024-01-10,206852.37536796194,360287.3760130808,0.00566597189372442,0.00566597189372442,4783.4501953125,1
4353,2024-01-11,206713.56592756868,360045.60315958486,-0.0006710555783869809,-0.0006710555783868699,4780.240234375,1
4354,2024-01-12,206868.80277055182,360315.98862032447,0.0007509755941104146,0.0007509755941104146,4783.830078125,1
4355,2024-01-16,206096.90488304716,358971.5270740436,-0.0037313402367432635,-0.0037313402367431525,4765.97998046875,1
4356,2024-01-17,204939.27975838043,356955.2209144886,-0.005616897183990388,-0.005616897183990499,4739.2099609375,1
4357,2024-01-18,206743.82359840584,360098.30478706583,0.008805260963895778,0.008805260963896,4780.93994140625,1
4358,2024-01-19,209289.56424191833,364532.3762587102,0.012313502764936368,0.012313502764936146,4839.81005859375,1
4359,2024-01-22,209748.8136073812,365332.2788391082,0.0021943252026270788,0.0021943252026268567,4850.43017578125,1
4360,2024-01-23,210361.5683929321,366399.55115557485,0.002921374261967813,0.002921374261968035,4864.60009765625,1
4361,2024-01-24,210532.36692705756,366697.0413612227,0.0008119284117831249,0.0008119284117831249,4868.5498046875,1
4362,2024-01-25,211639.8441325071,368626.0018367112,0.005260365527706368,0.005260365527706368,4894.16015625,1
4363,2024-01-26,211501.90040356142,368385.7368455507,-0.0006517852510764532,-0.0006517852510765643,4890.97021484375,1
4364,2024-01-29,213100.1726550256,371169.5449338563,0.007556774896180896,0.007556774896180896,4927.93017578125,1
4365,2024-01-30,212972.17405026994,370946.60197098856,-0.0006006499345398986,-0.0006006499345398986,4924.97021484375,1
4366,2024-01-31,209542.0986056395,364972.2307351038,-0.016105744611597972,-0.01610574461159786,4845.64990234375,1
4367,2024-02-01,212160.05225282474,369532.07999180385,0.012493688211609788,0.012493688211609788,4906.18994140625,1
4368,2024-02-02,214426.86489092276,373480.32557438815,0.010684446077514842,0.010684446077514842,4958.60986328125,1
4369,2024-02-05,213743.62852459413,372290.2911975367,-0.0031863375266723004,-0.0031863375266723004,4942.81005859375,1
4370,2024-02-06,214237.46411813187,373150.43471709295,0.0023104108269638157,0.0023104108269638157,4954.22998046875,1
4371,2024-02-07,216003.09317284473,376225.7383388346,0.008241457963390042,0.008241457963390042,4995.06005859375,1
4372,2024-02-08,216126.3409220956,376440.40644742234,0.0005705832608251526,0.0005705832608251526,4997.91015625,1
4373,2024-02-09,217367.4121843398,378602.05582526384,0.0057423415255595245,0.0057423415255595245,5026.60986328125,1
4374,2024-02-12,217161.14059577856,378242.78004099225,-0.0009489536011327848,-0.0009489536011325628,5021.83984375,1
4375,2024-02-13,214191.62364123898,373070.59156757366,-0.013674255653625456,-0.013674255653625567,4953.169921875,1
4376,2024-02-14,216243.52869121372,376644.5195196618,0.009579763275017639,0.009579763275017639,5000.6201171875,1
4377,2024-02-15,217502.3364806758,378837.0616868153,0.005821250684729495,0.005821250684729717,5029.72998046875,1
4378,2024-02-16,216457.57056788946,377017.3292878225,-0.0048034698371121065,-0.0048034698371121065,5005.56982421875,1
4379,2024-02-20,215157.67315703933,374753.21882542974,-0.006005322001165214,-0.006005322001165325,4975.509765625,1
4380,2024-02-21,215429.67547087345,375226.9818158062,0.001264199922982101,0.001264199922982323,4981.7998046875,1
4381,2024-02-22,219980.1715628398,383152.85790795117,0.02112288421741404,0.02112288421741404,5087.02978515625,1
4382,2024-02-23,220056.7131237503,383286.17500468413,0.0003479475462115911,0.00034794754621136903,5088.7998046875,1
4383,2024-02-26,219223.41306821042,381834.7655639758,-0.003786751350190687,-0.003786751350190465,5069.52978515625,1
4384,2024-02-27,219597.48487320077,382486.30920141627,0.0017063496993998672,0.0017063496993998672,5078.18017578125,1
4385,2024-02-28,219233.35819240045,381852.08759226854,-0.001658155060430544,-0.001658155060430544,5069.759765625,1
4386,2024-02-29,220379.75018316254,383848.8283185926,0.005229094697149161,0.005229094697149161,5096.27001953125,1
4387,2024-03-01,222144.51352642788,386922.6240779988,0.00800782894888763,0.008007828948887408,5137.080078125,1
4388,2024-03-04,221879.43690417404,386460.92398630606,-0.0011932620709189656,-0.0011932620709190767,5130.9501953125,1
4389,2024-03-05,219617.79741984792,382521.6888006045,-0.010193100883444606,-0.010193100883444495,5078.64990234375,1
4390,2024-03-06,220746.8751816592,384488.2722802193,0.005141103203274655,0.005141103203274655,5104.759765625,1
4391,2024-03-07,223021.47922278507,388450.0886238227,0.010304127925951478,0.010304127925951478,5157.35986328125,1
4392,2024-03-08,221565.47925750428,385914.0848383549,-0.0065285190034379825,-0.0065285190034380935,5123.68994140625,1
4393,2024-03-11,221316.83003784032,385480.99735390587,-0.001122238087346572,-0.00112223808734635,5117.93994140625,1
4394,2024-03-12,223795.97424463235,389799.07375711005,0.011201787981366618,0.011201787981366618,5175.27001953125,1
4395,2024-03-13,223365.27224202492,389048.89385665214,-0.0019245297153407392,-0.0019245297153408503,5165.31005859375,1
4396,2024-03-14,222723.97009361855,387931.89886024536,-0.0028710915621273925,-0.0028710915621272814,5150.47998046875,1
4397,2024-03-15,221280.06897368995,385416.9683703439,-0.006482917484461503,-0.006482917484461503,5117.08984375,1
4398,2024-03-18,222678.1296167257,387852.05571072607,0.006318059504952345,0.006318059504952345,5149.419921875,1
4399,2024-03-19,223936.0716947402,390043.0900155441,0.0056491496501236416,0.0056491496501236416,5178.509765625,1
4400,2024-03-20,225930.03742246988,393516.1015225466,0.008904173912846591,0.008904173912846591,5224.6201171875,1
4401,2024-03-21,226661.26798685355,394789.73031619086,0.0032365354015160275,0.0032365354015158054,5241.52978515625,1
4402,2024-03-22,226343.44631103988,394236.16095342534,-0.0014021878490158013,-0.0014021878490156903,5234.18017578125,1
4403,2024-03-25,225651.97512850296,393031.78349582193,-0.0030549644525015296,-0.0030549644525015296,5218.18994140625,1
4404,2024-03-26,225020.19580601953,391931.37498510524,-0.002799795225030266,-0.002799795225030155,5203.580078125,1
4405,2024-03-27,226962.26107672357,395313.98830624024,0.008630626525532925,0.008630626525532703,5248.490234375,1
4406,2024-03-28,227215.6611518923,395755.35064496926,0.0011164855071790214,0.0011164855071790214,5254.35009765625,1
4407,2024-04-01,226758.1432093245,394958.4637892422,-0.0020135845401164643,-0.0020135845401164643,5243.77001953125,1
4408,2024-04-02,225116.62761531005,392099.33613842377,-0.007239059073169241,-0.0072390590731691296,5205.81005859375,1
4409,2024-04-03,225362.25740236428,392527.16449326376,0.001091122364688113,0.001091122364688113,5211.490234375,1
4410,2024-04-04,222582.5635188827,387685.602419743,-0.012334336350379616,-0.012334336350379727,5147.2099609375,1
4411,2024-04-05,225053.05061119932,391988.60019959253,0.011099194174331695,0.011099194174331695,5204.33984375,1
4412,2024-04-08,224968.73876217435,391841.74911897053,-0.00037463099831791524,-0.00037463099831791524,5202.39013671875,1
4413,2024-04-09,225293.92954274875,392408.1537001526,0.0014454931932483817,0.0014454931932483817,5209.91015625,1
4414,2024-04-10,223163.32921070137,388697.1573840578,-0.009456980649108493,-0.009456980649108604,5160.64013671875,1
4415,2024-04-11,224824.73505309588,391590.9290914618,0.007444797710585593,0.007444797710585593,5199.06005859375,1
4416,2024-04-12,221553.38041215207,385893.0115427886,-0.01455068829580175,-0.01455068829580164,5123.41015625,1
4417,2024-04-15,218890.00858634105,381254.0546791719,-0.01202135494776202,-0.01202135494776213,5061.81982421875,1
4418,2024-04-16,218439.85974853404,380470.00304186135,-0.0020565070133360397,-0.0020565070133360397,5051.41015625,1
4419,2024-04-17,217177.14570010136,378270.65710563323,-0.005780602724641537,-0.005780602724641426,5022.2099609375,1
4420,2024-04-18,216697.58378799137,377435.37492604705,-0.002208160119998137,-0.002208160119998248,5011.1201171875,1
4421,2024-04-19,214799.62757128512,374129.5890297604,-0.00875854812743615,-0.008758548127436039,4967.22998046875,1
4422,2024-04-22,216675.0964052687,377396.2072824551,0.008731248071466968,0.008731248071466746,5010.60009765625,1
4423,2024-04-23,219267.5221222082,381911.5929888241,0.01196457627087244,0.011964576270872662,5070.5498046875,1
4424,2024-04-24,219314.2283105486,381992.94400067884,0.00021301006135510114,0.0002130100613548791,5071.6298828125,1
4425,2024-04-25,218310.55201915037,380244.7798969254,-0.004576430353515515,-0.004576430353515515,5048.419921875,1
4426,2024-04-26,220539.31558338334,384126.7530910095,0.010209142634742818,0.010209142634742818,5099.9599609375,1
4427,2024-04-29,221240.28847692985,385347.68025717285,0.0031784486665893397,0.0031784486665891176,5116.169921875,1
4428,2024-04-30,217760.0651130822,379285.9633372216,-0.01573051358686217,-0.01573051358686217,5035.68994140625,1
4429,2024-05-01,217011.9637329282,377982.9496166009,-0.0034354388154940185,-0.0034354388154940185,5018.39013671875,1
4430,2024-05-02,218992.9437889448,381433.34318857145,0.009128437077573048,0.009128437077573048,5064.2001953125,1
4431,2024-05-03,221742.78118494296,386222.9024000838,0.012556739721478527,0.012556739721478749,5127.7900390625,1
4432,2024-05-06,224032.5246189441,390211.0879459927,0.01032612390701182,0.010326123907011597,5180.740234375,1
4433,2024-05-07,224333.49659390075,390735.3091589119,0.0013434298232748443,0.0013434298232750663,5187.7001953125,1
4434,2024-05-08,224332.1874692728,390733.0289768437,-5.835618166027956e-06,-5.835618166027956e-06,5187.669921875,1
4435,2024-05-09,225474.25090279718,392722.23039149045,0.005090947698625836,0.005090947698625836,5214.080078125,1
4436,2024-05-10,225846.147871712,393369.9859845272,0.001649398844549843,0.001649398844549843,5222.68017578125,1
4437,2024-05-13,225791.65028034375,393275.0642116533,-0.00024130405535716104,-0.00024130405535727206,5221.419921875,1
4438,2024-05-14,226883.988092918,395177.6554848363,0.004837813139759728,0.004837813139759728,5246.68017578125,1
4439,2024-05-15,229542.14453513044,399807.52839731006,0.011715927882596233,0.011715927882596011,5308.14990234375,1
4440,2024-05-16,229064.31404591553,398975.26194239483,-0.002081667792128594,-0.002081667792128594,5297.10009765625,1
4441,2024-05-17,229331.12209106443,399439.97775875847,0.0011647735102702228,0.0011647735102702228,5303.27001953125,1
4442,2024-05-20,229541.2788236829,399806.02053497464,0.0009163899374067253,0.0009163899374069473,5308.1298828125,1
4443,2024-05-21,230115.56223710172,400806.28492033854,0.002501874243978408,0.002501874243978186,5321.41015625,1
4444,2024-05-22,229492.8412124474,399721.65379844897,-0.002706123039226238,-0.002706123039226127,5307.009765625,1
4445,2024-05-23,227799.00286314022,396771.39241916034,-0.0073807894850156375,-0.0073807894850155265,5267.83984375,1
4446,2024-05-24,229393.83338372762,399549.2058352542,0.0070010425881694704,0.0070010425881694704,5304.72021484375,1
4447,2024-05-28,229450.90699452514,399648.61441800435,0.0002488018529340774,0.0002488018529340774,5306.0400390625,1
4448,2024-05-29,227760.53149100812,396704.3844880576,-0.007367046509680453,-0.007367046509680453,5266.9501953125,1
4449,2024-05-30,226399.65421038985,394334.06167384004,-0.005975035585443322,-0.005975035585443322,5235.47998046875,1
4450,2024-05-31,228217.16260721502,397499.72670431907,0.00802787620486467,0.00802787620486467,5277.509765625,1
4451,2024-06-03,228471.87180701175,397943.36922511633,0.0011160825806737495,0.0011160825806737495,5283.39990234375,1
4452,2024-06-04,228815.22141307112,398541.402138213,0.0015028090913065117,0.0015028090913065117,5291.33984375,1
4453,2024-06-05,231526.14402375673,403263.18109888973,0.011847649793331305,0.011847649793331305,5354.02978515625,1
4454,2024-06-06,231479.88124859676,403182.6024067678,-0.00019981663563328755,-0.00019981663563328755,5352.9599609375,1
4455,2024-06-07,231221.73031792327,402732.96521375875,-0.001115219730030259,-0.0011152197300303701,5346.990234375,1
4456,2024-06-10,231818.47999915137,403772.36046558444,0.0025808546645142982,0.0025808546645145203,5360.7900390625,1
4457,2024-06-11,232446.79647584463,404866.73752695933,0.0027103813151374556,0.0027103813151374556,5375.31982421875,1
4458,2024-06-12,234423.44797462353,408309.5917872526,0.008503672791998707,0.008503672791998707,5421.02978515625,1
4459,2024-06-13,234973.09028415752,409266.937261751,0.0023446558536819317,0.0023446558536817097,5433.740234375,1
4460,2024-06-14,234880.54361892422,409105.743100377,-0.00039386069750102504,-0.00039386069750102504,5431.60009765625,1
4461,2024-06-17,236680.75890171196,412241.2876612769,0.007664386564552705,0.007664386564552705,5473.22998046875,1
4462,2024-06-18,237277.50858294006,413280.68291310256,0.0025213273947457537,0.0025213273947457537,5487.02978515625,1
4463,2024-06-20,236678.16176736934,412236.7640742705,-0.0025259318472707903,-0.0025259318472709014,5473.169921875,1
4464,2024-06-21,236308.43963453005,411592.79652563744,-0.001562130321101196,-0.001562130321101196,5464.6201171875,1
4465,2024-06-24,235584.11364681335,410331.19385354675,-0.003065171894990004,-0.003065171894989893,5447.8701171875,1
4466,2024-06-25,236510.80496412067,411945.2685408344,0.003933590015736899,0.003933590015736899,5469.2998046875,1
4467,2024-06-26,236882.70193303548,412593.0241338712,0.0015724312002203256,0.0015724312002203256,5477.89990234375,1
4468,2024-06-27,237097.6306360721,412967.37854149746,0.0009073212238914774,0.0009073212238914774,5482.8701171875,1
4469,2024-06-28,236129.40628419627,411280.96323923767,-0.004083652583445674,-0.004083652583445674,5460.47998046875,1
4470,2024-07-01,236761.18560667968,412381.3717499544,0.002675563930919278,0.0026755639309195,5475.08984375,1
4471,2024-07-02,238227.99640759805,414936.2054260504,0.006195317856513505,0.006195317856513505,5509.009765625,1
4472,2024-07-03,239439.25341218553,417045.9254961438,0.005084444409779065,0.005084444409779065,5537.02001953125,1
4473,2024-07-05,240743.90167854045,419318.31081281655,0.005448765178485582,0.005448765178485804,5567.18994140625,1
4474,2024-07-08,240988.66575414714,419744.63130532106,0.0010166989647508728,0.0010166989647508728,5572.85009765625,1
4475,2024-07-09,241167.25569130047,420055.692271988,0.0007410719362856977,0.0007410719362856977,5576.97998046875,1
4476,2024-07-10,243629.10678405504,424343.6482056131,0.010208065293514812,0.010208065293514812,5633.91015625,1
4477,2024-07-11,241494.17789476996,420625.11257784104,-0.008763028841120346,-0.008763028841120457,5584.5400390625,1
4478,2024-07-12,242826.5078125328,422945.7127121184,0.0055170270744306915,0.0055170270744306915,5615.35009765625,1
4479,2024-07-15,243512.78472638447,424141.04299570905,0.0028262026252154904,0.0028262026252154904,5631.22021484375,1
4480,2024-07-16,245068.67934674595,426851.0393838372,0.006389375498743188,0.006389375498743188,5667.2001953125,1
4481,2024-07-17,241655.47471788587,420906.0530749289,-0.013927543241993634,-0.013927543241993634,5588.27001953125,1
4482,2024-07-18,239766.5979139221,417616.0813445995,-0.007816403936922511,-0.007816403936922511,5544.58984375,1
4483,2024-07-19,238054.60073912996,414634.19163339626,-0.007140265531926815,-0.007140265531926926,5505.0,1
4484,2024-07-22,240623.6944768126,419108.938610968,0.01079203564940956,0.01079203564940956,5564.41015625,1
4485,2024-07-23,240248.77807528808,418455.9238883222,-0.001558102589770738,-0.001558102589770738,5555.740234375,1
4486,2024-07-24,234687.23658716274,408769.04847400717,-0.02314909375473484,-0.02314909375473506,5427.1298828125,1
4487,2024-07-25,233480.32925472633,406666.9044927212,-0.005142620237842288,-0.005142620237842288,5399.22021484375,1
4488,2024-07-26,236069.73553905613,411177.03106948116,0.011090468702846357,0.011090468702846357,5459.10009765625,1
4489,2024-07-29,236261.73344618964,411511.44551378273,0.0008133101292933098,0.0008133101292933098,5463.5400390625,1
4490,2024-07-30,235089.83464009516,409470.27801425767,-0.004960171878030328,-0.004960171878030328,5436.43994140625,1
4491,2024-07-31,238802.70211928396,415937.205354017,0.015793398659167623,0.0157933986591674,5522.2998046875,1
4492,2024-08-01,235532.65660296814,410241.56798741204,-0.013693502993456064,-0.013693502993455953,5446.68017578125,1
4493,2024-08-02,231203.12807925785,402700.5645621114,-0.018381860868696753,-0.018381860868696864,5346.56005859375,1
4494,2024-08-05,224274.2481470277,390632.1125317581,-0.02996879838863975,-0.02996879838863975,5186.330078125,1
4495,2024-08-06,226596.40297302816,394676.75097242155,0.010354085880061037,0.010354085880061037,5240.02978515625,1
4496,2024-08-07,224843.75959002838,391624.06528571184,-0.007734647858502863,-0.007734647858502863,5199.5,1
4497,2024-08-08,230024.74699476353,400648.10648363543,0.023042611519136447,0.023042611519136447,5319.31005859375,1
4498,2024-08-09,231099.3482801199,402519.8049675065,0.004671676849538509,0.004671676849538509,5344.16015625,1
4499,2024-08-12,231109.29340430992,402537.12699579925,4.303397765514916e-05,4.303397765514916e-05,5344.39013671875,1
4500,2024-08-13,235002.92565672757,409318.9033466293,0.01684757975355855,0.01684757975355855,5434.43017578125,1
4501,2024-08-14,235901.5130243599,410884.0276737096,0.0038237284285767004,0.0038237284285767004,5455.2099609375,1
4502,2024-08-15,239707.3705819624,417512.92149457574,0.016133247764330783,0.016133247764330783,5543.22021484375,1
4503,2024-08-16,240184.3353597298,418343.68008715555,0.001989779357261412,0.001989779357261412,5554.25,1
4504,2024-08-19,242519.47585744335,422410.93646285095,0.009722284736913167,0.009722284736913167,5608.25,1
4505,2024-08-20,242038.18252243826,421572.63855859387,-0.0019845553982971165,-0.0019845553982971165,5597.1201171875,1
4506,2024-08-21,243064.34619655917,423359.97030593926,0.004239676828782013,0.004239676828782013,5620.85009765625,1
4507,2024-08-22,240893.09965630414,419578.178014338,-0.008932805548121037,-0.008932805548121037,5570.64013671875,1
4508,2024-08-23,243659.3644548922,424396.349833094,0.01148337085011919,0.01148337085011919,5634.60986328125,1
4509,2024-08-26,242890.9294131777,423057.91973615496,-0.0031537266931381813,-0.0031537266931381813,5616.83984375,1
4510,2024-08-27,243278.3880732349,423732.7800740999,0.0015951960865450143,0.0015951960865447923,5625.7998046875,1
4511,2024-08-28,241824.56294402963,421200.56433303584,-0.00597597320797616,-0.005975973207976049,5592.18017578125,1
4512,2024-08-29,241815.0401181067,421183.97784734576,-3.937906806072977e-05,-3.937906806072977e-05,5591.9599609375,1
4513,2024-08-30,244255.69183785323,425435.009542317,0.010093051774424211,0.010093051774424433,5648.39990234375,1
4514,2024-09-03,239089.42152772626,416436.60200409626,-0.02115107439771169,-0.02115107439771169,5528.93017578125,1
4515,2024-09-04,238706.27030999342,415769.2442006985,-0.0016025435809103872,-0.0016025435809102762,5520.06982421875,1
4516,2024-09-05,237985.85058124733,414514.4452976824,-0.003018017615584734,-0.003018017615584845,5503.41015625,1
4517,2024-09-06,233878.1553372406,407359.8224015616,-0.01726024985928476,-0.01726024985928476,5408.419921875,1
4518,2024-09-09,236586.4808135836,412077.07777523197,0.0115800702824842,0.0115800702824842,5471.0498046875,1
4519,2024-09-10,237644.6546963501,413920.1636518594,0.004472672652839682,0.004472672652839904,5495.52001953125,1
4520,2024-09-11,240179.14109104456,418334.63291314273,0.010665025888896507,0.010665025888896507,5554.1298828125,1
4521,2024-09-12,241979.3563738323,421470.17747404263,0.007495302358939471,0.007495302358939249,5595.759765625,1
4522,2024-09-13,243287.91089915784,423749.36655979004,0.005407711405364557,0.005407711405364557,5626.02001953125,1
4523,2024-09-16,243593.6337296193,424281.8626269892,0.0012566297656613212,0.0012566297656613212,5633.08984375,1
4524,2024-09-17,243658.07644517758,424394.10642815585,0.00026455008109871336,0.00026455008109871336,5634.580078125,1
4525,2024-09-18,242952.33158121293,423164.8676305824,-0.002896455862498093,-0.002896455862497982,5618.259765625,1
4526,2024-09-19,247076.89764099,430348.87545367965,0.01697685316676334,0.01697685316676334,5713.64013671875,1
4527,2024-09-20,246597.31461396665,429513.55649696337,-0.0019410273951238066,-0.0019410273951236956,5702.5498046875,1
4528,2024-09-23,247290.0738062182,430720.17735950486,0.0028092730585327352,0.0028092730585327352,5718.56982421875,1
4529,2024-09-24,247911.0634079774,431801.7927567235,0.0025111788443470395,0.0025111788443470395,5732.93017578125,1
4530,2024-09-25,247449.63920643902,430998.1021319218,-0.0018612489301416124,-0.0018612489301416124,5722.259765625,1
4531,2024-09-26,248449.0080555129,432738.7637011281,0.004038675717122908,0.004038675717122908,5745.3701171875,1
4532,2024-09-27,248137.64754318577,432196.4481401833,-0.0012532169669905446,-0.0012532169669905446,5738.169921875,1
4533,2024-09-30,249188.89573437197,434027.471118127,0.004236552581176722,0.004236552581176722,5762.47998046875,1
4534,2024-10-01,246865.43178374352,429980.55249539524,-0.009324107094664358,-0.009324107094664358,5708.75,1
4535,2024-10-02,246899.5957135513,430040.0578919508,0.00013839090212397487,0.00013839090212397487,5709.5400390625,1
4536,2024-10-03,246484.45540208623,429316.9827364012,-0.001681413492255035,-0.001681413492254924,5699.93994140625,1
4537,2024-10-04,248695.48243910132,433168.0631411734,0.008970249395274354,0.008970249395274354,5751.06982421875,1
4538,2024-10-07,246311.4820318852,429015.70448634966,-0.009586022165882668,-0.009586022165882668,5695.93994140625,1
4539,2024-10-08,248698.07957344395,433172.5867281798,0.009689347495581924,0.009689347495581924,5751.1298828125,1
4540,2024-10-09,250467.17147394698,436253.92179926333,0.007113411987488272,0.007113411987488272,5792.0400390625,1
4541,2024-10-10,249948.67366161107,435350.8225917114,-0.002070122839989974,-0.002070122839990085,5780.0498046875,1
4542,2024-10-11,251461.3249394223,437985.4994173267,0.006051847587953629,0.006051847587953629,5815.02978515625,1
4543,2024-10-14,253399.50506606908,441361.34574651724,0.0077076668832221085,0.0077076668832223305,5859.85009765625,1
4544,2024-10-15,251471.27006361232,438002.82144561945,-0.007609466332438197,-0.007609466332438308,5815.259765625,1
4545,2024-10-16,252647.94084012494,440052.3005765546,0.004679145956573816,0.004679145956573816,5842.47021484375,1
4546,2024-10-17,252604.69749757467,439976.98101404175,-0.00017116047891174713,-0.0001711604789116361,5841.47021484375,1
4547,2024-10-18,253607.9303757925,441724.37279806245,0.00397155273894878,0.00397155273894878,5864.669921875,1
4548,2024-10-21,253145.6615777199,440919.2110880554,-0.0018227694906369774,-0.0018227694906369774,5853.97998046875,1
4549,2024-10-22,253025.4543759921,440709.83888620685,-0.00047485388838430787,-0.0004748538883844189,5851.2001953125,1
4550,2024-10-23,250699.81558928813,436659.1322190714,-0.009191323428069387,-0.009191323428069387,5797.419921875,1
4551,2024-10-24,251237.76023682364,437596.103163476,0.002145772011323599,0.002145772011323821,5809.85986328125,1
4552,2024-10-25,251162.52780054114,437465.0662488112,-0.00029944716993013376,-0.0002994471699302448,5808.1201171875,1
4553,2024-10-28,251828.47105283235,438624.98015608353,0.0026514435020341676,0.0026514435020341676,5823.52001953125,1
4554,2024-10-29,252234.954249822,439332.97668827855,0.001614127248163122,0.001614127248163344,5832.919921875,1
4555,2024-10-30,251402.51990572968,437883.0751099056,-0.003300233889343751,-0.003300233889343751,5813.669921875,1
4556,2024-10-31,246722.73719929304,429732.0126499548,-0.018614700871699474,-0.018614700871699474,5705.4501953125,1
4557,2024-11-01,247732.4523559107,431490.6950129264,0.004092509543626166,0.004092509543626166,5728.7998046875,1
4558,2024-11-04,247035.80801960191,430277.30715844035,-0.002812083478299976,-0.002812083478300087,5712.68994140625,1
4559,2024-11-05,250065.8614307292,435554.9356639509,0.012265644545291332,0.012265644545291332,5782.759765625,1
4560,2024-11-06,256391.50940333132,446572.70186352765,0.025295927786425976,0.025295927786425976,5929.0400390625,1
4561,2024-11-07,258296.81360988496,449891.28620110074,0.007431229727488331,0.007431229727488553,5973.10009765625,1
4562,2024-11-08,259267.191682923,451581.4527706341,0.0037568333092317108,0.0037568333092317108,5995.5400390625,1
4563,2024-11-11,259518.43803692955,452019.06384208956,0.0009690634297987444,0.0009690634297989664,6001.35009765625,1
4564,2024-11-12,258767.73952243294,450711.5265344624,-0.00289265965137242,-0.00289265965137242,5983.990234375,1
4565,2024-11-13,258827.83256584016,450816.19424682163,0.00023222772482434095,0.00023222772482434095,5985.3798828125,1
4566,2024-11-14,257261.99282128867,448088.8758304007,-0.00604973479485893,-0.006049734794859041,5949.169921875,1
4567,2024-11-15,253865.2367099318,442172.53890586615,-0.013203489851361327,-0.013203489851361105,5870.6201171875,1
4568,2024-11-18,254859.8335885876,443904.88884366234,0.003917814394541086,0.003917814394541086,5893.6201171875,1
4569,2024-11-19,255869.9921583857,445664.34352636675,0.003963584828470035,0.003963584828470035,5916.97998046875,1
4570,2024-11-20,255875.608725338,445674.12624298217,2.195086225209586e-05,2.195086225209586e-05,5917.10986328125,1
4571,2024-11-21,257242.10257290863,448054.2317738152,0.0053404615405816536,0.0053404615405816536,5948.7099609375,1
4572,2024-11-22,258134.2076621411,449608.0655219446,0.003467959094991535,0.003467959094991535,5969.33984375,1
4573,2024-11-25,258913.8969526736,450966.0978292447,0.003020480305938378,0.003020480305938378,5987.3701171875,1
4574,2024-11-26,260395.40373328674,453546.5283879134,0.005722005647630146,0.005722005647630368,6021.6298828125,1
4575,2024-11-27,259405.57882504913,451822.4900815273,-0.003801238017440034,-0.003801238017440034,5998.740234375,1
4576,2024-11-29,260860.26966570196,454356.2136849269,0.005607785488815242,0.005607785488815242,6032.3798828125,1
4577,2024-12-02,261498.9746797657,455468.6850943273,0.0024484564662998753,0.0024484564662998753,6047.14990234375,1
4578,2024-12-03,261617.02816033133,455674.30602890224,0.00045144911451444614,0.00045144911451444614,6049.8798828125,1
4579,2024-12-04,263200.18213383364,458431.78169203247,0.006051417924264779,0.006051417924264779,6086.490234375,1
4580,2024-12-05,262708.0568482776,457574.617120017,-0.0018697756269248078,-0.0018697756269248078,6075.10986328125,1
4581,2024-12-06,263363.6326781117,458716.47345639387,0.0024954538421815275,0.0024954538421815275,6090.27001953125,1
4582,2024-12-09,261745.47017826745,455898.0213115028,-0.006144213927296582,-0.006144213927296471,6052.85009765625,1
4583,2024-12-10,260969.68714670558,454546.7927732773,-0.002963883313944371,-0.002963883313944482,6034.91015625,1
4584,2024-12-11,263100.70977702003,458258.52463197475,0.008165786048233592,0.008165786048233814,6084.18994140625,1
4585,2024-12-12,261676.2766072044,455777.50265605614,-0.005414022527810203,-0.005414022527810314,6051.25,1
4586,2024-12-13,261669.35091562406,455765.4397573724,-2.6466639124200775e-05,-2.6466639124200775e-05,6051.08984375,1
4587,2024-12-16,262663.52549601276,457497.054152566,0.0037993543260221863,0.0037993543260221863,6074.080078125,1
4588,2024-12-17,261648.5949557965,455729.28783845145,-0.003863994965801476,-0.003863994965801587,6050.60986328125,1
4589,2024-12-18,253931.83314665226,442288.53397430637,-0.02949284635160343,-0.02949284635160343,5872.16015625,1
4590,2024-12-19,253712.15358811087,441905.9047124001,-0.0008651123249069359,-0.0008651123249070469,5867.080078125,1
4591,2024-12-20,256469.7823871369,446709.03468493157,0.010869123768910471,0.010869123768910471,5930.85009765625,1
4592,2024-12-23,258338.74782780724,449964.3255815453,0.007287273468533417,0.007287273468533639,5974.06982421875,1
4593,2024-12-24,261191.52042640914,454933.1733024572,0.01104275925539211,0.01104275925539211,6040.0400390625,1
4594,2024-12-26,261085.5657911957,454748.6256634486,-0.00040565878647391695,-0.00040565878647391695,6037.58984375,1
4595,2024-12-27,258199.07267596645,449721.0448657139,-0.011055736101235558,-0.01105573610123567,5970.83984375,1
4596,2024-12-30,255435.82730998812,444908.13217656704,-0.010701995701766664,-0.010701995701766664,5906.93994140625,1
4597,2024-12-31,254341.33577625165,443001.7896361105,-0.004284800394927513,-0.004284800394927402,5881.6298828125,1
4598,2025-01-02,253775.70947730824,442016.6038741012,-0.0022238866412221947,-0.0022238866412221947,5868.5498046875,1
4599,2025-01-03,256972.27509515,447584.2568278425,0.01259602672149196,0.01259602672149196,5942.47021484375,1
4600,2025-01-06,258395.39914033766,450062.9986216928,0.005538045085450305,0.005538045085450305,5975.3798828125,1
4601,2025-01-07,255526.19913914587,445065.5382935373,-0.01110391288210777,-0.011103912882107991,5909.02978515625,1
4602,2025-01-08,255924.91204802104,445760.0008418433,0.001560360190925314,0.001560360190925536,5918.25,1
4603,2025-01-10,251980.68846320576,438890.10648721404,-0.015411643803066699,-0.01541164380306681,5827.0400390625,1
4604,2025-01-13,252377.66994918586,439581.5533108491,0.0015754440882007614,0.0015754440882007614,5836.22021484375,1
4605,2025-01-14,252666.96537705744,440085.4367708047,0.0011462798112440442,0.0011462798112440442,5842.91015625,1
4606,2025-01-15,257294.00302993425,448144.6299596827,0.018312792279639112,0.018312792279639112,5949.91015625,1
4607,2025-01-16,256750.42070053305,447197.8395215325,-0.0021126894641922966,-0.0021126894641922966,5937.33984375,1
4608,2025-01-17,259315.62929415848,451665.81950715976,0.009991058969353928,0.009991058969353706,5996.66015625,1
4609,2025-01-21,261589.3676238368,455626.1279884277,0.008768227105582893,0.008768227105582893,6049.240234375,1
4610,2025-01-22,263194.9878651484,458422.73451801966,0.006137941522227575,0.006137941522227575,6086.3701171875,1
4611,2025-01-23,264593.4708064512,460858.55740100454,0.00531348622041139,0.005313486220411612,6118.7099609375,1
4612,2025-01-24,263838.02143644984,459542.7452390974,-0.002855132319398712,-0.002855132319398823,6101.240234375,1
4613,2025-01-27,259991.07425745923,452842.283122992,-0.014580715690809654,-0.014580715690809432,6012.27978515625,1
4614,2025-01-28,262387.63803812134,457016.52417024504,0.009217869449967608,0.009217869449967608,6067.7001953125,1
4615,2025-01-29,261159.953630944,454878.191492908,-0.004678895760321544,-0.004678895760321544,6039.31005859375,1
4616,2025-01-30,262537.68061241927,457277.86245697184,0.0052754144053119845,0.005275414405311762,6071.169921875,1
4617,2025-01-31,261212.69868450382,454970.06076398084,-0.005046825754020046,-0.005046825754019824,6040.52978515625,1
4618,2025-02-03,259225.23635008736,451508.3766130593,-0.007608597684666707,-0.007608597684666818,5994.56982421875,1
4619,2025-02-04,261098.10804972833,454770.4712787477,0.007224881828679752,0.007224881828679752,6037.8798828125,1
4620,2025-02-05,262118.65515689692,456548.0203094777,0.003908672930614365,0.003908672930614365,6061.47998046875,1
4621,2025-02-06,263073.8938370597,458211.81767670554,0.0036442987226184,0.003644298722618622,6083.56982421875,1
4622,2025-02-07,260583.95990954345,453874.9481600033,-0.009464770111542897,-0.009464770111543008,6025.990234375,1
4623,2025-02-10,262333.14044675307,456921.60239737114,0.006712541085862611,0.006712541085862833,6066.43994140625,1
4624,2025-02-11,262422.2242661962,457076.7651094033,0.00033958278885926063,0.00033958278885926063,6068.5,1
4625,2025-02-12,261707.42110440246,455831.7489230027,-0.0027238667143856254,-0.0027238667143857365,6051.97021484375,1
4626,2025-02-13,264436.0591273926,460584.3838958612,0.010426292122230674,0.010426292122230674,6115.06982421875,1
4627,2025-02-14,264417.03459046007,460551.24770161114,-7.194380749475648e-05,-7.194380749475648e-05,6114.6298828125,1
4628,2025-02-18,265063.53100755165,461677.2898720307,0.0024449877750609694,0.0024449877750611915,6129.580078125,1
4629,2025-02-19,265693.57890714,462774.6826580765,0.0023769693899173827,0.0023769693899173827,6144.14990234375,1
4630,2025-02-20,264542.013762606,460768.93153486983,-0.0043341850761717815,-0.0043341850761715595,6117.52001953125,1
4631,2025-02-21,260027.83532160963,452906.312106554,-0.01706412670256341,-0.01706412670256352,6013.1298828125,1
4632,2025-02-24,258735.72931378733,450655.7724051804,-0.00496910650440241,-0.00496910650440241,5983.25,1
4633,2025-02-25,257524.91572238033,448546.8246548198,-0.004679730915472247,-0.004679730915472358,5955.25,1
4634,2025-02-26,257559.94536363563,448607.83791371086,0.00013602428004699796,0.00013602428004699796,5956.06005859375,1
4635,2025-02-27,253473.87179090403,441490.8747988465,-0.015864553655509983,-0.015864553655509983,5861.56982421875,1
4636,2025-02-28,257492.48321546763,448490.33498293516,0.015854144634988687,0.01585414463498891,5954.5,1
4637,2025-03-03,252961.45507361426,440598.367404773,-0.01759673946699969,-0.01759673946699969,5849.72021484375,1
4638,2025-03-04,249866.51553374826,435207.722778363,-0.012234826602200433,-0.012234826602200544,5778.14990234375,1
4639,2025-03-05,252654.84541679188,440064.32669810817,0.011159277893187713,0.011159277893187713,5842.6298828125,1
4640,2025-03-06,248152.78693606102,432222.81734248885,-0.017819007085749905,-0.017819007085749794,5738.52001953125,1
4641,2025-03-07,249522.74362942178,434608.95432266366,0.00552061780274804,0.005520617802747818,5770.2001953125,1
4642,2025-03-10,242792.34388272502,422886.2073155628,-0.0269730913054258,-0.0269730913054258,5614.56005859375,1
4643,2025-03-11,240954.92412260646,419685.86145136814,-0.007567865323653167,-0.007567865323653278,5572.06982421875,1
4644,2025-03-12,242132.43949565326,421736.8116675086,0.004886869929446425,0.004886869929446425,5599.2998046875,1
4645,2025-03-13,238768.98160265663,415878.4722771942,-0.013890984206835322,-0.01389098420683521,5521.52001953125,1
4646,2025-03-14,243846.61150652095,424722.48942311556,0.021265869083087807,0.021265869083087807,5638.93994140625,1
4647,2025-03-17,245411.1632413578,427447.5644345984,0.006416130719105961,0.006416130719105961,5675.1201171875,1
4648,2025-03-18,242796.6724399627,422893.74662724015,-0.010653512117636543,-0.010653512117636543,5614.66015625,1
4649,2025-03-19,245418.51123120522,427460.36287588475,0.010798495567894584,0.010798495567894584,5675.2900390625,1
4650,2025-03-20,244882.2980065648,426526.4076561511,-0.0021848931523151816,-0.0021848931523150705,5662.89013671875,1
4651,2025-03-21,245084.2410378883,426878.1441287454,0.0008246534476661349,0.0008246534476661349,5667.56005859375,1
4652,2025-03-24,249408.99759118046,434410.8359226359,0.017646000146633645,0.017646000146633645,5767.56982421875,1
4653,2025-03-25,249801.65051992287,435094.74343459366,0.0015743334544249254,0.0015743334544249254,5776.64990234375,1
4654,2025-03-26,247014.62976150724,430240.4196969167,-0.011156934922627149,-0.01115693492262726,5712.2001953125,1
4655,2025-03-27,246197.75710855727,428817.622863452,-0.003306980860763864,-0.003306980860763864,5693.31005859375,1
4656,2025-03-28,241338.49763860638,420353.9547973686,-0.01973722070834416,-0.01973722070834405,5580.93994140625,1
4657,2025-03-31,242675.1561136069,422682.0942433234,0.005538521570653598,0.005538521570653598,5611.85009765625,1
4658,2025-04-01,243592.76801817174,424280.3547646538,0.0037812354559081385,0.0037812354559081385,5633.06982421875,1
4659,2025-04-02,245231.70759275695,427134.99560559593,0.00672819471579289,0.006728194715792668,5670.97021484375,1
4660,2025-04-03,233363.5637838753,406463.5269630844,-0.0483956333599016,-0.04839563335990138,5396.52001953125,1
4661,2025-04-04,228620.97892730328,382177.49163968745,-0.0203227306768603,-0.0597496053455312,5074.080078125,0
4662,2025-04-07,228620.97892730328,381286.4553308193,0.0,-0.0023314724921272845,5062.25,0
4663,2025-04-08,228620.97892730328,375300.0579733809,0.0,-0.015700524562941465,4982.77001953125,0
4664,2025-04-09,228620.97892730328,411011.3133211008,0.0,0.09515387644904871,5456.89990234375,0
4665,2025-04-10,228620.97892730328,396787.2065851176,0.0,-0.034607579584727044,5268.0498046875,0
4666,2025-04-11,228620.97892730328,403965.9185014757,0.0,0.018092095201708958,5363.35986328125,0
4667,2025-04-14,228620.97892730328,407175.31153968314,0.0,0.007944712390868913,5405.97021484375,0
4668,2025-04-15,228620.97892730328,406471.80181736435,0.0,-0.0017277808903947145,5396.6298828125,0
4669,2025-04-16,228620.97892730328,397363.43066004524,0.0,-0.0224083715440897,5275.7001953125,0
4670,2025-04-17,228620.97892730328,397890.6675976354,0.0,0.0013268380955802073,5282.7001953125,0
4671,2025-04-21,228620.97892730328,388513.382064782,0.0,-0.023567493023827657,5158.2001953125,0
4672,2025-04-22,228620.97892730328,398271.75222007604,0.0,0.025117204723895226,5287.759765625,0
4673,2025-04-23,228620.97892730328,404907.4130328867,0.0,0.01666113847096029,5375.85986328125,0
4674,2025-04-24,228620.97892730328,413110.4783548459,0.0,0.02025911370828104,5484.77001953125,0
4675,2025-04-25,228620.97892730328,416156.39704961114,0.0,0.007373133469998683,5525.2099609375,0
4676,2025-04-28,228620.97892730328,416423.03124307713,0.0,0.0006407067039131409,5528.75,0
4677,2025-04-29,228620.97892730328,418839.28869283106,0.0,0.005802410694099036,5560.830078125,0
4678,2025-04-30,228620.97892730328,419459.16722122685,0.0,0.00147999135976562,5569.06005859375,0
4679,2025-05-01,228620.97892730328,422101.38335851947,0.0,0.006299102138585644,5604.14013671875,0
4680,2025-05-02,228620.97892730328,428317.49067077006,0.0,0.01472657412963474,5686.669921875,0
4681,2025-05-05,228620.97892730328,425584.1408050073,0.0,-0.006381597588933752,5650.3798828125,0
4682,2025-05-06,228620.97892730328,422310.02001776535,0.0,-0.007693239651855532,5606.91015625,0
4683,2025-05-07,228620.97892730328,424145.5298055853,0.0,0.00434635623313584,5631.27978515625,0
4684,2025-05-08,228620.97892730328,426605.4784859375,0.0,0.005799775094835535,5663.93994140625,0
4685,2025-05-09,228620.97892730328,426301.9568309479,0.0,-0.0007114809122162891,5659.91015625,0
4686,2025-05-12,228620.97892730328,440181.8296288839,0.0,0.032558782749008586,5844.18994140625,0
4687,2025-05-13,228620.97892730328,443372.35599933297,0.0,0.0072482009835321826,5886.5498046875,0
4688,2025-05-14,228620.97892730328,443826.5535564785,0.0,0.001024415597859818,5892.580078125,0
4689,2025-05-15,228620.97892730328,445660.59225909313,0.0,0.004132332074135769,5916.93017578125,0
4690,2025-05-16,229520.85863094358,448782.5660589739,0.00393612042019309,0.007005272294898779,5958.3798828125,1
4691,2025-05-19,229721.94486860218,449175.7503572284,0.0008761131291423752,0.0008761131291423752,5963.60009765625,1
4692,2025-05-20,228830.57101312757,447432.8453830839,-0.0038802294486252054,-0.0038802294486253164,5940.4599609375,1
4693,2025-05-21,225138.35985059626,440213.45796079846,-0.01613513066101424,-0.01613513066101424,5844.60986328125,1
4694,2025-05-22,225038.20231476874,440017.61974283896,-0.00044487103794299543,-0.00044487103794299543,5842.009765625,1
4695,2025-05-23,223528.5790315663,437065.8505012149,-0.006708297825321563,-0.006708297825321563,5802.81982421875,1
4696,2025-05-27,228101.76271298766,446007.8051446811,0.020459055845273078,0.020459055845273078,5921.5400390625,1
4697,2025-05-28,226830.95637483726,443522.99512435874,-0.0055712254172687325,-0.005571225417268844,5888.5498046875,1
4698,2025-05-29,227740.81940547028,445302.0520174242,0.004011194261904327,0.004011194261904327,5912.169921875,1
4699,2025-05-30,227722.33023031187,445265.9000985032,-8.118516130162234e-05,-8.118516130162234e-05,5911.68994140625,1
4700,2025-06-02,228656.45677666645,447092.3994894405,0.0041020419271569075,0.0041020419271569075,5935.93994140625,1
4701,2025-06-03,229982.73064029208,449685.66526652576,0.005800290454605506,0.005800290454605506,5970.3701171875,1
4702,2025-06-04,229999.67748344337,449718.80146077584,7.36874595066439e-05,7.36874595066439e-05,5970.81005859375,1
4703,2025-06-05,228785.88100277525,447345.46292188735,-0.005277383403094138,-0.005277383403094138,5939.2998046875,1
4704,2025-06-06,231137.95612254387,451944.4798221793,0.010280683010067682,0.010280683010067682,6000.35986328125,1
4705,2025-06-09,231350.59104132888,452360.2452783356,0.0009199480792858594,0.0009199480792858594,6005.8798828125,1
4706,2025-06-10,232619.08388146863,454840.53171165154,0.00548298940767844,0.00548298940767844,6038.81005859375,1
4707,2025-06-11,231980.80294657528,453592.49980058,-0.002743888954607865,-0.002743888954607865,6022.240234375,1
4708,2025-06-12,232867.53099710165,455326.32082358154,0.0038224199557175265,0.0038224199557175265,6045.259765625,1
4709,2025-06-13,230236.97090541522,450182.7817345368,-0.011296379879250695,-0.011296379879250695,5976.97021484375,1
4710,2025-06-16,232399.50846865165,454411.19549447607,0.009392659896159117,0.009392659896158895,6033.10986328125,1
4711,2025-06-17,230458.46482877765,450615.86921898584,-0.008352184790166306,-0.008352184790166195,5982.72021484375,1
4712,2025-06-18,230387.19780469305,450476.52067291096,-0.0003092402101070313,-0.0003092402101071423,5980.8701171875,1
4713,2025-06-20,229885.26278101353,449495.0861781753,-0.002178658486505891,-0.002178658486505891,5967.83984375,1
4714,2025-06-23,232093.6565080711,453813.16258137947,0.009606504133156335,0.009606504133156557,6025.169921875,1
4715,2025-06-24,234674.9372112377,458860.3455894751,0.01112172017970181,0.01112172017970181,6092.18017578125,1
4716,2025-06-25,234674.16604523416,458858.83772713965,-3.28610295030618e-06,-3.2861029504172024e-06,6092.16015625,1
4717,2025-06-26,236556.28131708043,462538.9412539225,0.008020121275230219,0.008020121275230219,6141.02001953125,1
4718,2025-06-27,237790.8616619907,464952.91852160817,0.005218970885222163,0.005218970885222163,6173.06982421875,1
4719,2025-06-30,239018.91530926112,467354.13412513764,0.005164427424532603,0.005164427424532603,6204.9501953125,1
4720,2025-07-01,238751.56522207754,466831.38399742375,-0.00111853108712201,-0.001118531087121899,6198.009765625,1
4721,2025-07-02,239884.4645080801,469046.54409960913,0.004745096791088255,0.004745096791088033,6227.419921875,1
4722,2025-07-03,241884.85031237398,472957.9022206698,0.008338955206607324,0.008338955206607324,6279.35009765625,1
4723,2025-07-07,239983.0797119005,469239.36659289774,-0.007862297279128905,-0.007862297279128794,6229.97998046875,1
4724,2025-07-08,239811.27897345007,468903.4442862607,-0.0007158868810945851,-0.0007158868810946961,6225.52001953125,1
4725,2025-07-09,241265.03974371208,471745.98545138905,0.0060621034026633325,0.0060621034026635545,6263.259765625,1
4726,2025-07-10,241927.60300325396,473041.49663746264,0.0027462050044453346,0.0027462050044453346,6280.4599609375,1
4727,2025-07-11,241129.84117704013,471481.6314399913,-0.0032975229626984737,-0.0032975229626985847,6259.75,1
4728,2025-07-14,241469.2106453849,472145.2011989854,0.001407413809457081,0.001407413809457303,6268.56005859375,1
4729,2025-07-15,240513.88643839603,470277.25398238795,-0.003956298214731202,-0.003956298214731202,6243.759765625,1
4730,2025-07-16,241282.0053957903,471779.1584227692,0.003193657417327689,0.0031936574173274668,6263.7001953125,1
4731,2025-07-17,242578.59877274252,474314.3898885042,0.005373767408909602,0.00537376740890938,6297.35986328125,1
4732,2025-07-18,242556.64875503158,474271.47097763873,-9.048620868445933e-05,-9.048620868445933e-05,6296.7900390625,1
4733,2025-07-21,242896.01822337636,474935.0407366328,0.001399134882868136,0.001399134882868358,6305.60009765625,1
4734,2025-07-22,243050.87211867553,475237.8268490198,0.0006375316336257875,0.0006375316336257875,6309.6201171875,1
4735,2025-07-23,244949.55805513478,478950.33102745,0.007811886951519131,0.007811886951519131,6358.91015625,1
4736,2025-07-24,245120.58762758167,479284.74547175155,0.0006982236416543941,0.0006982236416543941,6363.35009765625,1
4737,2025-07-25,246094.77718826727,481189.58014987264,0.00397432777929585,0.00397432777929585,6388.64013671875,1
4738,2025-07-28,246138.30104515082,481274.68242900097,0.00017685810881817865,0.00017685810881817865,6389.77001953125,1
4739,2025-07-29,245409.86892354925,479850.3777332008,-0.0029594423887241428,-0.002959442388724254,6370.85986328125,1
4740,2025-07-30,245103.24579696514,479250.8369577687,-0.0012494327466497923,-0.0012494327466496813,6362.89990234375,1
4741,2025-07-31,244197.63358381516,477480.0916961134,-0.0036948193411528996,-0.0036948193411530106,6339.39013671875,1
4742,2025-08-01,240292.3925150336,469844.16649793886,-0.015992133140148468,-0.015992133140148468,6238.009765625,1
4743,2025-08-04,243833.6056122835,476768.3071195146,0.01473710033091602,0.01473710033091602,6329.93994140625,1
4744,2025-08-05,242649.09463082356,474452.2305722436,-0.004857865996303334,-0.004857865996303334,6299.18994140625,1
4745,2025-08-06,244416.04284316336,477907.1477312206,0.007281907295092482,0.007281907295092482,6345.06005859375,1
4746,2025-08-07,244221.12593353319,477526.0263316498,-0.0007974800154801898,-0.0007974800154801898,6340.0,1
4747,2025-08-08,246125.98119802086,481250.5934087637,0.007799715348974834,0.007799715348974834,6389.4501953125,1
4748,2025-08-11,245509.65028083845,480045.48040855763,-0.0025041278217862173,-0.0025041278217863283,6373.4501953125,1
4749,2025-08-12,248295.06426782405,485491.8056099894,0.01134543584661274,0.011345435846612961,6445.759765625,1
4750,2025-08-13,249097.0769115209,487059.9824388708,0.0032300788824048965,0.0032300788824048965,6466.580078125,1
4751,2025-08-14,249172.5759441616,487207.60583922564,0.0003030908012922051,0.0003030908012922051,6468.5400390625,1
4752,2025-08-15,248450.68932912676,485796.09958471183,-0.00289713509722922,-0.0028971350972291088,6449.7998046875,1
4753,2025-08-18,248425.65464740162,485747.1492245045,-0.00010076318078544588,-0.0001007631807855569,6449.14990234375,1
4754,2025-08-19,246970.35154513246,482901.5923347052,-0.005858103118756897,-0.005858103118756786,6411.3701171875,1
4755,2025-08-20,246369.80131763255,481727.3353466809,-0.0024316693228262354,-0.0024316693228263464,6395.77978515625,1
4756,2025-08-21,245383.291909817,479798.41164832254,-0.0040041815293088145,-0.0040041815293088145,6370.169921875,1
4757,2025-08-22,249109.7917461161,487084.84377884085,0.015186444876893468,0.015186444876893468,6466.91015625,1
4758,2025-08-25,248046.99333072937,485006.75204066205,-0.004266385548063467,-0.004266385548063467,6439.31982421875,1
4759,2025-08-26,249072.41840833408,487011.76762126613,0.004133995191134998,0.004133995191134998,6465.93994140625,1
4760,2025-08-27,249667.94665234743,488176.2051155448,0.0023909843081741933,0.0023909843081741933,6481.39990234375,1
4761,2025-08-28,250456.0783079803,489717.2404223879,0.0031567194195349924,0.0031567194195349924,6501.85986328125,1
4762,2025-08-29,248853.6141615206,486583.93926642614,-0.00639818429357164,-0.00639818429357164,6460.259765625,1
4763,2025-09-02,247130.97978099485,483215.6690260431,-0.006922279936861453,-0.006922279936861564,6415.5400390625,1
4764,2025-09-03,248391.3659736338,485680.10451627156,0.0051000736279842585,0.0051000736279842585,6448.259765625,1
4765,2025-09-04,250464.5611340194,489733.826908078,0.008346486409699372,0.008346486409699372,6502.080078125,1
4766,2025-09-05,249671.8024823652,488183.7444272221,-0.00316515297838893,-0.003165152978388819,6481.5,1
4767,2025-09-08,250197.60603430108,489211.8491000969,0.0021059789159532105,0.0021059789159532105,6495.14990234375,1
4768,2025-09-09,250870.17564296222,490526.92571940133,0.0026881536531127015,0.0026881536531127015,6512.60986328125,1
4769,2025-09-10,251618.6392717293,491990.3980587934,0.002983469943562689,0.002983469943562689,6532.0400390625,1
4770,2025-09-11,253753.84746415686,496165.3746486491,0.008485890387960104,0.008485890387960104,6587.47021484375,1
4771,2025-09-12,253631.34492315314,495925.8452000913,-0.00048276131466740146,-0.00048276131466740146,6584.2900390625,1
4772,2025-09-15,254825.09108772886,498259.97931825777,0.004706619226962694,0.004706619226962694,6615.27978515625,1
4773,2025-09-16,254496.89412197215,497618.2551745628,-0.0012879303382401508,-0.0012879303382402618,6606.759765625,1
4774,2025-09-17,254249.98933834623,497135.48178730375,-0.0009701681605103207,-0.0009701681605103207,6600.35009765625,1
4775,2025-09-18,255467.6228401052,499516.3228607394,0.004789119185128365,0.0047891191851285875,6631.9599609375,1
4776,2025-09-19,256715.68918561423,501956.6693307306,0.004885418870829605,0.004885418870829383,6664.35986328125,1
4777,2025-09-22,257847.81730561322,504170.3215705806,0.004410046474333074,0.004410046474333074,6693.75,1
4778,2025-09-23,256429.09756619562,501396.2961988904,-0.005502159197012246,-0.005502159197012246,6656.919921875,1
4779,2025-09-24,255699.14192151386,499969.0125555495,-0.002846617843333177,-0.002846617843333177,6637.97021484375,1
4780,2025-09-25,254418.32923424416,497464.6371019963,-0.0050090613431266195,-0.005009061343126731,6604.72021484375,1
4781,2025-09-26,255919.86467887272,500400.59217766306,0.005901836747171263,0.005901836747171263,6643.7001953125,1
4782,2025-09-29,256594.35279807932,501719.4200642411,0.00263554421636214,0.00263554421636214,6661.2099609375,1
4783,2025-09-30,257644.04139140563,503771.87814271706,0.0040908483833717035,0.0040908483833717035,6688.4599609375,1
4784,2025-10-01,258520.01073573605,505484.66264728236,0.003399920834961989,0.003399920834961767,6711.2001953125,1
4785,2025-10-02,258679.86780559487,505797.2314762848,0.0006183547238911569,0.0006183547238911569,6715.35009765625,1
4786,2025-10-03,258696.81464874616,505830.3676705348,6.551280273581206e-05,6.551280273581206e-05,6715.7900390625,1
4787,2025-10-06,259640.1763782165,507674.92463236756,0.0036465919796933033,0.0036465919796933033,6740.27978515625,1
4788,2025-10-07,258650.5823063867,505739.96948466735,-0.0038114057910215715,-0.0038114057910214605,6714.58984375,1
4789,2025-10-08,260157.9109005054,508687.2519164152,0.0058276636405680815,0.0058276636405680815,6753.72021484375,1
4790,2025-10-09,259441.02746003022,507285.5283785168,-0.002755570407195318,-0.002755570407195318,6735.10986328125,1
4791,2025-10-10,252407.1471059005,493532.16890823917,-0.0271116732114135,-0.02711167321141361,6552.509765625,1
4792,2025-10-13,256344.3633504392,501230.6152276402,0.015598671787557583,0.015598671787557583,6654.72021484375,1
4793,2025-10-14,255943.35702859078,500446.5268131995,-0.0015643266604626893,-0.0015643266604626893,6644.31005859375,1
4794,2025-10-15,256973.78528075514,502461.325110419,0.004026001159503689,0.004026001159503689,6671.06005859375,1
4795,2025-10-16,255356.2928016896,499298.63902748073,-0.006294387099829546,-0.006294387099829546,6629.06982421875,1
4796,2025-10-17,256702.20318501547,501930.3001284251,0.0052707155502571545,0.0052707155502571545,6664.009765625,1
4797,2025-10-20,259441.7986260338,507287.03624085226,0.01067227085325717,0.010672270853256949,6735.1298828125,1
4798,2025-10-21,259450.2814520729,507303.62272654235,3.2696450934288634e-05,3.2696450934288634e-05,6735.35009765625,1
4799,2025-10-22,258065.45539895789,504595.86974335235,-0.005337539220865439,-0.005337539220865328,6699.39990234375,1
4800,2025-10-23,259569.30434159713,507536.3484060255,0.0058273934429324825,0.0058273934429322605,6738.43994140625,1
4801,2025-10-24,261620.53067534487,511547.1151098363,0.00790242258787388,0.00790242258787388,6791.68994140625,1
4802,2025-10-27,264835.86030484876,517834.0551747235,0.012290050865671143,0.012290050865671143,6875.16015625,1
4803,2025-10-28,265441.7898854466,519018.8304219659,0.0022879438603986557,0.0022879438603988778,6890.89013671875,1
4804,2025-10-29,265430.2223953933,518996.212486934,-4.3578255173426506e-05,-4.3578255173426506e-05,6890.58984375,1
4805,2025-10-30,262801.185826787,513855.65234543,-0.00990481243951935,-0.00990481243951935,6822.33984375,1
4806,2025-10-31,263489.17875551933,515200.8862114437,0.0026179217059765225,0.0026179217059763005,6840.2001953125,1
4807,2025-11-03,263942.5679388287,516087.39893330546,0.0017207127269924793,0.0017207127269922573,6851.97021484375,1
4808,2025-11-04,260844.71886684195,510030.1688232305,-0.011736830084583927,-0.011736830084583705,6771.5498046875,1
4809,2025-11-05,261797.72957582018,511893.59245282155,0.0036535556982648654,0.0036535556982648654,6796.2900390625,1
4810,2025-11-06,258871.3050637456,506171.5491067809,-0.011178189042418962,-0.011178189042419073,6720.31982421875,1
4811,2025-11-07,259197.9596974952,506810.2575258049,0.0012618418007710464,0.0012618418007710464,6728.7998046875,1
4812,2025-11-10,263189.87230150553,514615.6517396334,0.01540101862170995,0.01540101862170995,6832.43017578125,1
4813,2025-11-11,263736.0835391452,515683.65959870274,0.002075350517340313,0.002075350517340535,6846.60986328125,1
4814,2025-11-12,263902.10993703245,516008.2913263889,0.0006295171887717999,0.0006295171887717999,6850.919921875,1
4815,2025-11-13,259532.72097874558,507464.81688791636,-0.01655685496159698,-0.01655685496159709,6737.490234375,1
4816,2025-11-14,259402.50677770632,507210.2088160039,-0.0005017255648852581,-0.0005017255648851471,6734.10986328125,1
4817,2025-11-17,257025.79196367777,502563.01387523743,-0.009162266176807932,-0.00916226617680782,6672.41015625,1
4818,2025-11-18,254903.67478438377,498413.63416795444,-0.008256436690967983,-0.008256436690968094,6617.31982421875,1
4819,2025-11-19,255860.54132337976,500284.59710922284,0.0037538357962292324,0.0037538357962292324,6642.16015625,1
4820,2025-11-20,251877.48772394686,492496.5249236871,-0.015567283563270307,-0.015567283563270418,6538.759765625,1
4821,2025-11-21,254351.68920618086,497334.3357299342,0.009823035415319259,0.009823035415319481,6602.990234375,1
4822,2025-11-24,258285.80197777844,505026.71382286324,0.015467217001293498,0.015467217001293498,6705.1201171875,1
4823,2025-11-25,260626.30960749375,509603.1127881233,0.009061696817220577,0.009061696817220799,6765.8798828125,1
4824,2025-11-26,262426.3803401326,513122.7944732649,0.006906711511012631,0.006906711511012631,6812.60986328125,1
4825,2025-11-28,263831.6140789514,515870.4506426495,0.005354773163420257,0.005354773163420257,6849.08984375,1
4826,2025-12-01,262427.1515061361,513124.30233560037,-0.005323329342915795,-0.005323329342915573,6812.6298828125,1
4827,2025-12-02,263071.99675652315,514385.1694650884,0.002457235261999813,0.002457235261999813,6829.3701171875,1
4828,2025-12-03,263855.89640359994,515917.9299176515,0.0029797912994984355,0.0029797912994984355,6849.72021484375,1
4829,2025-12-04,264140.9456910114,516475.28732482076,0.0010803218396735481,0.0010803218396735481,6857.1201171875,1
4830,2025-12-05,264652.49207634496,517475.51493305457,0.001936641757662061,0.001936641757662061,6870.39990234375,1
4831,2025-12-08,263732.2277091274,515676.12028702546,-0.003477255626794129,-0.003477255626794018,6846.509765625,1
4832,2025-12-09,263501.103615184,515224.2029119482,-0.0008763589340257116,-0.0008763589340257116,6840.509765625,1
4833,2025-12-10,265279.61931757716,518701.7380059571,0.00674955693920154,0.00674955693920154,6886.68017578125,1
4834,2025-12-11,265831.2287172417,519780.30090137466,0.002079350841514227,0.002079350841514227,6901.0,1
4835,2025-12-12,262996.49772388244,514237.5460647336,-0.010663649289958,-0.010663649289958,6827.41015625,1
4836,2025-12-15,262576.6072394104,513416.5334116391,-0.0015965630269072495,-0.0015965630269072495,6816.509765625,1
4837,2025-12-16,261950.646151647,512192.5905208048,-0.0023839179519623555,-0.0023839179519623555,6800.259765625,1
4838,2025-12-17,258914.0765635525,506255.1803007039,-0.011592143912241393,-0.011592143912241393,6721.43017578125,1
4839,2025-12-18,260968.36875238753,510271.9416767264,0.007934262269941872,0.007934262269941872,6774.759765625,1
4840,2025-12-19,263269.6033427023,514771.5499942682,0.008818059450332205,0.008818059450332205,6834.5,1
4841,2025-12-22,264964.1371864156,518084.8752022322,0.006436496360377353,0.006436496360377575,6878.490234375,1
4842,2025-12-23,266169.82701958297,520442.3627980333,0.004550388765703461,0.004550388765703461,6909.7900390625,1
4843,2025-12-24,267027.2883798281,522118.9586065475,0.0032214822012190947,0.0032214822012190947,6932.0498046875,1
4844,2025-12-26,266946.0150066242,521960.04462724173,-0.00030436354912266594,-0.00030436354912277697,6929.93994140625,1
4845,2025-12-29,266013.8257797419,520137.3332807082,-0.003492051480368241,-0.00349205148036813,6905.740234375,1
4846,2025-12-30,265647.87929766485,519421.7974368358,-0.0013756671519024044,-0.0013756671519022934,6896.240234375,1
4847,2025-12-31,263693.3308482652,515600.0651819099,-0.007357666300846,-0.007357666300846111,6845.5,1
4848,2026-01-02,264192.95237393404,516576.9760896392,0.0018947067188297417,0.0018947067188299638,6858.47021484375,1
4849,2026-01-05,265871.6679101111,519859.37173116114,0.006354126864826393,0.006354126864826393,6902.0498046875,1
4850,2026-01-06,267519.1982454614,523080.79089092213,0.006196712678341321,0.006196712678341321,6944.81982421875,1
4851,2026-01-07,266598.95268717076,521281.4330220232,-0.003439923431013958,-0.003439923431013847,6920.93017578125,1
4852,2026-01-08,266619.3603728746,521321.3362082177,7.654825909164664e-05,7.65482590914246e-05,6921.4599609375,1
4853,2026-01-09,268345.85058341816,524697.1457602781,0.006475487031883276,0.006475487031883276,6966.27978515625,1
4854,2026-01-12,268769.20191044273,525524.9254053171,0.001577633215136931,0.001577633215136931,6977.27001953125,1
4855,2026-01-13,268248.0253545282,524505.8679064552,-0.0019391230550596106,-0.0019391230550596106,6963.740234375,1
4856,2026-01-14,266817.361946519,521708.48905713035,-0.005333360445499591,-0.005333360445499813,6926.60009765625,1
4857,2026-01-15,267505.73105378955,523054.4584657468,0.0025799262171273263,0.0025799262171273263,6944.47021484375,1
4858,2026-01-16,267333.9115064122,522718.4993819796,-0.0006423023039562326,-0.0006423023039563436,6940.009765625,1
4859,2026-01-20,261819.67959353112,511936.51136368705,-0.02062675805627756,-0.02062675805627745,6796.85986328125,1
4860,2026-01-21,264853.5783140036,517868.69923130906,0.011587741323274559,0.011587741323274559,6875.6201171875,1
4861,2026-01-22,266306.96290572727,520710.50485383475,0.005487502192628835,0.005487502192628835,6913.35009765625,1
4862,2026-01-23,266394.01061949437,520880.70941209135,0.0003268698377891788,0.00032686983778895673,6915.60986328125,1
4863,2026-01-26,267727.6011556903,523488.2814927985,0.005006083031276587,0.005006083031276365,6950.22998046875,1
4864,2026-01-27,268820.43742736185,525625.1063078,0.004081896177137168,0.004081896177137168,6978.60009765625,1
4865,2026-01-28,268798.468600724,525582.1506198044,-8.172305219078524e-05,-8.172305219089626e-05,6978.02978515625,1
4866,2026-01-29,268451.0112938053,524902.7666948531,-0.001292631274007805,-0.001292631274007583,6969.009765625,1
4867,2026-01-30,267296.16199009184,522644.6876818022,-0.004301899620894112,-0.004301899620894112,6939.02978515625,1
4868,2026-02-02,268737.2267346856,525462.4042840906,0.00539126612916796,0.00539126612916796,6976.43994140625,1
4869,2026-02-03,266478.76364417776,521046.4271604718,-0.008403983020698225,-0.008403983020698336,6917.81005859375,1
4870,2026-02-04,265127.07892028865,518403.4754805765,-0.005072391906223217,-0.005072391906223217,6882.72021484375,1
4871,2026-02-05,261879.00294902408,512052.5064321273,-0.012251015567674717,-0.012251015567674606,6798.39990234375,1
4872,2026-02-06,267036.9185504091,522137.78849717573,0.0196957966973359,0.0196957966973359,6932.2998046875,1
4873,2026-02-09,268289.6118919394,524587.1821411797,0.004691086716887227,0.004691086716887227,6964.81982421875,1
4874,2026-02-10,267403.2600199514,522854.09666078084,-0.003303712975458173,-0.003303712975458173,6941.81005859375,1
4875,2026-02-11,267390.16900681786,522828.4997782081,-4.895607156230053e-05,-4.895607156230053e-05,6941.47021484375,1
4876,2026-02-12,263202.56832717377,514640.4763024734,-0.0156610121277021,-0.01566101212770188,6832.759765625,1
4877,2026-02-13,263333.9298727549,514897.3277793239,0.0004990891480125548,0.0004990891480123327,6836.169921875,1
4878,2026-02-17,263605.51196849457,515428.3527613178,0.0010313220779065713,0.0010313220779065713,6843.22021484375,1
4879,2026-02-18,265072.75873935537,518297.2631287517,0.005566070147410951,0.005566070147410729,6881.31005859375,1
4880,2026-02-19,264324.6900980535,516834.5631090924,-0.0028221256867720923,-0.0028221256867720923,6861.89013671875,1
4881,2026-02-20,266159.0306955332,520421.2527253368,0.006939724763506794,0.006939724763506794,6909.509765625,1
4882,2026-02-23,263394.795560255,515016.3385724351,-0.010385652247284716,-0.010385652247284938,6837.75,1
4883,2026-02-24,265410.1908882278,518957.04484334204,0.007651614086322089,0.0076516140863223114,6890.06982421875,1
4884,2026-02-25,267569.6625963769,523179.46393106965,0.008136355657339944,0.008136355657340166,6946.1298828125,1
4885,2026-02-26,266133.99601380806,520372.30236512946,-0.005365580569328232,-0.005365580569328343,6908.85986328125,1
4886,2026-02-27,264979.1467100946,518114.2233520786,-0.00433935281103115,-0.00433935281103115,6878.8798828125,1
4887,2026-03-02,265084.702407947,518320.6166063863,0.0003983547353176853,0.0003983547353176853,6881.6201171875,1
4888,2026-03-03,262581.2342354317,513425.58058565186,-0.009444031095625527,-0.009444031095625416,6816.6298828125,1
4889,2026-03-04,264617.82722403883,517407.734682219,0.007756049264286302,0.007756049264286302,6869.5,1
4890,2026-03-05,263123.6084519806,514486.085910174,-0.005646704863891072,-0.005646704863891183,6830.7099609375,1
4891,2026-03-06,259630.1700290972,507655.35919913667,-0.013276795812569242,-0.013276795812569242,6740.02001953125,1
4892,2026-03-09,261786.1808946938,511871.01129491976,0.008304161513105202,0.008304161513105202,6795.990234375,1
4893,2026-03-10,261227.23601353198,510778.1053187502,-0.0021351198877326283,-0.0021351198877326283,6781.47998046875,1
4894,2026-03-11,261008.43176671854,510350.2769639102,-0.0008376012017449197,-0.0008376012017449197,6775.7998046875,1
4895,2026-03-12,257033.87980225164,502578.8280411947,-0.015227676506708532,-0.01522767650670842,6672.6201171875,1
4896,2026-03-13,255476.48184468262,499533.6448890322,-0.006059115470564369,-0.006059115470564369,6632.18994140625,1
4897,2026-03-16,258064.6842329543,504594.36188101687,0.010130883162251969,0.010130883162251969,6699.3798828125,1
4898,2026-03-17,258708.36332987255,505852.94882843667,0.0024942548757938,0.0024942548757938,6716.08984375,1
4899,2026-03-18,255187.97171471862,498969.52048991836,-0.013607567880073446,-0.013607567880073557,6624.7001953125,1
4900,2026-03-19,254486.51159431454,497597.95419872925,-0.002748797741878972,-0.002748797741878972,6606.490234375,1
4901,2026-03-20,250634.04837445918,490065.2256277086,-0.015138182356779328,-0.015138182356779217,6506.47998046875,1
4902,2026-03-23,253504.61037359337,495678.04089725355,0.011453200463990676,0.011453200463990676,6581.0,1
4903,2026-03-24,252555.85048209815,493822.9288990726,-0.0037425745042546366,-0.0037425745042546366,6556.3701171875,1
4904,2026-03-25,253924.48204913852,496499.0167732179,0.005419124381509377,0.005419124381509377,6591.89990234375,1
4905,2026-03-26,249504.62873993607,487856.8692945979,-0.01740617239241682,-0.017406172392416708,6477.16015625,1
4906,2026-03-27,245332.4513803631,479699.0030655724,-0.01672184352107431,-0.01672184352107431,6368.85009765625,1
4907,2026-03-30,244364.43114770594,477806.231286135,-0.003945748828622531,-0.003945748828622642,6343.72021484375,1
4908,2026-03-31,251483.04571759212,491725.2717276629,0.02913114047102594,0.02913114047102594,6528.52001953125,1
4909,2026-04-01,253285.8061267799,495250.21254241356,0.007168516684867177,0.007168516684867399,6575.31982421875,1
4910,2026-04-02,253569.70806964952,495805.32654464466,0.0011208758485563575,0.0011208758485561354,6582.68994140625,1
4911,2026-04-06,254692.20601906755,498000.1488938664,0.0044267825126402816,0.0044267825126402816,6611.830078125,1
4912,2026-04-07,254885.5805966906,498378.2545687663,0.0007592481161695641,0.0007592481161695641,6616.85009765625,1
4913,2026-04-08,261278.4715304511,510878.28622123314,0.025081414644150035,0.025081414644149813,6782.81005859375,1
4914,2026-04-09,262890.5658474917,514030.4172678232,0.006170023529293189,0.006170023529293411,6824.66015625,1
4915,2026-04-10,262591.2593934779,513445.1827960129,-0.0011385210916523558,-0.0011385210916523558,6816.89013671875,1
4916,2026-04-13,265262.67247442587,518668.601811707,0.010173274948748423,0.010173274948748201,6886.240234375,1
4917,2026-04-14,268388.2270957598,524780.0046344684,0.011782866364792755,0.011782866364792977,6967.3798828125,1
4918,2026-04-15,270528.83345021226,528965.5362606723,0.007975783355387955,0.007975783355387733,7022.9501953125,1
4919,2026-04-16,271234.90175771073,530346.112948744,0.0026099558353671615,0.0026099558353671615,7041.27978515625,1
4920,2026-04-17,274500.69573813013,536731.7260537787,0.012040463669150903,0.01204046366915068,7126.06005859375,1
4921,2026-04-20,273848.928802638,535457.3249404016,-0.002374372617670484,-0.0023743726176703728,7109.14013671875,1
4922,2026-04-21,272110.4761145759,532058.1251335766,-0.006348217959672886,-0.006348217959672775,7064.009765625,1
4923,2026-04-22,274956.7745979885,537623.4979052496,0.010460084168953943,0.010460084168953943,7137.89990234375,1
4924,2026-04-23,273820.4144694334,535401.5708111196,-0.00413286826708148,-0.00413286826708148,7108.39990234375,1
4925,2026-04-24,276003.77351476584,539670.6968541164,0.007973689797975858,0.007973689797975636,7165.080078125,1
4926,2026-04-27,276343.9141491142,540335.774475446,0.0012323767534656582,0.0012323767534656582,7173.91015625,1
4927,2026-04-28,274991.43945029465,537691.2781560852,-0.004894172187521972,-0.004894172187521861,7138.7998046875,1
4928,2026-04-29,274881.67055281304,537476.6468246275,-0.0003991720531411058,-0.0003991720531411058,7135.9501953125,1
4929,2026-04-30,277695.9750515416,542979.4616979439,0.010238239941821936,0.010238239941821714,7209.009765625,1
4930,2026-05-01,278509.1601978265,544569.4841421244,0.002928328889657106,0.002928328889657106,7230.1201171875,1
4931,2026-05-04,277377.8032438311,542357.33976461,-0.004062189384334114,-0.004062189384334003,7200.75,1
4932,2026-05-05,279630.11581523746,546761.2907666753,0.008120017337603702,0.008120017337603702,7259.22021484375,1
4933,2026-05-06,283709.4523115532,554737.625081363,0.014588330317794274,0.014588330317794274,7365.1201171875,1
4934,2026-05-07,282630.4782190187,552627.9050112697,-0.003803095327784778,-0.003803095327784667,7337.10986328125,1
4935,2026-05-08,285011.8388379955,557284.1839031791,0.008425703533400775,0.008425703533400997,7398.93017578125,1
4936,2026-05-11,285547.64873905067,558331.8540092848,0.0018799566475544705,0.0018799566475542484,7412.83984375,1
4937,2026-05-12,285090.0275471852,557437.066433143,-0.0016026088601543975,-0.0016026088601545085,7400.9599609375,1
4938,2026-05-13,286757.589389701,560697.6532364959,0.005849246488426552,0.005849246488426774,7444.25,1
4939,2026-05-14,288952.89210362505,564990.1327571273,0.007655604577358366,0.007655604577358366,7501.240234375,1
4940,2026-05-15,285380.47499662155,558004.9788766605,-0.012363320128051747,-0.012363320128051747,7408.5,1
4941,2026-05-18,285170.5297543855,557594.4725501132,-0.0007356678561787344,-0.0007356678561787344,7403.0498046875,1
4942,2026-05-19,283266.0694773631,553870.6777927321,-0.006678320788135905,-0.006678320788135905,7353.60986328125,1
4943,2026-05-20,286323.08436901524,559848.0647532879,0.010792026370445518,0.01079202637044574,7432.97021484375,1
4944,2026-05-21,286814.223068645,560808.3891753271,0.0017153304306989359,0.0017153304306989359,7445.72021484375,1
4945,2026-05-22,287883.1720031333,562898.5070350595,0.0037269732409066503,0.0037269732409066503,7473.47021484375,1
4946,2026-05-26,289641.637389434,566336.8377083463,0.006108260424063872,0.0061082604240636496,7519.1201171875,1
4947,2026-05-27,289689.3932548736,566430.2148417546,0.000164879144690655,0.00016487914469087706,7520.35986328125,1
4948,2026-05-28,291356.18393138587,569689.2937827721,0.005753716619668614,0.005753716619668614,7563.6298828125,1
4949,2026-05-29,291989.0855131813,570926.8074346256,0.0021722606785119503,0.002172260678511728,7580.06005859375,1
4950,2026-06-01,292755.6433296415,572425.6593732059,0.0026252961308912415,0.0026252961308914635,7599.9599609375,1
4951,2026-06-02,293133.90965884854,573165.2842373154,0.0012920889411554004,0.0012920889411551784,7609.77978515625,1
4952,2026-06-03,290972.9144276192,568939.8862020471,-0.00737204110484635,-0.007372041104846128,7553.68017578125,1
4953,2026-06-04,292152.79841305787,571246.9155753053,0.00405496156836338,0.004054961568363158,7584.31005859375,1
4954,2026-06-05,284426.7119305667,556140.0841618641,-0.026445361894386843,-0.026445361894386843,7383.740234375,1
4955,2026-06-08,285273.7719542273,557796.3422174146,0.0029781310549601425,0.0029781310549599205,7405.72998046875,1
4956,2026-06-09,284538.79432605894,556359.2390803281,-0.0025763939780846234,-0.0025763939780845124,7386.64990234375,1
4957,2026-06-10,279929.4222692512,547346.5252384855,-0.016199450298948537,-0.016199450298948537,7266.990234375,1
4958,2026-06-11,284833.47378405137,556935.4263781256,0.017518885564244746,0.017518885564244746,7394.2998046875,1
4959,2026-06-12,286264.9083580642,559734.3130897857,0.005025513873057275,0.0050255138730570525,7431.4599609375,1
4960,2026-06-15,290996.40677733725,568985.8208375835,0.016528391294663436,0.016528391294663658,7554.2900390625,1
4961,2026-06-16,289342.3309354202,565751.6032365361,-0.005684179609759643,-0.005684179609759643,7511.35009765625,1
4962,2026-06-17,285827.3186733642,558878.693157236,-0.012148282108228825,-0.012148282108228825,7420.10009765625,1
4963,2026-06-18,288927.4624344347,564940.4100771872,0.010846212235623431,0.010846212235623431,7500.580078125,1
4964,2026-06-22,287856.9711679393,562847.2764927839,-0.003705051979052687,-0.003705051979052687,7472.7900390625,1
4965,2026-06-23,283722.5433246867,554763.2219639358,-0.014362785193208105,-0.014362785193208216,7365.4599609375,1
4966,2026-06-24,283443.66336530366,554217.9274554503,-0.0009829319733113406,-0.0009829319733111186,7358.22021484375,1
4967,2026-06-25,283415.5440195643,554162.945645901,-9.92061187945481e-05,-9.920611879465913e-05,7357.490234375,1
4968,2026-06-26,283281.8689759725,553901.5705820441,-0.0004716574175710475,-0.00047165741757115853,7354.02001953125,1
4969,2026-06-29,286610.4471544374,560409.9457474636,0.011750057250389023,0.011750057250389245,7440.43017578125,1
4970,2026-06-30,288880.45892607165,564848.5040289842,0.00792019898148033,0.007920198981480553,7499.35986328125,1
4971,2026-07-01,288259.1248343296,563633.6083121627,-0.0021508346187619765,-0.0021508346187620875,7483.22998046875,1
4972,2026-07-02,288259.5198217948,563634.3806318955,1.3702513856905796e-06,1.3702513856905796e-06,7483.240234375,1
4973,2026-07-06,290346.9533398558,567715.9433112128,0.007241507650298962,0.00724150765029874,7537.43017578125,1
4974,2026-07-07,289053.4258179909,565186.7065176895,-0.0044551096782159405,-0.0044551096782159405,7503.85009765625,1
4975,2026-07-08,288239.0933271641,563594.4406685708,-0.002817238676629752,-0.002817238676629863,7482.7099609375,1
4976,2026-07-09,290586.16527237307,568183.6748522473,0.00814279533742801,0.008142795337428232,7543.64013671875,1
4977,2026-07-10,291809.19693615695,570575.0709620313,0.004208843399813977,0.004208843399813977,7575.39013671875,1
4978,2026-07-13,289496.01867725054,566052.1091668548,-0.007927023147980106,-0.007927023147980217,7515.33984375,1
4979,2026-07-14,290584.22795290075,568179.8868078436,0.0037589783811964317,0.0037589783811964317,7543.58984375,1
4980,2026-07-15,291694.01106772356,570349.8478170952,0.003819144358387927,0.003819144358387927,7572.39990234375,1
4981,2026-07-16,290205.9616236937,567440.261943734,-0.005101405539945647,-0.005101405539945536,7533.77001953125,1
4982,2026-07-17,287275.305103063,561709.9437434134,-0.010098540030789693,-0.010098540030789693,7457.68994140625,1
4983,2026-07-20,286720.216051919,560624.5770789211,-0.0019322546744658942,-0.0019322546744661162,7443.27978515625,1
4984,2026-07-21,289259.51523020916,565589.6735325594,0.008856366018608064,0.008856366018608064,7509.2001953125,1
4985,2026-07-22,288865.0544149275,564818.3835594051,-0.0013636917526039793,-0.0013636917526039793,7498.9599609375,1
4986,2026-07-23,285372.763336586,557989.9002533059,-0.012089697334330851,-0.012089697334330851,7408.2998046875,1
4987,2026-07-24,285514.5262187517,558267.0894831201,0.0004967638835191579,0.0004967638835189359,7411.97998046875,1
4988,2026-07-27,285560.7585611111,558357.4876689876,0.0001619264104413265,0.0001619264104413265,7413.18017578125,1
4989,2026-07-28,286161.6661582224,559532.4434224844,0.002104307328987254,0.002104307328987476,7428.77978515625,1
4990,2026-07-29,281823.0862222239,551049.2099231702,-0.01516128975010822,-0.015161289750108109,7316.14990234375,1
4991,2026-07-30,286502.57795857434,560199.0289061494,0.01660435913564795,0.016604359135647728,7437.6298828125,1
4992,2026-07-31,288509.13309089665,564122.4499258938,0.00700361981598796,0.00700361981598796,7489.72021484375,1
4993,2026-08-03,292776.44600281055,572466.3348791332,0.01479091100582064,0.01479091100582064,7600.5,1
4994,2026-08-04,298016.02996486466,582711.3032432201,0.01789619360979544,0.01789619360979544,7736.52001953125,1
4995,2026-08-05,297516.40843919583,581734.3923354908,-0.0016764921193257454,-0.0016764921193257454,7723.5498046875,1
4996,2026-08-06,296992.91838527063,580710.8112496225,-0.0017595333873230423,-0.0017595333873229313,7709.9599609375,1
4997,2026-08-07,298829.59128968796,584302.0612300034,0.006184231308959065,0.006184231308959065,7757.64013671875,1
4998,2026-08-10,298655.0820657616,583960.8430166271,-0.0005839757139619595,-0.0005839757139619595,7753.10986328125,1
4999,2026-08-11,297695.5446591435,582084.6577228798,-0.003212861472107309,-0.003212861472107198,7728.2001953125,1
5000,2026-08-12,298477.50698674796,583613.6301310392,0.0026267182752091056,0.0026267182752088836,7748.5,1
5001,2026-08-13,300422.4252655666,587416.532495337,0.0065161301380911585,0.0065161301380913805,7798.990234375,1
5002,2026-08-14,299912.77858185157,586420.0193772466,-0.0016964335577297485,-0.0016964335577297485,7785.759765625,1
5003,2026-08-17,298344.998096625,583354.5352492505,-0.005227454770816764,-0.005227454770816875,7745.06005859375,1
5004,2026-08-18,296291.83444340486,579339.980501036,-0.006881843725615733,-0.006881843725615511,7691.759765625,1
5005,2026-08-19,296916.6481866264,580561.6799869322,0.002108778138942835,0.002108778138942835,7707.97998046875,1
5006,2026-08-20,294342.702964957,575528.8400595884,-0.008668915122777343,-0.008668915122777343,7641.16015625,1
5007,2026-08-21,295621.9733202196,578030.1997884708,0.004346193543703691,0.004346193543703913,7674.3701171875,1
5008,2026-08-24,294793.3836627905,576410.0568747111,-0.0028028689752759295,-0.0028028689752760405,7652.85986328125,1
5009,2026-08-25,295734.05571571185,578249.3547069348,0.003190953749482084,0.003190953749482306,7677.27978515625,1
5010,2026-08-26,295673.2088371387,578130.3806909537,-0.0002057486359691163,-0.00020574863596933834,7675.7001953125,1
5011,2026-08-27,297803.01886754134,582294.8022444611,0.0072032567265021274,0.0072032567265023495,7730.990234375,1
5012,2026-08-28,297062.2480898829,580846.3717512935,-0.0024874522107780628,-0.002487452210778174,7711.759765625,1
5013,2026-08-31,296075.362503529,578916.7125103326,-0.0033221508040809367,-0.0033221508040808256,7686.14013671875,1
5014,2026-09-01,293969.4398103096,574798.9979120943,-0.007112792754561892,-0.007112792754561781,7631.47021484375,1
5015,2026-09-02,295322.6668662058,577444.9653166605,0.004603291610071336,0.004603291610071336,7666.60009765625,1
5016,2026-09-03,298447.0741429979,583554.1247344837,0.01057963924661287,0.01057963924661287,7747.7099609375,1
5017,2026-09-04,297325.74234704865,581361.5825673302,-0.0037572216084517107,-0.0037572216084515997,7718.60009765625,1
5018,2026-09-08,295589.22697845893,577966.1708049087,-0.0058404474327783396,-0.005840447432778673,7673.52001953125,1
5019,2026-09-09,294157.7924044461,575167.2840932485,-0.004842647983639536,-0.004842647983639425,7636.35986328125,1
5020,2026-09-10,292437.471521931,571803.5374398719,-0.005848292742657635,-0.005848292742657524,7591.7001953125,1
5021,2026-09-11,294952.09338810743,576720.3822987754,0.008598836028398171,0.008598836028398171,7656.97998046875,1
5022,2026-09-14,293526.82814212306,573933.5584857989,-0.004832192338804497,-0.004832192338804386,7619.97998046875,1
5023,2026-09-15,292207.49477252946,571353.8634697328,-0.004494762464965496,-0.004494762464965496,7585.72998046875,1
5024,2026-09-16,290900.8762375311,568799.0297936368,-0.004471543537976408,-0.00447154353797663,7551.81005859375,1
5025,2026-09-17,294211.7175979142,575272.7241253406,0.01138133856179846,0.01138133856179846,7637.759765625,1
5026,2026-09-18,294702.4801190056,576232.3130047771,0.0016680590599795764,0.0016680590599797984,7650.5,1
5027,2026-09-21,299101.5495639659,584833.8217545999,0.014927154475197657,0.014927154475197879,7764.7001953125,1
5028,2026-09-22,299099.23606595525,584829.2981675935,-7.734824557070752e-06,-7.734824557181774e-06,7764.64013671875,1
5029,2026-09-23,296841.52533252403,580414.79212918,-0.007548366766584991,-0.007548366766584991,7706.02978515625,1
5030,2026-09-24,296768.339797894,580271.6923158315,-0.000246547495496241,-0.000246547495496352,7704.1298828125,1
5031,2026-09-25,297983.1612898433,582647.0350612038,0.004093500987257137,0.004093500987257137,7743.41015625,1
